region_id;iso_smaf;gr_age;choice;prob
1;1;1;0;1
1;1;1;1;.3081039
1;1;1;2;.0854571
1;1;1;3;.3111845
1;1;2;0;1
1;1;2;1;.252903
1;1;2;2;.0663226
1;1;2;3;.2556356
1;1;3;0;1
1;1;3;1;.1091817
1;1;3;2;.0250738
1;1;3;3;.1105913
1;2;1;0;1
1;2;1;1;.3081039
1;2;1;2;.0854571
1;2;1;3;.3111845
1;2;2;0;1
1;2;2;1;.252903
1;2;2;2;.0663226
1;2;2;3;.2556356
1;2;3;0;1
1;2;3;1;.1091817
1;2;3;2;.0250738
1;2;3;3;.1105913
1;3;1;0;1
1;3;1;1;.3081039
1;3;1;2;.0854571
1;3;1;3;.3111845
1;3;2;0;1
1;3;2;1;.252903
1;3;2;2;.0663226
1;3;2;3;.2556356
1;3;3;0;1
1;3;3;1;.1091817
1;3;3;2;.0250738
1;3;3;3;.1105913
1;4;1;0;1
1;4;1;1;.3593062
1;4;1;2;.1052893
1;4;1;3;.3626304
1;4;2;0;1
1;4;2;1;.2988946
1;4;2;2;.082113
1;4;2;3;.3019233
1;4;3;0;1
1;4;3;1;.1337148
1;4;3;2;.0313735
1;4;3;3;.1353929
1;5;1;0;1
1;5;1;1;.3107818
1;5;1;2;.0864416
1;5;1;3;.313877
1;5;2;0;1
1;5;2;1;.2552781
1;5;2;2;.0671028
1;5;2;3;.2580275
1;5;3;0;1
1;5;3;1;.1104066
1;5;3;2;.025382
1;5;3;3;.1118299
1;6;1;0;1
1;6;1;1;.3593062
1;6;1;2;.1052893
1;6;1;3;.3626304
1;6;2;0;1
1;6;2;1;.2988946
1;6;2;2;.082113
1;6;2;3;.3019233
1;6;3;0;1
1;6;3;1;.1337148
1;6;3;2;.0313735
1;6;3;3;.1353929
1;7;1;0;1
1;7;1;1;.3107818
1;7;1;2;.0864416
1;7;1;3;.313877
1;7;2;0;1
1;7;2;1;.2552781
1;7;2;2;.0671028
1;7;2;3;.2580275
1;7;3;0;1
1;7;3;1;.1104066
1;7;3;2;.025382
1;7;3;3;.1118299
1;8;1;0;1
1;8;1;1;.3107818
1;8;1;2;.0864416
1;8;1;3;.313877
1;8;2;0;1
1;8;2;1;.2552781
1;8;2;2;.0671028
1;8;2;3;.2580275
1;8;3;0;1
1;8;3;1;.1104066
1;8;3;2;.025382
1;8;3;3;.1118299
1;9;1;0;1
1;9;1;1;.3593062
1;9;1;2;.1052893
1;9;1;3;.3626304
1;9;2;0;1
1;9;2;1;.2988946
1;9;2;2;.082113
1;9;2;3;.3019233
1;9;3;0;1
1;9;3;1;.1337148
1;9;3;2;.0313735
1;9;3;3;.1353929
1;10;1;0;1
1;10;1;1;.3107818
1;10;1;2;.0864416
1;10;1;3;.313877
1;10;2;0;1
1;10;2;1;.2552781
1;10;2;2;.0671028
1;10;2;3;.2580275
1;10;3;0;1
1;10;3;1;.1104066
1;10;3;2;.025382
1;10;3;3;.1118299
1;11;1;0;1
1;11;1;1;.2814772
1;11;1;2;.0759594
1;11;1;3;.284401
1;11;2;0;1
1;11;2;1;.2294647
1;11;2;2;.0588147
1;11;2;3;.2320227
1;11;3;0;1
1;11;3;1;.0973279
1;11;3;2;.0221248
1;11;3;3;.0986013
1;12;1;0;1
1;12;1;1;.2814772
1;12;1;2;.0759594
1;12;1;3;.284401
1;12;2;0;1
1;12;2;1;.2294647
1;12;2;2;.0588147
1;12;2;3;.2320227
1;12;3;0;1
1;12;3;1;.0973279
1;12;3;2;.0221248
1;12;3;3;.0986013
1;13;1;0;1
1;13;1;1;.2814772
1;13;1;2;.0759594
1;13;1;3;.284401
1;13;2;0;1
1;13;2;1;.2294647
1;13;2;2;.0588147
1;13;2;3;.2320227
1;13;3;0;1
1;13;3;1;.0973279
1;13;3;2;.0221248
1;13;3;3;.0986013
1;14;1;0;1
1;14;1;1;.2814772
1;14;1;2;.0759594
1;14;1;3;.284401
1;14;2;0;1
1;14;2;1;.2294647
1;14;2;2;.0588147
1;14;2;3;.2320227
1;14;3;0;1
1;14;3;1;.0973279
1;14;3;2;.0221248
1;14;3;3;.0986013
2;1;1;0;1
2;1;1;1;.6193855
2;1;1;2;.3244646
2;1;1;3;.6402071
2;1;2;0;1
2;1;2;1;.55918
2;1;2;2;.2724089
2;1;2;3;.5810675
2;1;3;0;1
2;1;3;1;.3943823
2;1;3;2;.1612174
2;1;3;3;.4159052
2;2;1;0;1
2;2;1;1;.6193855
2;2;1;2;.3244646
2;2;1;3;.6402071
2;2;2;0;1
2;2;2;1;.55918
2;2;2;2;.2724089
2;2;2;3;.5810675
2;2;3;0;1
2;2;3;1;.3943823
2;2;3;2;.1612174
2;2;3;3;.4159052
2;3;1;0;1
2;3;1;1;.6193855
2;3;1;2;.3244646
2;3;1;3;.6402071
2;3;2;0;1
2;3;2;1;.55918
2;3;2;2;.2724089
2;3;2;3;.5810675
2;3;3;0;1
2;3;3;1;.3943823
2;3;3;2;.1612174
2;3;3;3;.4159052
2;4;1;0;1
2;4;1;1;.6476576
2;4;1;2;.3517146
2;4;1;3;.6677622
2;4;2;0;1
2;4;2;1;.5889564
2;4;2;2;.2972105
2;4;2;3;.6103956
2;4;3;0;1
2;4;3;1;.4238203
2;4;3;2;.1783774
2;4;3;3;.4457673
2;5;1;0;1
2;5;1;1;.5591624
2;5;1;2;.2723947
2;5;1;3;.5810501
2;5;2;0;1
2;5;2;1;.4971644
2;5;2;2;.2258994
2;5;2;3;.5194851
2;5;3;0;1
2;5;3;1;.3366843
2;5;3;2;.1302925
2;5;3;3;.3569141
2;6;1;0;1
2;6;1;1;.6476576
2;6;1;2;.3517146
2;6;1;3;.6677622
2;6;2;0;1
2;6;2;1;.5889564
2;6;2;2;.2972105
2;6;2;3;.6103956
2;6;3;0;1
2;6;3;1;.4238203
2;6;3;2;.1783774
2;6;3;3;.4457673
2;7;1;0;1
2;7;1;1;.5591624
2;7;1;2;.2723947
2;7;1;3;.5810501
2;7;2;0;1
2;7;2;1;.4971644
2;7;2;2;.2258994
2;7;2;3;.5194851
2;7;3;0;1
2;7;3;1;.3366843
2;7;3;2;.1302925
2;7;3;3;.3569141
2;8;1;0;1
2;8;1;1;.5591624
2;8;1;2;.2723947
2;8;1;3;.5810501
2;8;2;0;1
2;8;2;1;.4971644
2;8;2;2;.2258994
2;8;2;3;.5194851
2;8;3;0;1
2;8;3;1;.3366843
2;8;3;2;.1302925
2;8;3;3;.3569141
2;9;1;0;1
2;9;1;1;.6476576
2;9;1;2;.3517146
2;9;1;3;.6677622
2;9;2;0;1
2;9;2;1;.5889564
2;9;2;2;.2972105
2;9;2;3;.6103956
2;9;3;0;1
2;9;3;1;.4238203
2;9;3;2;.1783774
2;9;3;3;.4457673
2;10;1;0;1
2;10;1;1;.5591624
2;10;1;2;.2723947
2;10;1;3;.5810501
2;10;2;0;1
2;10;2;1;.4971644
2;10;2;2;.2258994
2;10;2;3;.5194851
2;10;3;0;1
2;10;3;1;.3366843
2;10;3;2;.1302925
2;10;3;3;.3569141
2;11;1;0;1
2;11;1;1;.4943148
2;11;1;2;.2239123
2;11;1;3;.516639
2;11;2;0;1
2;11;2;1;.4324536
2;11;2;2;.1836042
2;11;2;3;.454495
2;11;3;0;1
2;11;3;1;.2811811
2;11;3;2;.1035043
2;11;3;3;.2995822
2;12;1;0;1
2;12;1;1;.4943148
2;12;1;2;.2239123
2;12;1;3;.516639
2;12;2;0;1
2;12;2;1;.4324536
2;12;2;2;.1836042
2;12;2;3;.454495
2;12;3;0;1
2;12;3;1;.2811811
2;12;3;2;.1035043
2;12;3;3;.2995822
2;13;1;0;1
2;13;1;1;.4943148
2;13;1;2;.2239123
2;13;1;3;.516639
2;13;2;0;1
2;13;2;1;.4324536
2;13;2;2;.1836042
2;13;2;3;.454495
2;13;3;0;1
2;13;3;1;.2811811
2;13;3;2;.1035043
2;13;3;3;.2995822
2;14;1;0;1
2;14;1;1;.4943148
2;14;1;2;.2239123
2;14;1;3;.516639
2;14;2;0;1
2;14;2;1;.4324536
2;14;2;2;.1836042
2;14;2;3;.454495
2;14;3;0;1
2;14;3;1;.2811811
2;14;3;2;.1035043
2;14;3;3;.2995822
3;1;1;0;1
3;1;1;1;.42214
3;1;1;2;.1199781
3;1;1;3;.3914457
3;1;2;0;1
3;1;2;1;.2829912
3;1;2;2;.0686052
3;1;2;3;.257899
3;1;3;0;1
3;1;3;1;.0755983
3;1;3;2;.0150331
3;1;3;3;.0671724
3;2;1;0;1
3;2;1;1;.42214
3;2;1;2;.1199781
3;2;1;3;.3914457
3;2;2;0;1
3;2;2;1;.2829912
3;2;2;2;.0686052
3;2;2;3;.257899
3;2;3;0;1
3;2;3;1;.0755983
3;2;3;2;.0150331
3;2;3;3;.0671724
3;3;1;0;1
3;3;1;1;.42214
3;3;1;2;.1199781
3;3;1;3;.3914457
3;3;2;0;1
3;3;2;1;.2829912
3;3;2;2;.0686052
3;3;2;3;.257899
3;3;3;0;1
3;3;3;1;.0755983
3;3;3;2;.0150331
3;3;3;3;.0671724
3;4;1;0;1
3;4;1;1;.4849727
3;4;1;2;.1494692
3;4;1;3;.4532935
3;4;2;0;1
3;4;2;1;.3371981
3;4;2;2;.0867129
3;4;2;3;.3093734
3;4;3;0;1
3;4;3;1;.0953627
3;4;3;2;.0192938
3;4;3;3;.0849364
3;5;1;0;1
3;5;1;1;.4207667
3;5;1;2;.1193847
3;5;1;3;.3901049
3;5;2;0;1
3;5;2;1;.2818498
3;5;2;2;.0682462
3;5;2;3;.2568226
3;5;3;0;1
3;5;3;1;.0752056
3;5;3;2;.0149499
3;5;3;3;.0668203
3;6;1;0;1
3;6;1;1;.4849727
3;6;1;2;.1494692
3;6;1;3;.4532935
3;6;2;0;1
3;6;2;1;.3371981
3;6;2;2;.0867129
3;6;2;3;.3093734
3;6;3;0;1
3;6;3;1;.0953627
3;6;3;2;.0192938
3;6;3;3;.0849364
3;7;1;0;1
3;7;1;1;.4207667
3;7;1;2;.1193847
3;7;1;3;.3901049
3;7;2;0;1
3;7;2;1;.2818498
3;7;2;2;.0682462
3;7;2;3;.2568226
3;7;3;0;1
3;7;3;1;.0752056
3;7;3;2;.0149499
3;7;3;3;.0668203
3;8;1;0;1
3;8;1;1;.4207667
3;8;1;2;.1193847
3;8;1;3;.3901049
3;8;2;0;1
3;8;2;1;.2818498
3;8;2;2;.0682462
3;8;2;3;.2568226
3;8;3;0;1
3;8;3;1;.0752056
3;8;3;2;.0149499
3;8;3;3;.0668203
3;9;1;0;1
3;9;1;1;.4849727
3;9;1;2;.1494692
3;9;1;3;.4532935
3;9;2;0;1
3;9;2;1;.3371981
3;9;2;2;.0867129
3;9;2;3;.3093734
3;9;3;0;1
3;9;3;1;.0953627
3;9;3;2;.0192938
3;9;3;3;.0849364
3;10;1;0;1
3;10;1;1;.4207667
3;10;1;2;.1193847
3;10;1;3;.3901049
3;10;2;0;1
3;10;2;1;.2818498
3;10;2;2;.0682462
3;10;2;3;.2568226
3;10;3;0;1
3;10;3;1;.0752056
3;10;3;2;.0149499
3;10;3;3;.0668203
3;11;1;0;1
3;11;1;1;.4253749
3;11;1;2;.1213839
3;11;1;3;.394606
3;11;2;0;1
3;11;2;1;.2856869
3;11;2;2;.0694565
3;11;2;3;.2604426
3;11;3;0;1
3;11;3;1;.0765293
3;11;3;2;.0152305
3;11;3;3;.0680073
3;12;1;0;1
3;12;1;1;.4253749
3;12;1;2;.1213839
3;12;1;3;.394606
3;12;2;0;1
3;12;2;1;.2856869
3;12;2;2;.0694565
3;12;2;3;.2604426
3;12;3;0;1
3;12;3;1;.0765293
3;12;3;2;.0152305
3;12;3;3;.0680073
3;13;1;0;1
3;13;1;1;.4253749
3;13;1;2;.1213839
3;13;1;3;.394606
3;13;2;0;1
3;13;2;1;.2856869
3;13;2;2;.0694565
3;13;2;3;.2604426
3;13;3;0;1
3;13;3;1;.0765293
3;13;3;2;.0152305
3;13;3;3;.0680073
3;14;1;0;1
3;14;1;1;.4253749
3;14;1;2;.1213839
3;14;1;3;.394606
3;14;2;0;1
3;14;2;1;.2856869
3;14;2;2;.0694565
3;14;2;3;.2604426
3;14;3;0;1
3;14;3;1;.0765293
3;14;3;2;.0152305
3;14;3;3;.0680073
4;1;1;0;1
4;1;1;1;.3941649
4;1;1;2;.0637187
4;1;1;3;.2771361
4;1;2;0;1
4;1;2;1;.3264644
4;1;2;2;.048254
4;1;2;3;.2221651
4;1;3;0;1
4;1;3;1;.1658601
4;1;3;2;.0203751
4;1;3;3;.104881
4;2;1;0;1
4;2;1;1;.3941649
4;2;1;2;.0637187
4;2;1;3;.2771361
4;2;2;0;1
4;2;2;1;.3264644
4;2;2;2;.048254
4;2;2;3;.2221651
4;2;3;0;1
4;2;3;1;.1658601
4;2;3;2;.0203751
4;2;3;3;.104881
4;3;1;0;1
4;3;1;1;.3941649
4;3;1;2;.0637187
4;3;1;3;.2771361
4;3;2;0;1
4;3;2;1;.3264644
4;3;2;2;.048254
4;3;2;3;.2221651
4;3;3;0;1
4;3;3;1;.1658601
4;3;3;2;.0203751
4;3;3;3;.104881
4;4;1;0;1
4;4;1;1;.3654127
4;4;1;2;.0568105
4;4;1;3;.2533507
4;4;2;0;1
4;4;2;1;.3002036
4;4;2;2;.0429455
4;4;2;3;.2017806
4;4;3;0;1
4;4;3;1;.1496479
4;4;3;2;.0180754
4;4;3;3;.0939579
4;5;1;0;1
4;5;1;1;.3962044
4;5;1;2;.0642297
4;5;1;3;.2788487
4;5;2;0;1
4;5;2;1;.3283435
4;5;2;2;.0486474
4;5;2;3;.2236431
4;5;3;0;1
4;5;3;1;.167044
4;5;3;2;.0205461
4;5;3;3;.1056848
4;6;1;0;1
4;6;1;1;.3654127
4;6;1;2;.0568105
4;6;1;3;.2533507
4;6;2;0;1
4;6;2;1;.3002036
4;6;2;2;.0429455
4;6;2;3;.2017806
4;6;3;0;1
4;6;3;1;.1496479
4;6;3;2;.0180754
4;6;3;3;.0939579
4;7;1;0;1
4;7;1;1;.3962044
4;7;1;2;.0642297
4;7;1;3;.2788487
4;7;2;0;1
4;7;2;1;.3283435
4;7;2;2;.0486474
4;7;2;3;.2236431
4;7;3;0;1
4;7;3;1;.167044
4;7;3;2;.0205461
4;7;3;3;.1056848
4;8;1;0;1
4;8;1;1;.3962044
4;8;1;2;.0642297
4;8;1;3;.2788487
4;8;2;0;1
4;8;2;1;.3283435
4;8;2;2;.0486474
4;8;2;3;.2236431
4;8;3;0;1
4;8;3;1;.167044
4;8;3;2;.0205461
4;8;3;3;.1056848
4;9;1;0;1
4;9;1;1;.3654127
4;9;1;2;.0568105
4;9;1;3;.2533507
4;9;2;0;1
4;9;2;1;.3002036
4;9;2;2;.0429455
4;9;2;3;.2017806
4;9;3;0;1
4;9;3;1;.1496479
4;9;3;2;.0180754
4;9;3;3;.0939579
4;10;1;0;1
4;10;1;1;.3962044
4;10;1;2;.0642297
4;10;1;3;.2788487
4;10;2;0;1
4;10;2;1;.3283435
4;10;2;2;.0486474
4;10;2;3;.2236431
4;10;3;0;1
4;10;3;1;.167044
4;10;3;2;.0205461
4;10;3;3;.1056848
4;11;1;0;1
4;11;1;1;.2899657
4;11;1;2;.0409673
4;11;1;3;.1939689
4;11;2;0;1
4;11;2;1;.2332711
4;11;2;2;.0308426
4;11;2;3;.1520251
4;11;3;0;1
4;11;3;1;.1109604
4;11;3;2;.012887
4;11;3;3;.0685077
4;12;1;0;1
4;12;1;1;.2899657
4;12;1;2;.0409673
4;12;1;3;.1939689
4;12;2;0;1
4;12;2;1;.2332711
4;12;2;2;.0308426
4;12;2;3;.1520251
4;12;3;0;1
4;12;3;1;.1109604
4;12;3;2;.012887
4;12;3;3;.0685077
4;13;1;0;1
4;13;1;1;.2899657
4;13;1;2;.0409673
4;13;1;3;.1939689
4;13;2;0;1
4;13;2;1;.2332711
4;13;2;2;.0308426
4;13;2;3;.1520251
4;13;3;0;1
4;13;3;1;.1109604
4;13;3;2;.012887
4;13;3;3;.0685077
4;14;1;0;1
4;14;1;1;.2899657
4;14;1;2;.0409673
4;14;1;3;.1939689
4;14;2;0;1
4;14;2;1;.2332711
4;14;2;2;.0308426
4;14;2;3;.1520251
4;14;3;0;1
4;14;3;1;.1109604
4;14;3;2;.012887
4;14;3;3;.0685077
5;1;1;0;1
5;1;1;1;.3941649
5;1;1;2;.0637187
5;1;1;3;.2771361
5;1;2;0;1
5;1;2;1;.3264644
5;1;2;2;.048254
5;1;2;3;.2221651
5;1;3;0;1
5;1;3;1;.1658601
5;1;3;2;.0203751
5;1;3;3;.104881
5;2;1;0;1
5;2;1;1;.3941649
5;2;1;2;.0637187
5;2;1;3;.2771361
5;2;2;0;1
5;2;2;1;.3264644
5;2;2;2;.048254
5;2;2;3;.2221651
5;2;3;0;1
5;2;3;1;.1658601
5;2;3;2;.0203751
5;2;3;3;.104881
5;3;1;0;1
5;3;1;1;.3941649
5;3;1;2;.0637187
5;3;1;3;.2771361
5;3;2;0;1
5;3;2;1;.3264644
5;3;2;2;.048254
5;3;2;3;.2221651
5;3;3;0;1
5;3;3;1;.1658601
5;3;3;2;.0203751
5;3;3;3;.104881
5;4;1;0;1
5;4;1;1;.3654127
5;4;1;2;.0568105
5;4;1;3;.2533507
5;4;2;0;1
5;4;2;1;.3002036
5;4;2;2;.0429455
5;4;2;3;.2017806
5;4;3;0;1
5;4;3;1;.1496479
5;4;3;2;.0180754
5;4;3;3;.0939579
5;5;1;0;1
5;5;1;1;.3962044
5;5;1;2;.0642297
5;5;1;3;.2788487
5;5;2;0;1
5;5;2;1;.3283435
5;5;2;2;.0486474
5;5;2;3;.2236431
5;5;3;0;1
5;5;3;1;.167044
5;5;3;2;.0205461
5;5;3;3;.1056848
5;6;1;0;1
5;6;1;1;.3654127
5;6;1;2;.0568105
5;6;1;3;.2533507
5;6;2;0;1
5;6;2;1;.3002036
5;6;2;2;.0429455
5;6;2;3;.2017806
5;6;3;0;1
5;6;3;1;.1496479
5;6;3;2;.0180754
5;6;3;3;.0939579
5;7;1;0;1
5;7;1;1;.3962044
5;7;1;2;.0642297
5;7;1;3;.2788487
5;7;2;0;1
5;7;2;1;.3283435
5;7;2;2;.0486474
5;7;2;3;.2236431
5;7;3;0;1
5;7;3;1;.167044
5;7;3;2;.0205461
5;7;3;3;.1056848
5;8;1;0;1
5;8;1;1;.3962044
5;8;1;2;.0642297
5;8;1;3;.2788487
5;8;2;0;1
5;8;2;1;.3283435
5;8;2;2;.0486474
5;8;2;3;.2236431
5;8;3;0;1
5;8;3;1;.167044
5;8;3;2;.0205461
5;8;3;3;.1056848
5;9;1;0;1
5;9;1;1;.3654127
5;9;1;2;.0568105
5;9;1;3;.2533507
5;9;2;0;1
5;9;2;1;.3002036
5;9;2;2;.0429455
5;9;2;3;.2017806
5;9;3;0;1
5;9;3;1;.1496479
5;9;3;2;.0180754
5;9;3;3;.0939579
5;10;1;0;1
5;10;1;1;.3962044
5;10;1;2;.0642297
5;10;1;3;.2788487
5;10;2;0;1
5;10;2;1;.3283435
5;10;2;2;.0486474
5;10;2;3;.2236431
5;10;3;0;1
5;10;3;1;.167044
5;10;3;2;.0205461
5;10;3;3;.1056848
5;11;1;0;1
5;11;1;1;.2899657
5;11;1;2;.0409673
5;11;1;3;.1939689
5;11;2;0;1
5;11;2;1;.2332711
5;11;2;2;.0308426
5;11;2;3;.1520251
5;11;3;0;1
5;11;3;1;.1109604
5;11;3;2;.012887
5;11;3;3;.0685077
5;12;1;0;1
5;12;1;1;.2899657
5;12;1;2;.0409673
5;12;1;3;.1939689
5;12;2;0;1
5;12;2;1;.2332711
5;12;2;2;.0308426
5;12;2;3;.1520251
5;12;3;0;1
5;12;3;1;.1109604
5;12;3;2;.012887
5;12;3;3;.0685077
5;13;1;0;1
5;13;1;1;.2899657
5;13;1;2;.0409673
5;13;1;3;.1939689
5;13;2;0;1
5;13;2;1;.2332711
5;13;2;2;.0308426
5;13;2;3;.1520251
5;13;3;0;1
5;13;3;1;.1109604
5;13;3;2;.012887
5;13;3;3;.0685077
5;14;1;0;1
5;14;1;1;.2899657
5;14;1;2;.0409673
5;14;1;3;.1939689
5;14;2;0;1
5;14;2;1;.2332711
5;14;2;2;.0308426
5;14;2;3;.1520251
5;14;3;0;1
5;14;3;1;.1109604
5;14;3;2;.012887
5;14;3;3;.0685077
6;1;1;0;1
6;1;1;1;.2513309
6;1;1;2;.0703208
6;1;1;3;.3015568
6;1;2;0;1
6;1;2;1;.1692361
6;1;2;2;.0438854
6;1;2;3;.2076055
6;1;3;0;1
6;1;3;1;.0850585
6;1;3;2;.0205171
6;1;3;3;.1067964
6;2;1;0;1
6;2;1;1;.2513309
6;2;1;2;.0703208
6;2;1;3;.3015568
6;2;2;0;1
6;2;2;1;.1692361
6;2;2;2;.0438854
6;2;2;3;.2076055
6;2;3;0;1
6;2;3;1;.0850585
6;2;3;2;.0205171
6;2;3;3;.1067964
6;3;1;0;1
6;3;1;1;.2513309
6;3;1;2;.0703208
6;3;1;3;.3015568
6;3;2;0;1
6;3;2;1;.1692361
6;3;2;2;.0438854
6;3;2;3;.2076055
6;3;3;0;1
6;3;3;1;.0850585
6;3;3;2;.0205171
6;3;3;3;.1067964
6;4;1;0;1
6;4;1;1;.3166002
6;4;1;2;.0945172
6;4;1;3;.3733647
6;4;2;0;1
6;4;2;1;.2194346
6;4;2;2;.0595686
6;4;2;3;.2655471
6;4;3;0;1
6;4;3;1;.1137058
6;4;3;2;.0280946
6;4;3;3;.1416316
6;5;1;0;1
6;5;1;1;.3292536
6;5;1;2;.0995882
6;5;1;3;.3870021
6;5;2;0;1
6;5;2;1;.2295088
6;5;2;2;.0628948
6;5;2;3;.2769871
6;5;3;0;1
6;5;3;1;.1196702
6;5;3;2;.0297189
6;5;3;3;.1488149
6;6;1;0;1
6;6;1;1;.3166002
6;6;1;2;.0945172
6;6;1;3;.3733647
6;6;2;0;1
6;6;2;1;.2194346
6;6;2;2;.0595686
6;6;2;3;.2655471
6;6;3;0;1
6;6;3;1;.1137058
6;6;3;2;.0280946
6;6;3;3;.1416316
6;7;1;0;1
6;7;1;1;.3292536
6;7;1;2;.0995882
6;7;1;3;.3870021
6;7;2;0;1
6;7;2;1;.2295088
6;7;2;2;.0628948
6;7;2;3;.2769871
6;7;3;0;1
6;7;3;1;.1196702
6;7;3;2;.0297189
6;7;3;3;.1488149
6;8;1;0;1
6;8;1;1;.3292536
6;8;1;2;.0995882
6;8;1;3;.3870021
6;8;2;0;1
6;8;2;1;.2295088
6;8;2;2;.0628948
6;8;2;3;.2769871
6;8;3;0;1
6;8;3;1;.1196702
6;8;3;2;.0297189
6;8;3;3;.1488149
6;9;1;0;1
6;9;1;1;.3166002
6;9;1;2;.0945172
6;9;1;3;.3733647
6;9;2;0;1
6;9;2;1;.2194346
6;9;2;2;.0595686
6;9;2;3;.2655471
6;9;3;0;1
6;9;3;1;.1137058
6;9;3;2;.0280946
6;9;3;3;.1416316
6;10;1;0;1
6;10;1;1;.3292536
6;10;1;2;.0995882
6;10;1;3;.3870021
6;10;2;0;1
6;10;2;1;.2295088
6;10;2;2;.0628948
6;10;2;3;.2769871
6;10;3;0;1
6;10;3;1;.1196702
6;10;3;2;.0297189
6;10;3;3;.1488149
6;11;1;0;1
6;11;1;1;.2125935
6;11;1;2;.0573453
6;11;1;3;.2577431
6;11;2;0;1
6;11;2;1;.1407727
6;11;2;2;.0356009
6;11;2;3;.1740407
6;11;3;0;1
6;11;3;1;.0695671
6;11;3;2;.0165675
6;11;3;3;.0877256
6;12;1;0;1
6;12;1;1;.2125935
6;12;1;2;.0573453
6;12;1;3;.2577431
6;12;2;0;1
6;12;2;1;.1407727
6;12;2;2;.0356009
6;12;2;3;.1740407
6;12;3;0;1
6;12;3;1;.0695671
6;12;3;2;.0165675
6;12;3;3;.0877256
6;13;1;0;1
6;13;1;1;.2125935
6;13;1;2;.0573453
6;13;1;3;.2577431
6;13;2;0;1
6;13;2;1;.1407727
6;13;2;2;.0356009
6;13;2;3;.1740407
6;13;3;0;1
6;13;3;1;.0695671
6;13;3;2;.0165675
6;13;3;3;.0877256
6;14;1;0;1
6;14;1;1;.2125935
6;14;1;2;.0573453
6;14;1;3;.2577431
6;14;2;0;1
6;14;2;1;.1407727
6;14;2;2;.0356009
6;14;2;3;.1740407
6;14;3;0;1
6;14;3;1;.0695671
6;14;3;2;.0165675
6;14;3;3;.0877256
7;1;1;0;1
7;1;1;1;.3941649
7;1;1;2;.0637187
7;1;1;3;.2771361
7;1;2;0;1
7;1;2;1;.3264644
7;1;2;2;.048254
7;1;2;3;.2221651
7;1;3;0;1
7;1;3;1;.1658601
7;1;3;2;.0203751
7;1;3;3;.104881
7;2;1;0;1
7;2;1;1;.3941649
7;2;1;2;.0637187
7;2;1;3;.2771361
7;2;2;0;1
7;2;2;1;.3264644
7;2;2;2;.048254
7;2;2;3;.2221651
7;2;3;0;1
7;2;3;1;.1658601
7;2;3;2;.0203751
7;2;3;3;.104881
7;3;1;0;1
7;3;1;1;.3941649
7;3;1;2;.0637187
7;3;1;3;.2771361
7;3;2;0;1
7;3;2;1;.3264644
7;3;2;2;.048254
7;3;2;3;.2221651
7;3;3;0;1
7;3;3;1;.1658601
7;3;3;2;.0203751
7;3;3;3;.104881
7;4;1;0;1
7;4;1;1;.3654127
7;4;1;2;.0568105
7;4;1;3;.2533507
7;4;2;0;1
7;4;2;1;.3002036
7;4;2;2;.0429455
7;4;2;3;.2017806
7;4;3;0;1
7;4;3;1;.1496479
7;4;3;2;.0180754
7;4;3;3;.0939579
7;5;1;0;1
7;5;1;1;.3962044
7;5;1;2;.0642297
7;5;1;3;.2788487
7;5;2;0;1
7;5;2;1;.3283435
7;5;2;2;.0486474
7;5;2;3;.2236431
7;5;3;0;1
7;5;3;1;.167044
7;5;3;2;.0205461
7;5;3;3;.1056848
7;6;1;0;1
7;6;1;1;.3654127
7;6;1;2;.0568105
7;6;1;3;.2533507
7;6;2;0;1
7;6;2;1;.3002036
7;6;2;2;.0429455
7;6;2;3;.2017806
7;6;3;0;1
7;6;3;1;.1496479
7;6;3;2;.0180754
7;6;3;3;.0939579
7;7;1;0;1
7;7;1;1;.3962044
7;7;1;2;.0642297
7;7;1;3;.2788487
7;7;2;0;1
7;7;2;1;.3283435
7;7;2;2;.0486474
7;7;2;3;.2236431
7;7;3;0;1
7;7;3;1;.167044
7;7;3;2;.0205461
7;7;3;3;.1056848
7;8;1;0;1
7;8;1;1;.3962044
7;8;1;2;.0642297
7;8;1;3;.2788487
7;8;2;0;1
7;8;2;1;.3283435
7;8;2;2;.0486474
7;8;2;3;.2236431
7;8;3;0;1
7;8;3;1;.167044
7;8;3;2;.0205461
7;8;3;3;.1056848
7;9;1;0;1
7;9;1;1;.3654127
7;9;1;2;.0568105
7;9;1;3;.2533507
7;9;2;0;1
7;9;2;1;.3002036
7;9;2;2;.0429455
7;9;2;3;.2017806
7;9;3;0;1
7;9;3;1;.1496479
7;9;3;2;.0180754
7;9;3;3;.0939579
7;10;1;0;1
7;10;1;1;.3962044
7;10;1;2;.0642297
7;10;1;3;.2788487
7;10;2;0;1
7;10;2;1;.3283435
7;10;2;2;.0486474
7;10;2;3;.2236431
7;10;3;0;1
7;10;3;1;.167044
7;10;3;2;.0205461
7;10;3;3;.1056848
7;11;1;0;1
7;11;1;1;.2899657
7;11;1;2;.0409673
7;11;1;3;.1939689
7;11;2;0;1
7;11;2;1;.2332711
7;11;2;2;.0308426
7;11;2;3;.1520251
7;11;3;0;1
7;11;3;1;.1109604
7;11;3;2;.012887
7;11;3;3;.0685077
7;12;1;0;1
7;12;1;1;.2899657
7;12;1;2;.0409673
7;12;1;3;.1939689
7;12;2;0;1
7;12;2;1;.2332711
7;12;2;2;.0308426
7;12;2;3;.1520251
7;12;3;0;1
7;12;3;1;.1109604
7;12;3;2;.012887
7;12;3;3;.0685077
7;13;1;0;1
7;13;1;1;.2899657
7;13;1;2;.0409673
7;13;1;3;.1939689
7;13;2;0;1
7;13;2;1;.2332711
7;13;2;2;.0308426
7;13;2;3;.1520251
7;13;3;0;1
7;13;3;1;.1109604
7;13;3;2;.012887
7;13;3;3;.0685077
7;14;1;0;1
7;14;1;1;.2899657
7;14;1;2;.0409673
7;14;1;3;.1939689
7;14;2;0;1
7;14;2;1;.2332711
7;14;2;2;.0308426
7;14;2;3;.1520251
7;14;3;0;1
7;14;3;1;.1109604
7;14;3;2;.012887
7;14;3;3;.0685077
8;1;1;0;1
8;1;1;1;.6193855
8;1;1;2;.3244646
8;1;1;3;.6402071
8;1;2;0;1
8;1;2;1;.55918
8;1;2;2;.2724089
8;1;2;3;.5810675
8;1;3;0;1
8;1;3;1;.3943823
8;1;3;2;.1612174
8;1;3;3;.4159052
8;2;1;0;1
8;2;1;1;.6193855
8;2;1;2;.3244646
8;2;1;3;.6402071
8;2;2;0;1
8;2;2;1;.55918
8;2;2;2;.2724089
8;2;2;3;.5810675
8;2;3;0;1
8;2;3;1;.3943823
8;2;3;2;.1612174
8;2;3;3;.4159052
8;3;1;0;1
8;3;1;1;.6193855
8;3;1;2;.3244646
8;3;1;3;.6402071
8;3;2;0;1
8;3;2;1;.55918
8;3;2;2;.2724089
8;3;2;3;.5810675
8;3;3;0;1
8;3;3;1;.3943823
8;3;3;2;.1612174
8;3;3;3;.4159052
8;4;1;0;1
8;4;1;1;.6476576
8;4;1;2;.3517146
8;4;1;3;.6677622
8;4;2;0;1
8;4;2;1;.5889564
8;4;2;2;.2972105
8;4;2;3;.6103956
8;4;3;0;1
8;4;3;1;.4238203
8;4;3;2;.1783774
8;4;3;3;.4457673
8;5;1;0;1
8;5;1;1;.5591624
8;5;1;2;.2723947
8;5;1;3;.5810501
8;5;2;0;1
8;5;2;1;.4971644
8;5;2;2;.2258994
8;5;2;3;.5194851
8;5;3;0;1
8;5;3;1;.3366843
8;5;3;2;.1302925
8;5;3;3;.3569141
8;6;1;0;1
8;6;1;1;.6476576
8;6;1;2;.3517146
8;6;1;3;.6677622
8;6;2;0;1
8;6;2;1;.5889564
8;6;2;2;.2972105
8;6;2;3;.6103956
8;6;3;0;1
8;6;3;1;.4238203
8;6;3;2;.1783774
8;6;3;3;.4457673
8;7;1;0;1
8;7;1;1;.5591624
8;7;1;2;.2723947
8;7;1;3;.5810501
8;7;2;0;1
8;7;2;1;.4971644
8;7;2;2;.2258994
8;7;2;3;.5194851
8;7;3;0;1
8;7;3;1;.3366843
8;7;3;2;.1302925
8;7;3;3;.3569141
8;8;1;0;1
8;8;1;1;.5591624
8;8;1;2;.2723947
8;8;1;3;.5810501
8;8;2;0;1
8;8;2;1;.4971644
8;8;2;2;.2258994
8;8;2;3;.5194851
8;8;3;0;1
8;8;3;1;.3366843
8;8;3;2;.1302925
8;8;3;3;.3569141
8;9;1;0;1
8;9;1;1;.6476576
8;9;1;2;.3517146
8;9;1;3;.6677622
8;9;2;0;1
8;9;2;1;.5889564
8;9;2;2;.2972105
8;9;2;3;.6103956
8;9;3;0;1
8;9;3;1;.4238203
8;9;3;2;.1783774
8;9;3;3;.4457673
8;10;1;0;1
8;10;1;1;.5591624
8;10;1;2;.2723947
8;10;1;3;.5810501
8;10;2;0;1
8;10;2;1;.4971644
8;10;2;2;.2258994
8;10;2;3;.5194851
8;10;3;0;1
8;10;3;1;.3366843
8;10;3;2;.1302925
8;10;3;3;.3569141
8;11;1;0;1
8;11;1;1;.4943148
8;11;1;2;.2239123
8;11;1;3;.516639
8;11;2;0;1
8;11;2;1;.4324536
8;11;2;2;.1836042
8;11;2;3;.454495
8;11;3;0;1
8;11;3;1;.2811811
8;11;3;2;.1035043
8;11;3;3;.2995822
8;12;1;0;1
8;12;1;1;.4943148
8;12;1;2;.2239123
8;12;1;3;.516639
8;12;2;0;1
8;12;2;1;.4324536
8;12;2;2;.1836042
8;12;2;3;.454495
8;12;3;0;1
8;12;3;1;.2811811
8;12;3;2;.1035043
8;12;3;3;.2995822
8;13;1;0;1
8;13;1;1;.4943148
8;13;1;2;.2239123
8;13;1;3;.516639
8;13;2;0;1
8;13;2;1;.4324536
8;13;2;2;.1836042
8;13;2;3;.454495
8;13;3;0;1
8;13;3;1;.2811811
8;13;3;2;.1035043
8;13;3;3;.2995822
8;14;1;0;1
8;14;1;1;.4943148
8;14;1;2;.2239123
8;14;1;3;.516639
8;14;2;0;1
8;14;2;1;.4324536
8;14;2;2;.1836042
8;14;2;3;.454495
8;14;3;0;1
8;14;3;1;.2811811
8;14;3;2;.1035043
8;14;3;3;.2995822
9;1;1;0;1
9;1;1;1;.6193855
9;1;1;2;.3244646
9;1;1;3;.6402071
9;1;2;0;1
9;1;2;1;.55918
9;1;2;2;.2724089
9;1;2;3;.5810675
9;1;3;0;1
9;1;3;1;.3943823
9;1;3;2;.1612174
9;1;3;3;.4159052
9;2;1;0;1
9;2;1;1;.6193855
9;2;1;2;.3244646
9;2;1;3;.6402071
9;2;2;0;1
9;2;2;1;.55918
9;2;2;2;.2724089
9;2;2;3;.5810675
9;2;3;0;1
9;2;3;1;.3943823
9;2;3;2;.1612174
9;2;3;3;.4159052
9;3;1;0;1
9;3;1;1;.6193855
9;3;1;2;.3244646
9;3;1;3;.6402071
9;3;2;0;1
9;3;2;1;.55918
9;3;2;2;.2724089
9;3;2;3;.5810675
9;3;3;0;1
9;3;3;1;.3943823
9;3;3;2;.1612174
9;3;3;3;.4159052
9;4;1;0;1
9;4;1;1;.6476576
9;4;1;2;.3517146
9;4;1;3;.6677622
9;4;2;0;1
9;4;2;1;.5889564
9;4;2;2;.2972105
9;4;2;3;.6103956
9;4;3;0;1
9;4;3;1;.4238203
9;4;3;2;.1783774
9;4;3;3;.4457673
9;5;1;0;1
9;5;1;1;.5591624
9;5;1;2;.2723947
9;5;1;3;.5810501
9;5;2;0;1
9;5;2;1;.4971644
9;5;2;2;.2258994
9;5;2;3;.5194851
9;5;3;0;1
9;5;3;1;.3366843
9;5;3;2;.1302925
9;5;3;3;.3569141
9;6;1;0;1
9;6;1;1;.6476576
9;6;1;2;.3517146
9;6;1;3;.6677622
9;6;2;0;1
9;6;2;1;.5889564
9;6;2;2;.2972105
9;6;2;3;.6103956
9;6;3;0;1
9;6;3;1;.4238203
9;6;3;2;.1783774
9;6;3;3;.4457673
9;7;1;0;1
9;7;1;1;.5591624
9;7;1;2;.2723947
9;7;1;3;.5810501
9;7;2;0;1
9;7;2;1;.4971644
9;7;2;2;.2258994
9;7;2;3;.5194851
9;7;3;0;1
9;7;3;1;.3366843
9;7;3;2;.1302925
9;7;3;3;.3569141
9;8;1;0;1
9;8;1;1;.5591624
9;8;1;2;.2723947
9;8;1;3;.5810501
9;8;2;0;1
9;8;2;1;.4971644
9;8;2;2;.2258994
9;8;2;3;.5194851
9;8;3;0;1
9;8;3;1;.3366843
9;8;3;2;.1302925
9;8;3;3;.3569141
9;9;1;0;1
9;9;1;1;.6476576
9;9;1;2;.3517146
9;9;1;3;.6677622
9;9;2;0;1
9;9;2;1;.5889564
9;9;2;2;.2972105
9;9;2;3;.6103956
9;9;3;0;1
9;9;3;1;.4238203
9;9;3;2;.1783774
9;9;3;3;.4457673
9;10;1;0;1
9;10;1;1;.5591624
9;10;1;2;.2723947
9;10;1;3;.5810501
9;10;2;0;1
9;10;2;1;.4971644
9;10;2;2;.2258994
9;10;2;3;.5194851
9;10;3;0;1
9;10;3;1;.3366843
9;10;3;2;.1302925
9;10;3;3;.3569141
9;11;1;0;1
9;11;1;1;.4943148
9;11;1;2;.2239123
9;11;1;3;.516639
9;11;2;0;1
9;11;2;1;.4324536
9;11;2;2;.1836042
9;11;2;3;.454495
9;11;3;0;1
9;11;3;1;.2811811
9;11;3;2;.1035043
9;11;3;3;.2995822
9;12;1;0;1
9;12;1;1;.4943148
9;12;1;2;.2239123
9;12;1;3;.516639
9;12;2;0;1
9;12;2;1;.4324536
9;12;2;2;.1836042
9;12;2;3;.454495
9;12;3;0;1
9;12;3;1;.2811811
9;12;3;2;.1035043
9;12;3;3;.2995822
9;13;1;0;1
9;13;1;1;.4943148
9;13;1;2;.2239123
9;13;1;3;.516639
9;13;2;0;1
9;13;2;1;.4324536
9;13;2;2;.1836042
9;13;2;3;.454495
9;13;3;0;1
9;13;3;1;.2811811
9;13;3;2;.1035043
9;13;3;3;.2995822
9;14;1;0;1
9;14;1;1;.4943148
9;14;1;2;.2239123
9;14;1;3;.516639
9;14;2;0;1
9;14;2;1;.4324536
9;14;2;2;.1836042
9;14;2;3;.454495
9;14;3;0;1
9;14;3;1;.2811811
9;14;3;2;.1035043
9;14;3;3;.2995822
10;1;1;0;1
10;1;1;1;.6193855
10;1;1;2;.3244646
10;1;1;3;.6402071
10;1;2;0;1
10;1;2;1;.55918
10;1;2;2;.2724089
10;1;2;3;.5810675
10;1;3;0;1
10;1;3;1;.3943823
10;1;3;2;.1612174
10;1;3;3;.4159052
10;2;1;0;1
10;2;1;1;.6193855
10;2;1;2;.3244646
10;2;1;3;.6402071
10;2;2;0;1
10;2;2;1;.55918
10;2;2;2;.2724089
10;2;2;3;.5810675
10;2;3;0;1
10;2;3;1;.3943823
10;2;3;2;.1612174
10;2;3;3;.4159052
10;3;1;0;1
10;3;1;1;.6193855
10;3;1;2;.3244646
10;3;1;3;.6402071
10;3;2;0;1
10;3;2;1;.55918
10;3;2;2;.2724089
10;3;2;3;.5810675
10;3;3;0;1
10;3;3;1;.3943823
10;3;3;2;.1612174
10;3;3;3;.4159052
10;4;1;0;1
10;4;1;1;.6476576
10;4;1;2;.3517146
10;4;1;3;.6677622
10;4;2;0;1
10;4;2;1;.5889564
10;4;2;2;.2972105
10;4;2;3;.6103956
10;4;3;0;1
10;4;3;1;.4238203
10;4;3;2;.1783774
10;4;3;3;.4457673
10;5;1;0;1
10;5;1;1;.5591624
10;5;1;2;.2723947
10;5;1;3;.5810501
10;5;2;0;1
10;5;2;1;.4971644
10;5;2;2;.2258994
10;5;2;3;.5194851
10;5;3;0;1
10;5;3;1;.3366843
10;5;3;2;.1302925
10;5;3;3;.3569141
10;6;1;0;1
10;6;1;1;.6476576
10;6;1;2;.3517146
10;6;1;3;.6677622
10;6;2;0;1
10;6;2;1;.5889564
10;6;2;2;.2972105
10;6;2;3;.6103956
10;6;3;0;1
10;6;3;1;.4238203
10;6;3;2;.1783774
10;6;3;3;.4457673
10;7;1;0;1
10;7;1;1;.5591624
10;7;1;2;.2723947
10;7;1;3;.5810501
10;7;2;0;1
10;7;2;1;.4971644
10;7;2;2;.2258994
10;7;2;3;.5194851
10;7;3;0;1
10;7;3;1;.3366843
10;7;3;2;.1302925
10;7;3;3;.3569141
10;8;1;0;1
10;8;1;1;.5591624
10;8;1;2;.2723947
10;8;1;3;.5810501
10;8;2;0;1
10;8;2;1;.4971644
10;8;2;2;.2258994
10;8;2;3;.5194851
10;8;3;0;1
10;8;3;1;.3366843
10;8;3;2;.1302925
10;8;3;3;.3569141
10;9;1;0;1
10;9;1;1;.6476576
10;9;1;2;.3517146
10;9;1;3;.6677622
10;9;2;0;1
10;9;2;1;.5889564
10;9;2;2;.2972105
10;9;2;3;.6103956
10;9;3;0;1
10;9;3;1;.4238203
10;9;3;2;.1783774
10;9;3;3;.4457673
10;10;1;0;1
10;10;1;1;.5591624
10;10;1;2;.2723947
10;10;1;3;.5810501
10;10;2;0;1
10;10;2;1;.4971644
10;10;2;2;.2258994
10;10;2;3;.5194851
10;10;3;0;1
10;10;3;1;.3366843
10;10;3;2;.1302925
10;10;3;3;.3569141
10;11;1;0;1
10;11;1;1;.4943148
10;11;1;2;.2239123
10;11;1;3;.516639
10;11;2;0;1
10;11;2;1;.4324536
10;11;2;2;.1836042
10;11;2;3;.454495
10;11;3;0;1
10;11;3;1;.2811811
10;11;3;2;.1035043
10;11;3;3;.2995822
10;12;1;0;1
10;12;1;1;.4943148
10;12;1;2;.2239123
10;12;1;3;.516639
10;12;2;0;1
10;12;2;1;.4324536
10;12;2;2;.1836042
10;12;2;3;.454495
10;12;3;0;1
10;12;3;1;.2811811
10;12;3;2;.1035043
10;12;3;3;.2995822
10;13;1;0;1
10;13;1;1;.4943148
10;13;1;2;.2239123
10;13;1;3;.516639
10;13;2;0;1
10;13;2;1;.4324536
10;13;2;2;.1836042
10;13;2;3;.454495
10;13;3;0;1
10;13;3;1;.2811811
10;13;3;2;.1035043
10;13;3;3;.2995822
10;14;1;0;1
10;14;1;1;.4943148
10;14;1;2;.2239123
10;14;1;3;.516639
10;14;2;0;1
10;14;2;1;.4324536
10;14;2;2;.1836042
10;14;2;3;.454495
10;14;3;0;1
10;14;3;1;.2811811
10;14;3;2;.1035043
10;14;3;3;.2995822
11;1;1;0;1
11;1;1;1;.3081039
11;1;1;2;.0854571
11;1;1;3;.3111845
11;1;2;0;1
11;1;2;1;.252903
11;1;2;2;.0663226
11;1;2;3;.2556356
11;1;3;0;1
11;1;3;1;.1091817
11;1;3;2;.0250738
11;1;3;3;.1105913
11;2;1;0;1
11;2;1;1;.3081039
11;2;1;2;.0854571
11;2;1;3;.3111845
11;2;2;0;1
11;2;2;1;.252903
11;2;2;2;.0663226
11;2;2;3;.2556356
11;2;3;0;1
11;2;3;1;.1091817
11;2;3;2;.0250738
11;2;3;3;.1105913
11;3;1;0;1
11;3;1;1;.3081039
11;3;1;2;.0854571
11;3;1;3;.3111845
11;3;2;0;1
11;3;2;1;.252903
11;3;2;2;.0663226
11;3;2;3;.2556356
11;3;3;0;1
11;3;3;1;.1091817
11;3;3;2;.0250738
11;3;3;3;.1105913
11;4;1;0;1
11;4;1;1;.3593062
11;4;1;2;.1052893
11;4;1;3;.3626304
11;4;2;0;1
11;4;2;1;.2988946
11;4;2;2;.082113
11;4;2;3;.3019233
11;4;3;0;1
11;4;3;1;.1337148
11;4;3;2;.0313735
11;4;3;3;.1353929
11;5;1;0;1
11;5;1;1;.3107818
11;5;1;2;.0864416
11;5;1;3;.313877
11;5;2;0;1
11;5;2;1;.2552781
11;5;2;2;.0671028
11;5;2;3;.2580275
11;5;3;0;1
11;5;3;1;.1104066
11;5;3;2;.025382
11;5;3;3;.1118299
11;6;1;0;1
11;6;1;1;.3593062
11;6;1;2;.1052893
11;6;1;3;.3626304
11;6;2;0;1
11;6;2;1;.2988946
11;6;2;2;.082113
11;6;2;3;.3019233
11;6;3;0;1
11;6;3;1;.1337148
11;6;3;2;.0313735
11;6;3;3;.1353929
11;7;1;0;1
11;7;1;1;.3107818
11;7;1;2;.0864416
11;7;1;3;.313877
11;7;2;0;1
11;7;2;1;.2552781
11;7;2;2;.0671028
11;7;2;3;.2580275
11;7;3;0;1
11;7;3;1;.1104066
11;7;3;2;.025382
11;7;3;3;.1118299
11;8;1;0;1
11;8;1;1;.3107818
11;8;1;2;.0864416
11;8;1;3;.313877
11;8;2;0;1
11;8;2;1;.2552781
11;8;2;2;.0671028
11;8;2;3;.2580275
11;8;3;0;1
11;8;3;1;.1104066
11;8;3;2;.025382
11;8;3;3;.1118299
11;9;1;0;1
11;9;1;1;.3593062
11;9;1;2;.1052893
11;9;1;3;.3626304
11;9;2;0;1
11;9;2;1;.2988946
11;9;2;2;.082113
11;9;2;3;.3019233
11;9;3;0;1
11;9;3;1;.1337148
11;9;3;2;.0313735
11;9;3;3;.1353929
11;10;1;0;1
11;10;1;1;.3107818
11;10;1;2;.0864416
11;10;1;3;.313877
11;10;2;0;1
11;10;2;1;.2552781
11;10;2;2;.0671028
11;10;2;3;.2580275
11;10;3;0;1
11;10;3;1;.1104066
11;10;3;2;.025382
11;10;3;3;.1118299
11;11;1;0;1
11;11;1;1;.2814772
11;11;1;2;.0759594
11;11;1;3;.284401
11;11;2;0;1
11;11;2;1;.2294647
11;11;2;2;.0588147
11;11;2;3;.2320227
11;11;3;0;1
11;11;3;1;.0973279
11;11;3;2;.0221248
11;11;3;3;.0986013
11;12;1;0;1
11;12;1;1;.2814772
11;12;1;2;.0759594
11;12;1;3;.284401
11;12;2;0;1
11;12;2;1;.2294647
11;12;2;2;.0588147
11;12;2;3;.2320227
11;12;3;0;1
11;12;3;1;.0973279
11;12;3;2;.0221248
11;12;3;3;.0986013
11;13;1;0;1
11;13;1;1;.2814772
11;13;1;2;.0759594
11;13;1;3;.284401
11;13;2;0;1
11;13;2;1;.2294647
11;13;2;2;.0588147
11;13;2;3;.2320227
11;13;3;0;1
11;13;3;1;.0973279
11;13;3;2;.0221248
11;13;3;3;.0986013
11;14;1;0;1
11;14;1;1;.2814772
11;14;1;2;.0759594
11;14;1;3;.284401
11;14;2;0;1
11;14;2;1;.2294647
11;14;2;2;.0588147
11;14;2;3;.2320227
11;14;3;0;1
11;14;3;1;.0973279
11;14;3;2;.0221248
11;14;3;3;.0986013
12;1;1;0;1
12;1;1;1;.3081039
12;1;1;2;.0854571
12;1;1;3;.3111845
12;1;2;0;1
12;1;2;1;.252903
12;1;2;2;.0663226
12;1;2;3;.2556356
12;1;3;0;1
12;1;3;1;.1091817
12;1;3;2;.0250738
12;1;3;3;.1105913
12;2;1;0;1
12;2;1;1;.3081039
12;2;1;2;.0854571
12;2;1;3;.3111845
12;2;2;0;1
12;2;2;1;.252903
12;2;2;2;.0663226
12;2;2;3;.2556356
12;2;3;0;1
12;2;3;1;.1091817
12;2;3;2;.0250738
12;2;3;3;.1105913
12;3;1;0;1
12;3;1;1;.3081039
12;3;1;2;.0854571
12;3;1;3;.3111845
12;3;2;0;1
12;3;2;1;.252903
12;3;2;2;.0663226
12;3;2;3;.2556356
12;3;3;0;1
12;3;3;1;.1091817
12;3;3;2;.0250738
12;3;3;3;.1105913
12;4;1;0;1
12;4;1;1;.3593062
12;4;1;2;.1052893
12;4;1;3;.3626304
12;4;2;0;1
12;4;2;1;.2988946
12;4;2;2;.082113
12;4;2;3;.3019233
12;4;3;0;1
12;4;3;1;.1337148
12;4;3;2;.0313735
12;4;3;3;.1353929
12;5;1;0;1
12;5;1;1;.3107818
12;5;1;2;.0864416
12;5;1;3;.313877
12;5;2;0;1
12;5;2;1;.2552781
12;5;2;2;.0671028
12;5;2;3;.2580275
12;5;3;0;1
12;5;3;1;.1104066
12;5;3;2;.025382
12;5;3;3;.1118299
12;6;1;0;1
12;6;1;1;.3593062
12;6;1;2;.1052893
12;6;1;3;.3626304
12;6;2;0;1
12;6;2;1;.2988946
12;6;2;2;.082113
12;6;2;3;.3019233
12;6;3;0;1
12;6;3;1;.1337148
12;6;3;2;.0313735
12;6;3;3;.1353929
12;7;1;0;1
12;7;1;1;.3107818
12;7;1;2;.0864416
12;7;1;3;.313877
12;7;2;0;1
12;7;2;1;.2552781
12;7;2;2;.0671028
12;7;2;3;.2580275
12;7;3;0;1
12;7;3;1;.1104066
12;7;3;2;.025382
12;7;3;3;.1118299
12;8;1;0;1
12;8;1;1;.3107818
12;8;1;2;.0864416
12;8;1;3;.313877
12;8;2;0;1
12;8;2;1;.2552781
12;8;2;2;.0671028
12;8;2;3;.2580275
12;8;3;0;1
12;8;3;1;.1104066
12;8;3;2;.025382
12;8;3;3;.1118299
12;9;1;0;1
12;9;1;1;.3593062
12;9;1;2;.1052893
12;9;1;3;.3626304
12;9;2;0;1
12;9;2;1;.2988946
12;9;2;2;.082113
12;9;2;3;.3019233
12;9;3;0;1
12;9;3;1;.1337148
12;9;3;2;.0313735
12;9;3;3;.1353929
12;10;1;0;1
12;10;1;1;.3107818
12;10;1;2;.0864416
12;10;1;3;.313877
12;10;2;0;1
12;10;2;1;.2552781
12;10;2;2;.0671028
12;10;2;3;.2580275
12;10;3;0;1
12;10;3;1;.1104066
12;10;3;2;.025382
12;10;3;3;.1118299
12;11;1;0;1
12;11;1;1;.2814772
12;11;1;2;.0759594
12;11;1;3;.284401
12;11;2;0;1
12;11;2;1;.2294647
12;11;2;2;.0588147
12;11;2;3;.2320227
12;11;3;0;1
12;11;3;1;.0973279
12;11;3;2;.0221248
12;11;3;3;.0986013
12;12;1;0;1
12;12;1;1;.2814772
12;12;1;2;.0759594
12;12;1;3;.284401
12;12;2;0;1
12;12;2;1;.2294647
12;12;2;2;.0588147
12;12;2;3;.2320227
12;12;3;0;1
12;12;3;1;.0973279
12;12;3;2;.0221248
12;12;3;3;.0986013
12;13;1;0;1
12;13;1;1;.2814772
12;13;1;2;.0759594
12;13;1;3;.284401
12;13;2;0;1
12;13;2;1;.2294647
12;13;2;2;.0588147
12;13;2;3;.2320227
12;13;3;0;1
12;13;3;1;.0973279
12;13;3;2;.0221248
12;13;3;3;.0986013
12;14;1;0;1
12;14;1;1;.2814772
12;14;1;2;.0759594
12;14;1;3;.284401
12;14;2;0;1
12;14;2;1;.2294647
12;14;2;2;.0588147
12;14;2;3;.2320227
12;14;3;0;1
12;14;3;1;.0973279
12;14;3;2;.0221248
12;14;3;3;.0986013
13;1;1;0;1
13;1;1;1;.1790368
13;1;1;2;.0351892
13;1;1;3;.221053
13;1;2;0;1
13;1;2;1;.1191962
13;1;2;2;.0221316
13;1;2;3;.1497304
13;1;3;0;1
13;1;3;1;.0629606
13;1;3;2;.0111124
13;1;3;3;.0804041
13;2;1;0;1
13;2;1;1;.1790368
13;2;1;2;.0351892
13;2;1;3;.221053
13;2;2;0;1
13;2;2;1;.1191962
13;2;2;2;.0221316
13;2;2;3;.1497304
13;2;3;0;1
13;2;3;1;.0629606
13;2;3;2;.0111124
13;2;3;3;.0804041
13;3;1;0;1
13;3;1;1;.1790368
13;3;1;2;.0351892
13;3;1;3;.221053
13;3;2;0;1
13;3;2;1;.1191962
13;3;2;2;.0221316
13;3;2;3;.1497304
13;3;3;0;1
13;3;3;1;.0629606
13;3;3;2;.0111124
13;3;3;3;.0804041
13;4;1;0;1
13;4;1;1;.2121133
13;4;1;2;.043085
13;4;1;3;.2594389
13;4;2;0;1
13;4;2;1;.143145
13;4;2;2;.02718
13;4;2;3;.1785703
13;4;3;0;1
13;4;3;1;.0765931
13;4;3;2;.0136824
13;4;3;3;.0974209
13;5;1;0;1
13;5;1;1;.2554031
13;5;1;2;.0542536
13;5;1;3;.308604
13;5;2;0;1
13;5;2;1;.1754944
13;5;2;2;.0343738
13;5;2;3;.2168989
13;5;3;0;1
13;5;3;1;.0955801
13;5;3;2;.0173675
13;5;3;3;.1208949
13;6;1;0;1
13;6;1;1;.2121133
13;6;1;2;.043085
13;6;1;3;.2594389
13;6;2;0;1
13;6;2;1;.143145
13;6;2;2;.02718
13;6;2;3;.1785703
13;6;3;0;1
13;6;3;1;.0765931
13;6;3;2;.0136824
13;6;3;3;.0974209
13;7;1;0;1
13;7;1;1;.2554031
13;7;1;2;.0542536
13;7;1;3;.308604
13;7;2;0;1
13;7;2;1;.1754944
13;7;2;2;.0343738
13;7;2;3;.2168989
13;7;3;0;1
13;7;3;1;.0955801
13;7;3;2;.0173675
13;7;3;3;.1208949
13;8;1;0;1
13;8;1;1;.2554031
13;8;1;2;.0542536
13;8;1;3;.308604
13;8;2;0;1
13;8;2;1;.1754944
13;8;2;2;.0343738
13;8;2;3;.2168989
13;8;3;0;1
13;8;3;1;.0955801
13;8;3;2;.0173675
13;8;3;3;.1208949
13;9;1;0;1
13;9;1;1;.2121133
13;9;1;2;.043085
13;9;1;3;.2594389
13;9;2;0;1
13;9;2;1;.143145
13;9;2;2;.02718
13;9;2;3;.1785703
13;9;3;0;1
13;9;3;1;.0765931
13;9;3;2;.0136824
13;9;3;3;.0974209
13;10;1;0;1
13;10;1;1;.2554031
13;10;1;2;.0542536
13;10;1;3;.308604
13;10;2;0;1
13;10;2;1;.1754944
13;10;2;2;.0343738
13;10;2;3;.2168989
13;10;3;0;1
13;10;3;1;.0955801
13;10;3;2;.0173675
13;10;3;3;.1208949
13;11;1;0;1
13;11;1;1;.1515269
13;11;1;2;.0290014
13;11;1;3;.1885701
13;11;2;0;1
13;11;2;1;.0997638
13;11;2;2;.0181966
13;11;2;3;.1260323
13;11;3;0;1
13;11;3;1;.0521534
13;11;3;2;.0091183
13;11;3;3;.0668162
13;12;1;0;1
13;12;1;1;.1515269
13;12;1;2;.0290014
13;12;1;3;.1885701
13;12;2;0;1
13;12;2;1;.0997638
13;12;2;2;.0181966
13;12;2;3;.1260323
13;12;3;0;1
13;12;3;1;.0521534
13;12;3;2;.0091183
13;12;3;3;.0668162
13;13;1;0;1
13;13;1;1;.1515269
13;13;1;2;.0290014
13;13;1;3;.1885701
13;13;2;0;1
13;13;2;1;.0997638
13;13;2;2;.0181966
13;13;2;3;.1260323
13;13;3;0;1
13;13;3;1;.0521534
13;13;3;2;.0091183
13;13;3;3;.0668162
13;14;1;0;1
13;14;1;1;.1515269
13;14;1;2;.0290014
13;14;1;3;.1885701
13;14;2;0;1
13;14;2;1;.0997638
13;14;2;2;.0181966
13;14;2;3;.1260323
13;14;3;0;1
13;14;3;1;.0521534
13;14;3;2;.0091183
13;14;3;3;.0668162
14;1;1;0;1
14;1;1;1;.1790368
14;1;1;2;.0351892
14;1;1;3;.221053
14;1;2;0;1
14;1;2;1;.1191962
14;1;2;2;.0221316
14;1;2;3;.1497304
14;1;3;0;1
14;1;3;1;.0629606
14;1;3;2;.0111124
14;1;3;3;.0804041
14;2;1;0;1
14;2;1;1;.1790368
14;2;1;2;.0351892
14;2;1;3;.221053
14;2;2;0;1
14;2;2;1;.1191962
14;2;2;2;.0221316
14;2;2;3;.1497304
14;2;3;0;1
14;2;3;1;.0629606
14;2;3;2;.0111124
14;2;3;3;.0804041
14;3;1;0;1
14;3;1;1;.1790368
14;3;1;2;.0351892
14;3;1;3;.221053
14;3;2;0;1
14;3;2;1;.1191962
14;3;2;2;.0221316
14;3;2;3;.1497304
14;3;3;0;1
14;3;3;1;.0629606
14;3;3;2;.0111124
14;3;3;3;.0804041
14;4;1;0;1
14;4;1;1;.2121133
14;4;1;2;.043085
14;4;1;3;.2594389
14;4;2;0;1
14;4;2;1;.143145
14;4;2;2;.02718
14;4;2;3;.1785703
14;4;3;0;1
14;4;3;1;.0765931
14;4;3;2;.0136824
14;4;3;3;.0974209
14;5;1;0;1
14;5;1;1;.2554031
14;5;1;2;.0542536
14;5;1;3;.308604
14;5;2;0;1
14;5;2;1;.1754944
14;5;2;2;.0343738
14;5;2;3;.2168989
14;5;3;0;1
14;5;3;1;.0955801
14;5;3;2;.0173675
14;5;3;3;.1208949
14;6;1;0;1
14;6;1;1;.2121133
14;6;1;2;.043085
14;6;1;3;.2594389
14;6;2;0;1
14;6;2;1;.143145
14;6;2;2;.02718
14;6;2;3;.1785703
14;6;3;0;1
14;6;3;1;.0765931
14;6;3;2;.0136824
14;6;3;3;.0974209
14;7;1;0;1
14;7;1;1;.2554031
14;7;1;2;.0542536
14;7;1;3;.308604
14;7;2;0;1
14;7;2;1;.1754944
14;7;2;2;.0343738
14;7;2;3;.2168989
14;7;3;0;1
14;7;3;1;.0955801
14;7;3;2;.0173675
14;7;3;3;.1208949
14;8;1;0;1
14;8;1;1;.2554031
14;8;1;2;.0542536
14;8;1;3;.308604
14;8;2;0;1
14;8;2;1;.1754944
14;8;2;2;.0343738
14;8;2;3;.2168989
14;8;3;0;1
14;8;3;1;.0955801
14;8;3;2;.0173675
14;8;3;3;.1208949
14;9;1;0;1
14;9;1;1;.2121133
14;9;1;2;.043085
14;9;1;3;.2594389
14;9;2;0;1
14;9;2;1;.143145
14;9;2;2;.02718
14;9;2;3;.1785703
14;9;3;0;1
14;9;3;1;.0765931
14;9;3;2;.0136824
14;9;3;3;.0974209
14;10;1;0;1
14;10;1;1;.2554031
14;10;1;2;.0542536
14;10;1;3;.308604
14;10;2;0;1
14;10;2;1;.1754944
14;10;2;2;.0343738
14;10;2;3;.2168989
14;10;3;0;1
14;10;3;1;.0955801
14;10;3;2;.0173675
14;10;3;3;.1208949
14;11;1;0;1
14;11;1;1;.1515269
14;11;1;2;.0290014
14;11;1;3;.1885701
14;11;2;0;1
14;11;2;1;.0997638
14;11;2;2;.0181966
14;11;2;3;.1260323
14;11;3;0;1
14;11;3;1;.0521534
14;11;3;2;.0091183
14;11;3;3;.0668162
14;12;1;0;1
14;12;1;1;.1515269
14;12;1;2;.0290014
14;12;1;3;.1885701
14;12;2;0;1
14;12;2;1;.0997638
14;12;2;2;.0181966
14;12;2;3;.1260323
14;12;3;0;1
14;12;3;1;.0521534
14;12;3;2;.0091183
14;12;3;3;.0668162
14;13;1;0;1
14;13;1;1;.1515269
14;13;1;2;.0290014
14;13;1;3;.1885701
14;13;2;0;1
14;13;2;1;.0997638
14;13;2;2;.0181966
14;13;2;3;.1260323
14;13;3;0;1
14;13;3;1;.0521534
14;13;3;2;.0091183
14;13;3;3;.0668162
14;14;1;0;1
14;14;1;1;.1515269
14;14;1;2;.0290014
14;14;1;3;.1885701
14;14;2;0;1
14;14;2;1;.0997638
14;14;2;2;.0181966
14;14;2;3;.1260323
14;14;3;0;1
14;14;3;1;.0521534
14;14;3;2;.0091183
14;14;3;3;.0668162
15;1;1;0;1
15;1;1;1;.1790368
15;1;1;2;.0351892
15;1;1;3;.221053
15;1;2;0;1
15;1;2;1;.1191962
15;1;2;2;.0221316
15;1;2;3;.1497304
15;1;3;0;1
15;1;3;1;.0629606
15;1;3;2;.0111124
15;1;3;3;.0804041
15;2;1;0;1
15;2;1;1;.1790368
15;2;1;2;.0351892
15;2;1;3;.221053
15;2;2;0;1
15;2;2;1;.1191962
15;2;2;2;.0221316
15;2;2;3;.1497304
15;2;3;0;1
15;2;3;1;.0629606
15;2;3;2;.0111124
15;2;3;3;.0804041
15;3;1;0;1
15;3;1;1;.1790368
15;3;1;2;.0351892
15;3;1;3;.221053
15;3;2;0;1
15;3;2;1;.1191962
15;3;2;2;.0221316
15;3;2;3;.1497304
15;3;3;0;1
15;3;3;1;.0629606
15;3;3;2;.0111124
15;3;3;3;.0804041
15;4;1;0;1
15;4;1;1;.2121133
15;4;1;2;.043085
15;4;1;3;.2594389
15;4;2;0;1
15;4;2;1;.143145
15;4;2;2;.02718
15;4;2;3;.1785703
15;4;3;0;1
15;4;3;1;.0765931
15;4;3;2;.0136824
15;4;3;3;.0974209
15;5;1;0;1
15;5;1;1;.2554031
15;5;1;2;.0542536
15;5;1;3;.308604
15;5;2;0;1
15;5;2;1;.1754944
15;5;2;2;.0343738
15;5;2;3;.2168989
15;5;3;0;1
15;5;3;1;.0955801
15;5;3;2;.0173675
15;5;3;3;.1208949
15;6;1;0;1
15;6;1;1;.2121133
15;6;1;2;.043085
15;6;1;3;.2594389
15;6;2;0;1
15;6;2;1;.143145
15;6;2;2;.02718
15;6;2;3;.1785703
15;6;3;0;1
15;6;3;1;.0765931
15;6;3;2;.0136824
15;6;3;3;.0974209
15;7;1;0;1
15;7;1;1;.2554031
15;7;1;2;.0542536
15;7;1;3;.308604
15;7;2;0;1
15;7;2;1;.1754944
15;7;2;2;.0343738
15;7;2;3;.2168989
15;7;3;0;1
15;7;3;1;.0955801
15;7;3;2;.0173675
15;7;3;3;.1208949
15;8;1;0;1
15;8;1;1;.2554031
15;8;1;2;.0542536
15;8;1;3;.308604
15;8;2;0;1
15;8;2;1;.1754944
15;8;2;2;.0343738
15;8;2;3;.2168989
15;8;3;0;1
15;8;3;1;.0955801
15;8;3;2;.0173675
15;8;3;3;.1208949
15;9;1;0;1
15;9;1;1;.2121133
15;9;1;2;.043085
15;9;1;3;.2594389
15;9;2;0;1
15;9;2;1;.143145
15;9;2;2;.02718
15;9;2;3;.1785703
15;9;3;0;1
15;9;3;1;.0765931
15;9;3;2;.0136824
15;9;3;3;.0974209
15;10;1;0;1
15;10;1;1;.2554031
15;10;1;2;.0542536
15;10;1;3;.308604
15;10;2;0;1
15;10;2;1;.1754944
15;10;2;2;.0343738
15;10;2;3;.2168989
15;10;3;0;1
15;10;3;1;.0955801
15;10;3;2;.0173675
15;10;3;3;.1208949
15;11;1;0;1
15;11;1;1;.1515269
15;11;1;2;.0290014
15;11;1;3;.1885701
15;11;2;0;1
15;11;2;1;.0997638
15;11;2;2;.0181966
15;11;2;3;.1260323
15;11;3;0;1
15;11;3;1;.0521534
15;11;3;2;.0091183
15;11;3;3;.0668162
15;12;1;0;1
15;12;1;1;.1515269
15;12;1;2;.0290014
15;12;1;3;.1885701
15;12;2;0;1
15;12;2;1;.0997638
15;12;2;2;.0181966
15;12;2;3;.1260323
15;12;3;0;1
15;12;3;1;.0521534
15;12;3;2;.0091183
15;12;3;3;.0668162
15;13;1;0;1
15;13;1;1;.1515269
15;13;1;2;.0290014
15;13;1;3;.1885701
15;13;2;0;1
15;13;2;1;.0997638
15;13;2;2;.0181966
15;13;2;3;.1260323
15;13;3;0;1
15;13;3;1;.0521534
15;13;3;2;.0091183
15;13;3;3;.0668162
15;14;1;0;1
15;14;1;1;.1515269
15;14;1;2;.0290014
15;14;1;3;.1885701
15;14;2;0;1
15;14;2;1;.0997638
15;14;2;2;.0181966
15;14;2;3;.1260323
15;14;3;0;1
15;14;3;1;.0521534
15;14;3;2;.0091183
15;14;3;3;.0668162
16;1;1;0;1
16;1;1;1;.1790368
16;1;1;2;.0351892
16;1;1;3;.221053
16;1;2;0;1
16;1;2;1;.1191962
16;1;2;2;.0221316
16;1;2;3;.1497304
16;1;3;0;1
16;1;3;1;.0629606
16;1;3;2;.0111124
16;1;3;3;.0804041
16;2;1;0;1
16;2;1;1;.1790368
16;2;1;2;.0351892
16;2;1;3;.221053
16;2;2;0;1
16;2;2;1;.1191962
16;2;2;2;.0221316
16;2;2;3;.1497304
16;2;3;0;1
16;2;3;1;.0629606
16;2;3;2;.0111124
16;2;3;3;.0804041
16;3;1;0;1
16;3;1;1;.1790368
16;3;1;2;.0351892
16;3;1;3;.221053
16;3;2;0;1
16;3;2;1;.1191962
16;3;2;2;.0221316
16;3;2;3;.1497304
16;3;3;0;1
16;3;3;1;.0629606
16;3;3;2;.0111124
16;3;3;3;.0804041
16;4;1;0;1
16;4;1;1;.2121133
16;4;1;2;.043085
16;4;1;3;.2594389
16;4;2;0;1
16;4;2;1;.143145
16;4;2;2;.02718
16;4;2;3;.1785703
16;4;3;0;1
16;4;3;1;.0765931
16;4;3;2;.0136824
16;4;3;3;.0974209
16;5;1;0;1
16;5;1;1;.2554031
16;5;1;2;.0542536
16;5;1;3;.308604
16;5;2;0;1
16;5;2;1;.1754944
16;5;2;2;.0343738
16;5;2;3;.2168989
16;5;3;0;1
16;5;3;1;.0955801
16;5;3;2;.0173675
16;5;3;3;.1208949
16;6;1;0;1
16;6;1;1;.2121133
16;6;1;2;.043085
16;6;1;3;.2594389
16;6;2;0;1
16;6;2;1;.143145
16;6;2;2;.02718
16;6;2;3;.1785703
16;6;3;0;1
16;6;3;1;.0765931
16;6;3;2;.0136824
16;6;3;3;.0974209
16;7;1;0;1
16;7;1;1;.2554031
16;7;1;2;.0542536
16;7;1;3;.308604
16;7;2;0;1
16;7;2;1;.1754944
16;7;2;2;.0343738
16;7;2;3;.2168989
16;7;3;0;1
16;7;3;1;.0955801
16;7;3;2;.0173675
16;7;3;3;.1208949
16;8;1;0;1
16;8;1;1;.2554031
16;8;1;2;.0542536
16;8;1;3;.308604
16;8;2;0;1
16;8;2;1;.1754944
16;8;2;2;.0343738
16;8;2;3;.2168989
16;8;3;0;1
16;8;3;1;.0955801
16;8;3;2;.0173675
16;8;3;3;.1208949
16;9;1;0;1
16;9;1;1;.2121133
16;9;1;2;.043085
16;9;1;3;.2594389
16;9;2;0;1
16;9;2;1;.143145
16;9;2;2;.02718
16;9;2;3;.1785703
16;9;3;0;1
16;9;3;1;.0765931
16;9;3;2;.0136824
16;9;3;3;.0974209
16;10;1;0;1
16;10;1;1;.2554031
16;10;1;2;.0542536
16;10;1;3;.308604
16;10;2;0;1
16;10;2;1;.1754944
16;10;2;2;.0343738
16;10;2;3;.2168989
16;10;3;0;1
16;10;3;1;.0955801
16;10;3;2;.0173675
16;10;3;3;.1208949
16;11;1;0;1
16;11;1;1;.1515269
16;11;1;2;.0290014
16;11;1;3;.1885701
16;11;2;0;1
16;11;2;1;.0997638
16;11;2;2;.0181966
16;11;2;3;.1260323
16;11;3;0;1
16;11;3;1;.0521534
16;11;3;2;.0091183
16;11;3;3;.0668162
16;12;1;0;1
16;12;1;1;.1515269
16;12;1;2;.0290014
16;12;1;3;.1885701
16;12;2;0;1
16;12;2;1;.0997638
16;12;2;2;.0181966
16;12;2;3;.1260323
16;12;3;0;1
16;12;3;1;.0521534
16;12;3;2;.0091183
16;12;3;3;.0668162
16;13;1;0;1
16;13;1;1;.1515269
16;13;1;2;.0290014
16;13;1;3;.1885701
16;13;2;0;1
16;13;2;1;.0997638
16;13;2;2;.0181966
16;13;2;3;.1260323
16;13;3;0;1
16;13;3;1;.0521534
16;13;3;2;.0091183
16;13;3;3;.0668162
16;14;1;0;1
16;14;1;1;.1515269
16;14;1;2;.0290014
16;14;1;3;.1885701
16;14;2;0;1
16;14;2;1;.0997638
16;14;2;2;.0181966
16;14;2;3;.1260323
16;14;3;0;1
16;14;3;1;.0521534
16;14;3;2;.0091183
16;14;3;3;.0668162
17;1;1;0;1
17;1;1;1;.6193855
17;1;1;2;.3244646
17;1;1;3;.6402071
17;1;2;0;1
17;1;2;1;.55918
17;1;2;2;.2724089
17;1;2;3;.5810675
17;1;3;0;1
17;1;3;1;.3943823
17;1;3;2;.1612174
17;1;3;3;.4159052
17;2;1;0;1
17;2;1;1;.6193855
17;2;1;2;.3244646
17;2;1;3;.6402071
17;2;2;0;1
17;2;2;1;.55918
17;2;2;2;.2724089
17;2;2;3;.5810675
17;2;3;0;1
17;2;3;1;.3943823
17;2;3;2;.1612174
17;2;3;3;.4159052
17;3;1;0;1
17;3;1;1;.6193855
17;3;1;2;.3244646
17;3;1;3;.6402071
17;3;2;0;1
17;3;2;1;.55918
17;3;2;2;.2724089
17;3;2;3;.5810675
17;3;3;0;1
17;3;3;1;.3943823
17;3;3;2;.1612174
17;3;3;3;.4159052
17;4;1;0;1
17;4;1;1;.6476576
17;4;1;2;.3517146
17;4;1;3;.6677622
17;4;2;0;1
17;4;2;1;.5889564
17;4;2;2;.2972105
17;4;2;3;.6103956
17;4;3;0;1
17;4;3;1;.4238203
17;4;3;2;.1783774
17;4;3;3;.4457673
17;5;1;0;1
17;5;1;1;.5591624
17;5;1;2;.2723947
17;5;1;3;.5810501
17;5;2;0;1
17;5;2;1;.4971644
17;5;2;2;.2258994
17;5;2;3;.5194851
17;5;3;0;1
17;5;3;1;.3366843
17;5;3;2;.1302925
17;5;3;3;.3569141
17;6;1;0;1
17;6;1;1;.6476576
17;6;1;2;.3517146
17;6;1;3;.6677622
17;6;2;0;1
17;6;2;1;.5889564
17;6;2;2;.2972105
17;6;2;3;.6103956
17;6;3;0;1
17;6;3;1;.4238203
17;6;3;2;.1783774
17;6;3;3;.4457673
17;7;1;0;1
17;7;1;1;.5591624
17;7;1;2;.2723947
17;7;1;3;.5810501
17;7;2;0;1
17;7;2;1;.4971644
17;7;2;2;.2258994
17;7;2;3;.5194851
17;7;3;0;1
17;7;3;1;.3366843
17;7;3;2;.1302925
17;7;3;3;.3569141
17;8;1;0;1
17;8;1;1;.5591624
17;8;1;2;.2723947
17;8;1;3;.5810501
17;8;2;0;1
17;8;2;1;.4971644
17;8;2;2;.2258994
17;8;2;3;.5194851
17;8;3;0;1
17;8;3;1;.3366843
17;8;3;2;.1302925
17;8;3;3;.3569141
17;9;1;0;1
17;9;1;1;.6476576
17;9;1;2;.3517146
17;9;1;3;.6677622
17;9;2;0;1
17;9;2;1;.5889564
17;9;2;2;.2972105
17;9;2;3;.6103956
17;9;3;0;1
17;9;3;1;.4238203
17;9;3;2;.1783774
17;9;3;3;.4457673
17;10;1;0;1
17;10;1;1;.5591624
17;10;1;2;.2723947
17;10;1;3;.5810501
17;10;2;0;1
17;10;2;1;.4971644
17;10;2;2;.2258994
17;10;2;3;.5194851
17;10;3;0;1
17;10;3;1;.3366843
17;10;3;2;.1302925
17;10;3;3;.3569141
17;11;1;0;1
17;11;1;1;.4943148
17;11;1;2;.2239123
17;11;1;3;.516639
17;11;2;0;1
17;11;2;1;.4324536
17;11;2;2;.1836042
17;11;2;3;.454495
17;11;3;0;1
17;11;3;1;.2811811
17;11;3;2;.1035043
17;11;3;3;.2995822
17;12;1;0;1
17;12;1;1;.4943148
17;12;1;2;.2239123
17;12;1;3;.516639
17;12;2;0;1
17;12;2;1;.4324536
17;12;2;2;.1836042
17;12;2;3;.454495
17;12;3;0;1
17;12;3;1;.2811811
17;12;3;2;.1035043
17;12;3;3;.2995822
17;13;1;0;1
17;13;1;1;.4943148
17;13;1;2;.2239123
17;13;1;3;.516639
17;13;2;0;1
17;13;2;1;.4324536
17;13;2;2;.1836042
17;13;2;3;.454495
17;13;3;0;1
17;13;3;1;.2811811
17;13;3;2;.1035043
17;13;3;3;.2995822
17;14;1;0;1
17;14;1;1;.4943148
17;14;1;2;.2239123
17;14;1;3;.516639
17;14;2;0;1
17;14;2;1;.4324536
17;14;2;2;.1836042
17;14;2;3;.454495
17;14;3;0;1
17;14;3;1;.2811811
17;14;3;2;.1035043
17;14;3;3;.2995822
18;1;1;0;1
18;1;1;1;.6193855
18;1;1;2;.3244646
18;1;1;3;.6402071
18;1;2;0;1
18;1;2;1;.55918
18;1;2;2;.2724089
18;1;2;3;.5810675
18;1;3;0;1
18;1;3;1;.3943823
18;1;3;2;.1612174
18;1;3;3;.4159052
18;2;1;0;1
18;2;1;1;.6193855
18;2;1;2;.3244646
18;2;1;3;.6402071
18;2;2;0;1
18;2;2;1;.55918
18;2;2;2;.2724089
18;2;2;3;.5810675
18;2;3;0;1
18;2;3;1;.3943823
18;2;3;2;.1612174
18;2;3;3;.4159052
18;3;1;0;1
18;3;1;1;.6193855
18;3;1;2;.3244646
18;3;1;3;.6402071
18;3;2;0;1
18;3;2;1;.55918
18;3;2;2;.2724089
18;3;2;3;.5810675
18;3;3;0;1
18;3;3;1;.3943823
18;3;3;2;.1612174
18;3;3;3;.4159052
18;4;1;0;1
18;4;1;1;.6476576
18;4;1;2;.3517146
18;4;1;3;.6677622
18;4;2;0;1
18;4;2;1;.5889564
18;4;2;2;.2972105
18;4;2;3;.6103956
18;4;3;0;1
18;4;3;1;.4238203
18;4;3;2;.1783774
18;4;3;3;.4457673
18;5;1;0;1
18;5;1;1;.5591624
18;5;1;2;.2723947
18;5;1;3;.5810501
18;5;2;0;1
18;5;2;1;.4971644
18;5;2;2;.2258994
18;5;2;3;.5194851
18;5;3;0;1
18;5;3;1;.3366843
18;5;3;2;.1302925
18;5;3;3;.3569141
18;6;1;0;1
18;6;1;1;.6476576
18;6;1;2;.3517146
18;6;1;3;.6677622
18;6;2;0;1
18;6;2;1;.5889564
18;6;2;2;.2972105
18;6;2;3;.6103956
18;6;3;0;1
18;6;3;1;.4238203
18;6;3;2;.1783774
18;6;3;3;.4457673
18;7;1;0;1
18;7;1;1;.5591624
18;7;1;2;.2723947
18;7;1;3;.5810501
18;7;2;0;1
18;7;2;1;.4971644
18;7;2;2;.2258994
18;7;2;3;.5194851
18;7;3;0;1
18;7;3;1;.3366843
18;7;3;2;.1302925
18;7;3;3;.3569141
18;8;1;0;1
18;8;1;1;.5591624
18;8;1;2;.2723947
18;8;1;3;.5810501
18;8;2;0;1
18;8;2;1;.4971644
18;8;2;2;.2258994
18;8;2;3;.5194851
18;8;3;0;1
18;8;3;1;.3366843
18;8;3;2;.1302925
18;8;3;3;.3569141
18;9;1;0;1
18;9;1;1;.6476576
18;9;1;2;.3517146
18;9;1;3;.6677622
18;9;2;0;1
18;9;2;1;.5889564
18;9;2;2;.2972105
18;9;2;3;.6103956
18;9;3;0;1
18;9;3;1;.4238203
18;9;3;2;.1783774
18;9;3;3;.4457673
18;10;1;0;1
18;10;1;1;.5591624
18;10;1;2;.2723947
18;10;1;3;.5810501
18;10;2;0;1
18;10;2;1;.4971644
18;10;2;2;.2258994
18;10;2;3;.5194851
18;10;3;0;1
18;10;3;1;.3366843
18;10;3;2;.1302925
18;10;3;3;.3569141
18;11;1;0;1
18;11;1;1;.4943148
18;11;1;2;.2239123
18;11;1;3;.516639
18;11;2;0;1
18;11;2;1;.4324536
18;11;2;2;.1836042
18;11;2;3;.454495
18;11;3;0;1
18;11;3;1;.2811811
18;11;3;2;.1035043
18;11;3;3;.2995822
18;12;1;0;1
18;12;1;1;.4943148
18;12;1;2;.2239123
18;12;1;3;.516639
18;12;2;0;1
18;12;2;1;.4324536
18;12;2;2;.1836042
18;12;2;3;.454495
18;12;3;0;1
18;12;3;1;.2811811
18;12;3;2;.1035043
18;12;3;3;.2995822
18;13;1;0;1
18;13;1;1;.4943148
18;13;1;2;.2239123
18;13;1;3;.516639
18;13;2;0;1
18;13;2;1;.4324536
18;13;2;2;.1836042
18;13;2;3;.454495
18;13;3;0;1
18;13;3;1;.2811811
18;13;3;2;.1035043
18;13;3;3;.2995822
18;14;1;0;1
18;14;1;1;.4943148
18;14;1;2;.2239123
18;14;1;3;.516639
18;14;2;0;1
18;14;2;1;.4324536
18;14;2;2;.1836042
18;14;2;3;.454495
18;14;3;0;1
18;14;3;1;.2811811
18;14;3;2;.1035043
18;14;3;3;.2995822
