region_id;iso_smaf;gr_age;sans_services;dom;rpa;ri;nsa;chsld
1;1;1;.0006682;.0097772;.0076336;.0018762;0;0
1;1;2;.0028631;.0101841;.0134228;0;0;0
1;1;3;.0019078;.0088121;.0087996;.0196078;0;.037037
1;2;1;.0009473;.0060976;.0053763;0;0;0
1;2;2;.0039635;.0097561;.0056818;0;0;0
1;2;3;.0041106;.0129294;.0108469;.0344828;0;0
1;3;1;.00164;.0206897;.0084034;0;0;0
1;3;2;.003268;.0322581;.0074349;0;0;0
1;3;3;.0037835;.0173116;.0109402;.0081967;0;0
1;4;1;.0028584;.0075202;.015361;0;0;0
1;4;2;.002261;.009189;.0116732;0;0;0
1;4;3;.0058734;.0139682;.0121367;.0314136;0;0
1;5;1;.000632;.0073099;.0051546;.0022359;0;0
1;5;2;.0020562;.0027435;.0066225;.0054054;0;0
1;5;3;.0040664;.0126023;.0067641;.003096;0;.030303
1;6;1;.002103;.0100756;.0068259;.002681;0;.1428571
1;6;2;.012685;.015748;.0119048;0;0;0
1;6;3;.006603;.0182381;.0135196;.0076661;0;.0509091
1;7;1;.0010684;.0075676;.0076336;.0005441;0;0
1;7;2;.0021739;.0192308;.0069444;.0079727;0;.0111111
1;7;3;.0031624;.0080338;.0104167;.0073573;0;.0385675
1;8;1;.0086207;.0205479;.006734;0;0;.009009
1;8;2;.0072464;.04;0;.0054945;0;0
1;8;3;.0065952;.0159255;.0149886;.0177177;0;.030137
1;9;1;.0058285;.0104428;.0075949;.002459;0;.0074946
1;9;2;.007177;.0195272;.0121581;.0058224;0;.0227273
1;9;3;.0162602;.0273521;.0249684;.0240218;0;.032102
1;10;1;.0008172;.004008;.0066225;.000841;0;.0085837
1;10;2;0;.0119048;.0140845;.0047244;0;.0243902
1;10;3;.0076628;.0168006;.020765;.0165289;1;.0372775
1;11;1;.0042827;.0125786;.0142857;.0048193;0;.015625
1;11;2;.0186335;0;.0263158;.0045455;0;.0118577
1;11;3;.0207764;.0350047;.0360934;.0296053;0;.0352872
1;12;1;.0005708;.0025907;0;.0042017;0;.0233918
1;12;2;.0086207;.0263158;0;.0026738;0;.0232558
1;12;3;.0099626;.0265823;.0201794;.0208333;.0714286;.0388947
1;13;1;.003148;.0134771;.0127389;.0031949;0;.0143816
1;13;2;0;.0540541;0;0;0;.0149813
1;13;3;.0302648;.063981;.0414878;.0288288;.0714286;.0429992
1;14;1;.0035492;.0112219;.0117647;.006135;0;.0207469
1;14;2;.0121951;.0298507;0;0;0;.027088
1;14;3;.0393343;.0436508;.0619048;.0487239;0;.0426267
2;1;1;.000729;.0025088;.0084388;.0082192;0;0
2;1;2;.0012923;.0098209;.0049505;0;0;0
2;1;3;.0016124;.0062218;.0082058;.0175439;0;.0116279
2;2;1;.0007346;.00666;.0134228;0;0;0
2;2;2;.0038824;.0091491;.0153061;0;0;0
2;2;3;.0028402;.0115291;.0115503;0;0;0
2;3;1;.0018783;.006006;0;.0025543;0;0
2;3;2;.0030303;.0049751;0;0;0;0
2;3;3;.0014703;.0108192;.0096609;0;0;0
2;4;1;.0019822;.0049457;.007269;.0098522;0;0
2;4;2;.0046468;.0117878;.0054745;.015625;0;0
2;4;3;.0049733;.0132247;.0109661;0;0;.045977
2;5;1;.0002727;.0025278;.0029369;.0025897;0;.0155039
2;5;2;.0023292;.0072072;.0051107;0;0;.0357143
2;5;3;.0028905;.0090133;.0078877;.0034722;0;.0240385
2;6;1;.0033149;.0092105;.0033003;.0017794;0;0
2;6;2;.0074963;.0102041;.0124069;0;0;.0078125
2;6;3;.0104404;.0146779;.0144687;.0133964;0;.0441306
2;7;1;.0005538;.0051433;.002439;.0017162;0;.0088757
2;7;2;.0018051;.0048426;.0050761;.0059583;0;.0176471
2;7;3;.0032325;.0089621;.0087341;.0072222;0;.0399493
2;8;1;0;.0023474;.004;.0108992;0;.1666667
2;8;2;.003876;.0152284;.0076923;0;0;.0128205
2;8;3;.009407;.0150506;.0139673;.0153527;.1111111;.026506
2;9;1;.0046083;.0055793;.0059746;.0041667;0;.0120482
2;9;2;.0138675;.006813;.0165094;.0042373;0;.0262467
2;9;3;.0166316;.019649;.0229025;.0189788;.1052632;.038651
2;10;1;.0018984;.0033113;.0070423;.0044643;0;.0051151
2;10;2;.0063291;.0306122;0;.005988;0;.034375
2;10;3;.0132957;.0236967;.0194954;.0133947;0;.0345117
2;11;1;.0017637;.0042644;.011236;.0052083;0;.0131579
2;11;2;.005848;.0084034;.0416667;.0769231;0;.0338983
2;11;3;.0224551;.0381679;.0334884;.012069;.0769231;.0420095
2;12;1;.000439;.0055556;.0108696;.0051195;0;.0127226
2;12;2;.013986;.0147059;.0169492;.0054054;0;.0217391
2;12;3;.0215419;.0280665;.0189702;.015043;0;.0366981
2;13;1;.003055;.0069638;.0234375;.003937;0;.0142857
2;13;2;0;.0243902;0;.0714286;.5;.0208817
2;13;3;.0253863;.0381679;.0473538;.0289256;1;.0444618
2;14;1;.0016556;.0096419;0;.0049423;0;.0206897
2;14;2;.0606061;0;.25;0;0;.0191083
2;14;3;.0265306;.0526316;.0449438;.1428571;0;.0454821
3;1;1;.0006175;.0040531;.0103093;.0010295;0;0
3;1;2;.001968;.006993;.0042644;0;0;0
3;1;3;.0019829;.0074681;.0072607;.0149254;.0454545;.0057143
3;2;1;.0005297;.0039117;0;0;0;0
3;2;2;.0024027;.0089847;0;.0046083;0;0
3;2;3;.0026002;.0116667;.0066189;.00625;0;0
3;3;1;.0020818;.0045045;.0096774;.0005301;0;0
3;3;2;.0015601;.0152439;.006689;.0013228;0;0
3;3;3;.0032742;.0134671;.0070326;.004779;0;.0057143
3;4;1;.003478;.0045977;.0023041;.0040816;0;.0074074
3;4;2;.0061386;.0099686;.0012453;.0056818;0;0
3;4;3;.0066016;.0126596;.0108234;.0024783;.05;.0105042
3;5;1;.0001765;.0036613;.0017467;.0013218;.3333333;.0030883
3;5;2;.0029608;.0096038;.0009074;.0027298;0;.0066225
3;5;3;.0028898;.0077397;.0069842;.0023734;.030303;.0272045
3;6;1;.0032485;.0102516;.0029369;.002189;.0714286;.004635
3;6;2;.008427;.0121457;.0096712;.0018315;0;.0132013
3;6;3;.0097184;.0153039;.0142311;.0066079;.0761905;.0284043
3;7;1;.0001159;.0041907;.0023202;.0013966;.0869565;.0053879
3;7;2;.0033238;.0106525;.009058;.0028665;0;.0258621
3;7;3;.00535;.0087507;.0091216;.0056022;.0253807;.0196532
3;8;1;.0035305;.0065147;.0039683;.0006188;0;.0072904
3;8;2;.0034072;.0304878;.0062112;.0039683;0;.0137174
3;8;3;.0090468;.0137788;.0125945;.0078668;.0329341;.0239282
3;9;1;.0049597;.0048928;.0042337;.0022222;.030303;.0067461
3;9;2;.0129422;.0159933;.0113422;.0080515;.04;.0119904
3;9;3;.0162947;.0202159;.0213757;.0118061;.0696517;.0290584
3;10;1;.0009477;.0066298;0;.0014616;.0909091;.011259
3;10;2;.0088945;.0232558;.015625;.0043478;0;.0153846
3;10;3;.0129627;.0198476;.0165143;.0111069;.0512129;.0281447
3;11;1;.0048497;.0020964;0;.0010858;0;.0129125
3;11;2;.0187793;.0137931;.0138889;0;0;.0335731
3;11;3;.0184393;.0284779;.0283246;.018711;.0654628;.0348403
3;12;1;.0002835;0;0;.0015558;0;.0121279
3;12;2;.0037879;.0347826;.011236;.0028329;.1666667;.0143369
3;12;3;.0147346;.0185639;.020643;.0118471;.0418719;.0318097
3;13;1;.0040627;.0075949;0;.0023202;.0526316;.0119721
3;13;2;.0206612;.0238095;.030303;.015;.010101;.0181708
3;13;3;.0221116;.0311864;.0373692;.0161031;.0472279;.0399256
3;14;1;.0022427;.0044793;0;.0041026;.0444444;.0136333
3;14;2;.04;0;0;.0179641;0;.023968
3;14;3;.0275883;.0403727;.0223214;.021978;.1042945;.0434524
4;1;1;.0012467;.00601;.0030395;.0018957;0;0
4;1;2;.0024069;.0103764;.0059952;0;0;0
4;1;3;.0015871;.0077484;.0077245;.0192308;0;.023622
4;2;1;.0025438;.0064648;.0036364;0;0;0
4;2;2;.0039761;.010582;.0125523;0;0;0
4;2;3;.0035282;.0123692;.0092018;.0117647;0;0
4;3;1;.0027592;.0152439;.0032967;.0028289;0;0
4;3;2;.0058824;.0133588;.0057389;.0061162;0;0
4;3;3;.0049997;.0135221;.0076824;.0034904;0;.0218978
4;4;1;.0033845;.0082122;.0038314;.0068493;0;0
4;4;2;.0055843;.0123671;.0106667;.0138889;0;0
4;4;3;.0063449;.012745;.0122836;.0246637;0;.0384615
4;5;1;.000565;.0033223;.0031217;.0021089;0;.011236
4;5;2;.0029851;.0023041;.00661;.0032328;0;.0454545
4;5;3;.0039432;.0091191;.007277;.0046988;0;.0329457
4;6;1;.0061437;.0093132;.0104012;.0037771;0;.021978
4;6;2;.0042254;.0166898;.007533;.0090634;0;.0526316
4;6;3;.008181;.0172786;.0144415;.0138228;.0833333;.041507
4;7;1;.0006656;.002442;.003003;.0010422;0;0
4;7;2;.0020801;.0052539;.0058224;.0070489;0;.0240964
4;7;3;.0048577;.010075;.0091624;.009426;0;.0284519
4;8;1;.0047923;.0044053;.0052632;.003009;0;.0273224
4;8;2;.0042735;.0241935;0;.0018657;0;.0169492
4;8;3;.0079303;.0119104;.0134468;.0119081;0;.028435
4;9;1;.0049759;.0059003;.0064034;.0059347;0;.0143617
4;9;2;.0131737;.0159744;.0098888;.0038139;.0454545;.0311987
4;9;3;.017392;.0220505;.0219646;.0181511;.0153846;.0356093
4;10;1;.0021209;.005071;.0054645;.002445;0;.010929
4;10;2;.0049834;.009009;.0119048;.0043103;.5;.0177515
4;10;3;.013735;.0195702;.0178939;.0124702;0;.0319243
4;11;1;.0065041;.0025707;0;.0071942;0;.0274914
4;11;2;0;.0408163;.0163934;.0245399;0;.0215311
4;11;3;.019641;.0285355;.0382545;.0248566;.0740741;.0390419
4;12;1;.0019928;.0056075;0;.0014164;0;.0080775
4;12;2;.0023753;.005814;.0217391;.0068729;0;.0120643
4;12;3;.0131932;.0171149;.0233733;.016876;.0212766;.0341335
4;13;1;.0046113;.0056738;.0093458;.0044944;0;.0119891
4;13;2;.0093168;.0162602;0;.0160772;0;.0260366
4;13;3;.0250951;.0441696;.0392283;.034188;.0131579;.0394789
4;14;1;.0030475;.0052687;.019802;.004014;.0153846;.0192604
4;14;2;.010929;.0434783;.0714286;.010929;0;.0313779
4;14;3;.032805;.0343879;.0439024;.0308555;.0769231;.0370768
5;1;1;.0006569;.0043573;.004008;.0019011;0;0
5;1;2;.0011522;.0111732;.0074627;0;0;0
5;1;3;.0015699;.0084541;.0082909;.0384615;.25;.0068027
5;2;1;.0010726;.0088983;.0045455;0;0;0
5;2;2;.0023543;.0110803;0;0;0;0
5;2;3;.0020274;.0127517;.0100988;0;0;.0153846
5;3;1;.0010331;0;0;.0088106;0;0
5;3;2;.0038412;.0143885;.0081301;0;0;0
5;3;3;.0023644;.0116906;.0098275;0;0;.0227273
5;4;1;.0043427;.0055991;.0023895;0;0;0
5;4;2;.0077473;.0119321;.0057887;0;0;0
5;4;3;.004734;.0130217;.0112966;0;0;.0126183
5;5;1;.0003328;.0044004;.0030426;.0012573;0;.0087336
5;5;2;.0027397;.0048077;.0075;0;0;.0285714
5;5;3;.0025364;.0096792;.007801;.0157068;.2;.0102041
5;6;1;.0036496;.0190476;.0069124;0;.0555556;.0328947
5;6;2;.0078616;.004662;.0081136;.015873;.0714286;.0804598
5;6;3;.0082233;.0148357;.01499;.0121212;.027972;.0429293
5;7;1;.0002767;.0042918;.0012195;.001108;0;.0106383
5;7;2;.0046041;.0068027;.0052265;.0049751;0;.0154639
5;7;3;.0040249;.0092736;.0091988;.0061256;.0344828;.0366599
5;8;1;.0044843;.0058651;.0088235;.0058651;.0333333;.0108696
5;8;2;.0075;.0183486;.012605;.0142857;0;.0174419
5;8;3;.0074709;.0136791;.0132875;.0097561;.0398126;.0283348
5;9;1;.0037594;.0091964;.0090791;.0034924;.025641;.0121951
5;9;2;.0138383;.01571;.0094162;.015544;0;.0161031
5;9;3;.0122234;.0201113;.0186062;.0151899;.0526316;.0374309
5;10;1;.0026413;.0047226;.005;.0030534;0;.0108025
5;10;2;.0179372;0;.0152672;.0066519;.0229885;.0049505
5;10;3;.0130919;.0169541;.0152246;.016269;.0417071;.0403232
5;11;1;.0184332;.0035971;0;.0055556;0;.0203488
5;11;2;.0275229;.0136054;.0444444;0;.031746;.0292398
5;11;3;.0238795;.0299169;.0302537;.0262467;.0423561;.0430502
5;12;1;.0008321;.0060241;.0166667;0;0;.0093708
5;12;2;.0197368;0;0;.0047393;0;.0179487
5;12;3;.0156908;.0190981;.0180255;.0115512;.0369844;.0386458
5;13;1;.0015552;.003881;0;.0076923;.0094787;.0114943
5;13;2;.0441989;.0192308;0;0;0;.020339
5;13;3;.0203704;.0367197;.0332168;.037037;.045584;.0407956
5;14;1;.0005325;.0030143;0;.0019011;.0215517;.0144578
5;14;2;.0277778;.0952381;.0833333;0;.0285714;.0214797
5;14;3;.0233161;.059448;.0465116;.027027;.0366782;.0422081
6;1;1;.0014104;.0074076;.0042194;.0007424;0;0
6;1;2;.0024367;.0076305;.0051813;.0033113;0;0
6;1;3;.0019829;.0073925;.0069281;.0127168;0;.0045872
6;2;1;.001876;.0079384;0;.0011242;0;.0069444
6;2;2;.0032792;.0089006;.0030675;.0049505;0;0
6;2;3;.002906;.0106553;.0091202;.0076923;0;.0081301
6;3;1;.0021204;.0085227;.0036765;.0018199;.01;.0026906
6;3;2;.0035556;.0122605;.0053571;.0013414;0;.0045767
6;3;3;.0037254;.0106077;.0088881;.0104423;0;.0072874
6;4;1;.0035992;.0067953;.0042918;.0036054;.0625;.0101302
6;4;2;.0050733;.0098834;.0081633;.0028944;.1;.010101
6;4;3;.0046423;.0111025;.0112783;.0171657;.03;.0070243
6;5;1;.0008403;.0050822;.0102564;.0010679;.003125;.003544
6;5;2;.0027248;.0078518;.0033278;.0027125;.030303;.0114068
6;5;3;.003597;.0088771;.0085462;.0043598;.014218;.020592
6;6;1;.0048426;.0114763;.0022026;.0029806;.0141243;.0071346
6;6;2;.0048613;.0071942;.0064767;.0063849;.0175439;.0175153
6;6;3;.0068385;.0135232;.0136433;.0093223;.0150376;.0264753
6;7;1;.0009621;.0038486;0;.0012166;0;.0069041
6;7;2;.0054771;.0063748;.005848;.002972;0;.0099693
6;7;3;.0044035;.00739;.0076644;.0071982;.0093023;.0213481
6;8;1;.0038023;.0084801;0;.0025969;.0067873;.0036232
6;8;2;.0044444;.0107271;.0063898;.0036728;.014218;.0087447
6;8;3;.0076258;.0114125;.0125968;.0087648;.0148002;.020489
6;9;1;.0050427;.006494;.0054274;.0021745;.0062735;.0101279
6;9;2;.0096592;.0113473;.0066778;.0046083;.0157895;.0136408
6;9;3;.0103988;.0166063;.0146012;.011904;.0282326;.0248479
6;10;1;.0015556;.0050137;0;.0007179;.003861;.0053601
6;10;2;.0017575;.0115063;0;.0031447;0;.0102992
6;10;3;.0087566;.013296;.0112313;.0083324;.0206795;.0267818
6;11;1;.0044543;.0097009;0;.0017794;.0069444;.0052016
6;11;2;.0119658;.0177112;.025;.0091743;.0140845;.0190007
6;11;3;.0128246;.0226459;.0285433;.018711;.028731;.0290198
6;12;1;.0014684;.0020559;.008;.000861;.0036765;.0078003
6;12;2;.0061881;.0087108;.0138889;.003829;.0116279;.0079696
6;12;3;.0114286;.016505;.0195548;.01242;.0231766;.0287981
6;13;1;.0033985;.0084698;.0062893;.0016186;.014531;.0096222
6;13;2;.0085878;.0176406;0;.0153846;.0241935;.0156724
6;13;3;.0172127;.0270555;.0268256;.0229213;.023826;.0311092
6;14;1;.0043492;.0039534;0;.0022974;.0070588;.0102489
6;14;2;.0076628;.0245399;.037037;.0130719;.0117647;.0170992
6;14;3;.0181354;.0270546;.0264463;.0381773;.0245758;.0327162
7;1;1;.0010304;.0077695;0;.0054201;0;0
7;1;2;.0025117;.0115067;.025641;0;0;0
7;1;3;.0019222;.0096986;.0116911;0;.0769231;.0185185
7;2;1;.0018156;.0102645;.016129;0;0;0
7;2;2;.0080727;.0171969;.0153846;0;0;0
7;2;3;.002766;.0147101;.0078895;.1111111;0;.0322581
7;3;1;.0021019;.0086957;.0079365;.0032206;0;0
7;3;2;.0056338;.0137615;0;0;0;.25
7;3;3;.0053281;.0174419;.0117208;0;0;0
7;4;1;.0042194;.0097324;.0054496;0;0;0
7;4;2;.0069195;.0166599;.0054945;.0086207;0;0
7;4;3;.0051813;.0159753;.0145058;.0363636;0;0
7;5;1;.000625;.005663;.0035587;.0021768;.0322581;.0267857
7;5;2;.0015349;.0121029;.0031546;.0034722;0;0
7;5;3;.0038743;.0119492;.00887;.0187354;0;.0517241
7;6;1;.0080823;.010327;.0071942;.0018349;.0555556;.0140845
7;6;2;.0097245;.0197694;.011976;0;0;.0375
7;6;3;.0096329;.0176991;.012976;.0149168;.0588235;.0204403
7;7;1;.0003678;.0072771;0;.0014472;0;.0206186
7;7;2;.0021668;.0127119;.0060976;.0072239;0;.0096154
7;7;3;.0042313;.0149049;.01001;.0078064;.020202;.0365239
7;8;1;.0027855;0;.025;0;0;.0036765
7;8;2;.0077922;.0238095;.0162602;.0024691;0;0
7;8;3;.007426;.0151683;.0144977;.0111273;.0481928;.027027
7;9;1;.0060976;.0075949;.0084175;.0106789;.0441176;.0186418
7;9;2;.0158625;.0177515;.009375;.0153257;.0322581;.0206897
7;9;3;.0133006;.0221244;.0229469;.0196234;.0900901;.0310974
7;10;1;.000768;.003856;.0175439;.0009116;0;.0155211
7;10;2;.0035842;.0197044;0;.0029674;0;.0183486
7;10;3;.0096603;.02;.0251572;.0100125;.0225989;.0274266
7;11;1;.0042254;0;0;0;0;.0118343
7;11;2;.0088496;.0410959;.027027;0;0;.015015
7;11;3;.0172806;.0316384;.0353881;.0149533;.0761905;.033152
7;12;1;.001443;.0041152;.0151515;.0016502;0;.0078247
7;12;2;0;.028777;.0294118;.0133333;0;.0117057
7;12;3;.0095932;.023019;.0350701;.0229167;.0628571;.0315201
7;13;1;.0055432;.0052632;0;.0117096;0;.0110213
7;13;2;.013986;.0434783;0;.0769231;0;.0233853
7;13;3;.0258675;.0315552;.052521;.040146;.0666667;.0389587
7;14;1;.0034924;.0052265;0;.006812;0;.0171429
7;14;2;.0185185;.0344828;.1428571;0;0;.0254902
7;14;3;.0206009;.0291878;.0521739;.0291262;.0666667;.0354436
8;1;1;.0009076;.005596;.027027;.0062893;0;0
8;1;2;.0018955;.0073389;0;0;0;0
8;1;3;.0021047;.0089547;.0091625;0;0;.0204082
8;2;1;.0023799;.0039788;.0140845;.02;0;0
8;2;2;.0037054;.0170758;.0357143;0;0;0
8;2;3;.0040928;.0137768;.0111924;0;0;0
8;3;1;.0030048;.0097561;.0067114;0;0;0
8;3;2;0;.0224719;.0135135;0;0;0
8;3;3;.0043391;.0161527;.0078616;.0044053;0;0
8;4;1;.0040759;.0081241;.0027624;.025641;0;0
8;4;2;.0080378;.0123142;0;0;0;0
8;4;3;.0062786;.0123646;.0113674;.0228311;0;.0210526
8;5;1;0;.0024287;0;.0023923;0;0
8;5;2;.007362;0;0;0;0;.0294118
8;5;3;.0041054;.0130865;.0079192;.0230947;0;.0171674
8;6;1;.0057034;.0243161;.0153846;.005618;.03125;.030303
8;6;2;.0096852;.0357143;.0181818;0;0;0
8;6;3;.0058579;.016964;.0158866;.0160214;0;.0200893
8;7;1;.0004488;.0029112;0;.0038462;0;.0180995
8;7;2;.0026247;.0096386;0;0;0;.0064103
8;7;3;.0045536;.0104952;.0083378;.0156344;0;.0280083
8;8;1;0;0;0;0;0;.0137931
8;8;2;.0067568;0;0;.0125;0;.0033445
8;8;3;.0112163;.0196232;.016262;.0183352;0;.0288043
8;9;1;.0074779;.0111902;0;.0039841;0;.0123077
8;9;2;.0163934;.0141844;.0357143;0;0;.0327273
8;9;3;.0204259;.020345;.0234267;.020934;0;.03265
8;10;1;.0005984;.0019646;.0394737;0;0;.011976
8;10;2;.0080645;.0113636;0;0;0;.0081967
8;10;3;.0156006;.0206398;.017316;.02;0;.0312705
8;11;1;0;.0117647;0;.0077519;0;.0087719
8;11;2;.0434783;0;0;0;0;.0040323
8;11;3;.0285714;.0220713;.0332871;.0722222;0;.0423358
8;12;1;.0004963;0;0;.0039216;0;.004386
8;12;2;.0232558;.029703;0;.0196078;0;.0200669
8;12;3;.0215463;.0189229;.0287425;.0326531;0;.033068
8;13;1;0;.0039683;0;0;0;.0177384
8;13;2;.0333333;.1428571;0;0;0;.0180412
8;13;3;.026087;.027027;.0375;.0625;0;.0363293
8;14;1;.0006935;.0067568;0;0;0;.0148148
8;14;2;0;.5;.2;0;0;.015873
8;14;3;.0110619;.0282486;.0909091;.125;0;.0524846
9;1;1;.0013095;.0071194;0;0;0;0
9;1;2;.0019881;.0108878;0;0;0;0
9;1;3;.00168;.0072294;.0083222;.06;0;.1111111
9;2;1;.0007151;.0084135;0;0;0;0
9;2;2;.0031949;.002681;0;0;0;0
9;2;3;.0024229;.0143069;.0079365;.025;0;0
9;3;1;.0015198;.0128205;0;.002611;0;0
9;3;2;.0093458;.0149254;0;0;0;0
9;3;3;.0017575;.009311;.0123203;0;0;0
9;4;1;.001402;.006135;0;.0126582;0;0
9;4;2;.0009132;.0131004;.0147059;.025641;0;0
9;4;3;.0053248;.0119755;.010809;.0227273;0;0
9;5;1;.0010743;.0074074;0;.0009166;0;0
9;5;2;0;.004329;.0125;.0069204;0;0
9;5;3;.0043141;.0087895;.014549;.005291;.0434783;0
9;6;1;.0113208;.0047619;0;.0109091;0;0
9;6;2;.0065359;.0060976;.0212766;0;0;.0322581
9;6;3;.0094675;.0145215;.011194;.0150115;.0869565;.0074627
9;7;1;.0013527;0;0;.0027855;0;0
9;7;2;.005988;.0114504;1;0;0;0
9;7;3;.0053166;.0104353;.0056391;.0125;.0515021;.0158014
9;8;1;0;.0134228;0;.010101;0;0
9;8;2;0;.1111111;0;0;0;0
9;8;3;.0070352;.0165441;.0155091;.0127849;.0413793;.0119048
9;9;1;.0027223;.0086436;.0078125;.0066445;.0142857;.0081633
9;9;2;.0105541;.0092937;.0392157;0;0;.0204082
9;9;3;.0088868;.0204017;.0226171;.0114596;.03663;.0265226
9;10;1;0;.0070175;.1;.0023474;.0344828;0
9;10;2;0;0;0;0;.0277778;.0277778
9;10;3;.0076775;.0142566;.0179856;.0080071;.0288582;.0204819
9;11;1;.0121951;.0172414;0;0;0;.0255102
9;11;2;0;.0188679;0;0;0;0
9;11;3;.015444;.0199115;.0583942;.0286533;.040293;.0308077
9;12;1;0;.005814;0;0;0;0
9;12;2;0;.025641;0;.0108696;0;0
9;12;3;.0090703;.0184729;.0258303;.015544;.0262009;.0297787
9;13;1;0;.003268;.0625;0;0;.0027624
9;13;2;.3333333;.0422535;0;0;0;.009009
9;13;3;.0258621;.0364963;.0212766;.0566038;.0359043;.0370575
9;14;1;0;0;0;0;.02;.0108303
9;14;2;.0408163;.0714286;0;0;.0517241;.03125
9;14;3;.0136986;.0506329;.0666667;.0238095;.0225499;.0336096
10;1;1;.0023935;.0031185;0;0;0;0
10;1;2;.0025189;.0040323;0;0;0;0
10;1;3;.0060759;.0027911;.0035587;1;0;0
10;2;1;0;.0107527;0;0;0;0
10;2;2;.0108696;.0306122;0;0;0;0
10;2;3;.0046512;.010989;.0162602;0;0;0
10;3;1;0;.1052632;0;0;0;0
10;3;2;0;0;0;0;0;0
10;3;3;0;0;.0080645;0;0;0
10;4;1;.0033003;.0191388;0;0;0;0
10;4;2;0;0;0;0;0;0
10;4;3;.0086207;.0152027;.0117994;.05;0;0
10;5;1;0;0;0;.0147059;0;0
10;5;2;.0416667;0;0;0;0;0
10;5;3;.0045249;.0137363;.0055556;.012987;0;0
10;6;1;0;0;0;.0227273;0;0
10;6;2;0;0;0;0;0;0
10;6;3;.0117647;.015873;.0330578;.0217391;0;.0384615
10;7;1;0;0;0;.0149254;0;0
10;7;2;0;0;0;0;0;0
10;7;3;0;.0306122;.0134228;.0045249;0;.0051546
10;8;1;0;0;0;0;0;0
10;8;2;0;0;0;0;0;.1111111
10;8;3;.0092593;0;0;.0101523;0;.04375
10;9;1;.04;0;0;0;0;.0063291
10;9;2;0;0;0;0;0;0
10;9;3;.0294118;.0344828;0;.0294118;0;.05
10;10;1;0;0;0;0;0;0
10;10;2;0;0;0;0;0;1
10;10;3;.0147059;0;0;.0144928;0;.04811
10;11;1;0;0;0;0;0;0
10;11;2;0;0;0;0;0;.1
10;11;3;0;.0212766;0;.037037;0;.1285714
10;12;1;0;0;0;0;0;0
10;12;2;0;0;0;0;0;.1428571
10;12;3;0;0;0;.0064103;0;.0384615
10;13;1;0;0;0;0;0;0
10;13;2;0;0;0;0;0;.037037
10;13;3;0;.1111111;0;.0434783;0;.0266667
10;14;1;0;0;0;0;0;.0217391
10;14;2;0;0;0;0;0;0
10;14;3;0;.1333333;0;.25;0;.0704225
11;1;1;.0014896;.0119233;0;.0063694;0;0
11;1;2;.0010055;.0134771;.0243902;0;0;0
11;1;3;.0019422;.0096192;.0086342;0;0;0
11;2;1;.0032103;.0165394;0;0;0;0
11;2;2;.0033223;.012685;0;0;0;0
11;2;3;.0033762;.0136437;.0086207;0;0;0
11;3;1;.0017575;0;.0425532;0;0;0
11;3;2;0;.0138889;.0131579;0;0;0
11;3;3;.003994;.0148699;.0066189;0;0;0
11;4;1;.0039761;.0123217;.005988;0;0;0
11;4;2;.0060827;.0197095;0;0;0;0
11;4;3;.005131;.0125985;.013341;0;0;.04
11;5;1;.0005472;.007362;0;.0017007;0;.125
11;5;2;.0046296;.0174419;0;0;0;.1111111
11;5;3;.0036242;.013482;.0078568;.0166667;.0909091;.0454545
11;6;1;.0020921;.0101781;.0064935;.0060606;0;.0526316
11;6;2;0;.0128755;.005291;0;0;1
11;6;3;.01012;.0157887;.0108803;.0202899;.1;.0408163
11;7;1;.0007496;0;0;.0031646;0;.05
11;7;2;.0109649;.0036101;0;0;0;.0909091
11;7;3;.0039973;.0100771;.0137059;.009922;.0212766;.0534125
11;8;1;.0107527;.006135;.0104167;0;.0833333;0
11;8;2;.0063291;.0139535;0;.011236;0;1
11;8;3;.0088545;.0184375;.0161045;.0112676;.037037;.0641711
11;9;1;.0105691;.0108794;.0163934;.0050891;.009434;.021645
11;9;2;.0259366;.0211817;.0088106;.01;0;.030303
11;9;3;.0107854;.0216529;.0172823;.022293;.0213675;.027408
11;10;1;.001171;.0041754;0;.0029851;.0153846;.0326087
11;10;2;0;.012987;0;0;.0416667;.0310078
11;10;3;.0148402;.0193299;.0195865;.0104754;.0230216;.0268107
11;11;1;.0036232;.0167131;0;0;0;.0253165
11;11;2;.0340909;.0235294;0;0;0;.0140845
11;11;3;.008872;.0331858;.0345423;.0240481;.0527344;.036855
11;12;1;0;.0022124;0;.009901;0;.0067114
11;12;2;.0117647;0;.0666667;.0152672;0;0
11;12;3;.0114811;.0221745;.0206659;.023569;.0358566;.0300154
11;13;1;.0145631;.0116822;0;.0057143;.0104167;.014862
11;13;2;.015625;.0253165;0;0;0;.0316742
11;13;3;.0498339;.0327198;.0059172;.0336134;.0460048;.0334058
11;14;1;.0041152;.0135135;0;.0119048;0;.0159236
11;14;2;.0526316;.025;.2;.0169492;.0384615;.032967
11;14;3;.0108696;.0410959;.0253165;.0496894;.055794;.0337041
12;1;1;.000362;.0061385;.0041152;0;0;0
12;1;2;.0032907;.0106432;0;0;0;0
12;1;3;.001978;.0081335;.0078626;0;0;.0212766
12;2;1;.0005916;.0051975;0;0;0;0
12;2;2;.0042694;.0087719;0;0;0;0
12;2;3;.0031129;.0133947;.0071703;0;0;0
12;3;1;.0011689;.0088496;.0104987;.0026455;0;0
12;3;2;.0019685;.0227273;.0065359;.0138889;0;0
12;3;3;.0035471;.0097561;.0095077;.003937;0;0
12;4;1;.0033333;.0092313;.006993;.0040984;0;0
12;4;2;.0052873;.0141538;.0059289;0;0;0
12;4;3;.0051307;.01301;.0118602;.0333333;.5;.0277778
12;5;1;.0005904;.003034;.0044053;.0018498;0;.0210526
12;5;2;.0017283;.0068399;.0099502;.002809;.5;.1176471
12;5;3;.0038866;.0101807;.0082489;.0040323;0;.0607029
12;6;1;.0034453;.0098177;.0035524;.0063559;.0227273;.0526316
12;6;2;.0033784;.0229358;.006772;.0082645;0;.0333333
12;6;3;.0078439;.0144166;.0141042;.0168067;.030303;.030303
12;7;1;.0007348;.0066722;0;.0017007;0;.0064935
12;7;2;.0017281;.0110497;.0055762;.0060449;0;0
12;7;3;.0047006;.0096957;.0086609;.0070685;.025641;.0227175
12;8;1;.0039788;.0057471;.0173913;.0043605;0;.0128205
12;8;2;0;.0042017;0;0;0;.0054054
12;8;3;.0076003;.0118318;.0136326;.0109051;.015674;.0294209
12;9;1;.008853;.0083799;.0080882;.0040816;.017094;.0127551
12;9;2;.0109141;.0214746;.0096154;.0055866;.015625;.0190024
12;9;3;.0148309;.018338;.0210883;.0144265;.0282132;.0394951
12;10;1;.0008751;.0030326;.0160428;.0054778;0;.0142349
12;10;2;.0081466;.0206897;.0074627;.0017391;0;.0151134
12;10;3;.0104782;.0227934;.0167264;.0111475;.0282318;.0313526
12;11;1;.0018315;.0051546;.0061728;0;0;.0120643
12;11;2;.0186916;.0155039;.0119048;.0041667;0;.0120192
12;11;3;.0195838;.0292712;.0313901;.0168841;.0295508;.0382355
12;12;1;.0030581;.0031847;.0128205;.0034572;.0102041;.0129032
12;12;2;.004878;.010989;.015748;.0054496;0;.0235546
12;12;3;.0142737;.0212061;.0200159;.0112888;.0363636;.0336485
12;13;1;.0098522;.0056926;.009434;.002886;0;.0160727
12;13;2;.0242424;.0120482;.0093458;.016129;0;.0149864
12;13;3;.0245499;.0431154;.0403587;.0298246;.0429553;.0372864
12;14;1;.0028037;.0020921;.0206186;.0070217;0;.0170109
12;14;2;.0168539;.04;.2857143;.0769231;.0181818;.0254453
12;14;3;.0244399;.0301724;.0430108;.0348259;.0268199;.0396581
13;1;1;.0007331;.0051924;0;.0007692;0;0
13;1;2;.0013206;.008658;0;0;0;0
13;1;3;.0019018;.0089178;.0139513;.009434;0;0
13;2;1;.0009243;.0114155;0;0;0;0
13;2;2;.0039216;.016092;0;0;0;0
13;2;3;.0020718;.0118249;.0077178;0;0;0
13;3;1;.0006135;.0052632;0;.0011779;0;0
13;3;2;.0017513;0;0;0;0;0
13;3;3;.0049875;.0126642;.0138376;0;0;.0113636
13;4;1;.0018527;.0086377;0;0;0;0
13;4;2;.0047775;.0209945;0;0;0;0
13;4;3;.0047867;.0118738;.0150907;.0163934;0;.0103306
13;5;1;.000153;.0063425;0;.0001804;0;.002849
13;5;2;.0031983;.002849;0;.0018692;0;.015625
13;5;3;.0040262;.0088768;.0124731;.0134771;.1111111;.0556962
13;6;1;.0062837;.0139535;0;.0063463;0;.0076923
13;6;2;.0059172;.0141343;0;0;0;.009009
13;6;3;.0070332;.0153007;.017494;.0156057;0;.0515085
13;7;1;.0000503;.0041736;0;.000658;.0227273;.0068966
13;7;2;.0075758;.0129032;0;.0031471;0;0
13;7;3;.003802;.0089519;.0082518;.0079669;0;.0297398
13;8;1;.0017007;.0080645;0;0;0;.015674
13;8;2;.006993;.0116279;.1;.0019305;0;.0084034
13;8;3;.0069796;.0129902;.0135843;.0085916;.0434783;.0342443
13;9;1;.0065592;.0055831;.0571429;.0032258;0;.0267983
13;9;2;.0092688;.0119177;.0588235;.0028902;0;.0198171
13;9;3;.0097991;.0197273;.0224252;.0125576;.0909091;.0280492
13;10;1;.0008336;.0028169;0;.0021853;0;.0184332
13;10;2;0;0;0;.0057471;0;.0109489
13;10;3;.0073291;.0153512;.0155521;.0077149;0;.0325829
13;11;1;.0032154;.0235294;0;0;0;.0083333
13;11;2;0;.0194175;0;0;0;.0280899
13;11;3;.0156154;.0289773;.0373444;.0157143;.0294118;.0335793
13;12;1;.0001263;.0025773;0;.0012829;0;.0056926
13;12;2;.0070423;0;0;.0063694;0;.0175055
13;12;3;.0159287;.0168067;.0214477;.0090674;0;.0307406
13;13;1;.0029412;.0033613;0;0;.0052356;.0129683
13;13;2;0;.0198676;0;.025;.0769231;.0163043
13;13;3;.023974;.0330827;.0361757;.031339;.0181818;.0361454
13;14;1;.0016964;.0067204;0;.0018293;0;.0171821
13;14;2;0;0;0;0;0;.0097087
13;14;3;.0268734;.036716;.0454545;.020202;.0153846;.0406413
14;1;1;.0018812;.0102353;.0217391;.0010493;0;0
14;1;2;.0037532;.01437;.0116959;.0138889;0;0
14;1;3;.0024528;.0087199;.0089096;.0084746;0;0
14;2;1;.0020031;.0133038;0;.0046948;0;.6666667
14;2;2;.0057389;.0173333;0;0;0;0
14;2;3;.0047899;.0155968;.0100779;0;0;.0196078
14;3;1;.0021268;.02;0;.0008251;1;.005814
14;3;2;.0048426;.0253165;.0084034;0;0;.027027
14;3;3;.00625;.0131092;.0084211;.0061728;0;.0305344
14;4;1;.005542;.0090785;.0085911;.0104439;0;0
14;4;2;.0078588;.0156305;.0195652;.0057471;0;0
14;4;3;.0069275;.0146343;.0113952;.0162602;.1428571;.0176991
14;5;1;.0011513;.0083037;.0047847;.0018683;0;.0043478
14;5;2;.0037155;.009375;.0064103;.0039448;0;.0135135
14;5;3;.0041667;.0112462;.0109649;.0043732;0;.0319489
14;6;1;.0079642;.0107527;.0066667;.0069204;0;.0194805
14;6;2;.007971;.0187135;.0069444;.0051813;0;.016129
14;6;3;.0078663;.0191412;.0154554;.0124302;.0540541;.0461538
14;7;1;.000672;.0029709;.0054054;.0016402;.0357143;.0043384
14;7;2;.0083082;.0068871;0;.0034965;0;.0126984
14;7;3;.0057187;.0115337;.0088999;.008671;0;.0298413
14;8;1;.0036364;.0045045;0;.00409;0;.0134228
14;8;2;.0198676;.0141343;.0128205;.0073171;0;.0169014
14;8;3;.0106616;.0143094;.0164011;.0096523;.036036;.0289369
14;9;1;.0072414;.0089659;.0158014;.0046332;.1428571;.0130719
14;9;2;.0153531;.0215497;.0239234;.0063291;.0625;.0154525
14;9;3;.016853;.0221161;.020754;.0154134;.1851852;.0290752
14;10;1;.0035258;.0046729;0;.0022805;0;.004779
14;10;2;.0119904;.0152284;0;.0103306;0;.0141844
14;10;3;.0141011;.0183631;.0182841;.0099895;.0217391;.027846
14;11;1;.0115473;.0190476;0;0;0;.0100402
14;11;2;.0136986;.0046083;0;.0277778;0;.0159236
14;11;3;.0199244;.0286924;.0285919;.0291391;.0588235;.0371484
14;12;1;.0043451;.0020855;0;.002623;0;.0175182
14;12;2;.0156863;.0055866;0;.0050125;0;.0143416
14;12;3;.0153444;.0246194;.0203134;.0126459;.0240964;.0331678
14;13;1;.0063492;.0112782;.0384615;.0045942;0;.0129151
14;13;2;.0267176;.0269542;.0526316;0;.4;.0161146
14;13;3;.0261357;.0409656;.0273141;.0196721;.0793651;.0392098
14;14;1;.0043584;.0044164;0;.0021119;.037037;.0105485
14;14;2;.0535714;.0315789;0;0;0;.0236407
14;14;3;.0284153;.0321337;.0930233;.0113636;.1071429;.0392681
15;1;1;.0012593;.007965;.0184332;.0034996;.3333333;0
15;1;2;.0021508;.0109056;0;0;0;0
15;1;3;.0022148;.010222;.0072801;.0076336;0;.0058824
15;2;1;.0013363;.0118999;.0277778;.003125;0;0
15;2;2;.002936;.0139398;.0188679;0;0;0
15;2;3;.0035215;.0148056;.0080101;.0196078;0;0
15;3;1;.0026567;.0126783;.0084388;0;0;0
15;3;2;.0037488;.0199115;.0032362;0;0;.0833333
15;3;3;.00558;.0171985;.00837;0;0;.0833333
15;4;1;.0026613;.0096817;.0026247;0;0;.0526316
15;4;2;.0034076;.0154055;.0130208;0;0;0
15;4;3;.0048886;.0149007;.012116;.0273438;0;.0155039
15;5;1;.0001465;.0045924;.0067416;.0012266;0;.0067797
15;5;2;.003245;.0118026;.0080808;.0024155;0;.030303
15;5;3;.0044379;.010863;.0075635;.0083955;.0344828;.0367647
15;6;1;.0074594;.0204082;.0033784;.0043783;.0645161;.0529101
15;6;2;.0088283;.0133333;.0052356;.0107527;.1111111;.0326087
15;6;3;.0083474;.0176955;.0135404;.0138226;.059322;.0432845
15;7;1;.0003408;.0033833;.0023364;.0020643;0;.0056391
15;7;2;.0035971;.0119048;0;.0059682;.0384615;.0176991
15;7;3;.0046074;.0098161;.0086547;.0086768;.0594595;.0334988
15;8;1;.0021575;.0129534;0;.0008621;0;.0162162
15;8;2;.0033557;.0170213;0;.0046512;0;.0379747
15;8;3;.0091078;.0148485;.0132704;.0104655;.0320197;.0271669
15;9;1;.0067182;.0096487;.0025907;.0044194;.0127796;.0141935
15;9;2;.0117702;.0205188;.0182371;.0115108;.0350877;.0172009
15;9;3;.0164066;.023676;.0295931;.0153216;.047486;.0323043
15;10;1;.0012541;.0094787;0;.0010552;0;.0070423
15;10;2;.0107527;.005;0;.0061162;.0526316;.0127932
15;10;3;.0128705;.0183353;.0218978;.0151347;.038674;.0346116
15;11;1;.0028409;.0115207;0;.0037175;0;.0136674
15;11;2;.0193237;0;.1176471;0;0;.0340136
15;11;3;.0244537;.0334096;.0422985;.0217077;.0322245;.0370511
15;12;1;.0007444;.0040096;.0588235;.0018275;0;.011889
15;12;2;.012;.0143885;.0277778;.0036364;.05;.0214286
15;12;3;.0173894;.0228607;.0222894;.0197628;.0366337;.0326995
15;13;1;.0043237;.0096953;0;.0040984;.0239521;.013567
15;13;2;.0167364;.0467836;.03125;.0086207;.0178571;.017094
15;13;3;.0245432;.0315457;.0514706;.0510397;.0555015;.0404396
15;14;1;.0018142;.0029087;.0153846;.0023372;.0136986;.0116137
15;14;2;.0141844;.025641;.0555556;.010929;.1111111;.0243363
15;14;3;.029073;.0531792;.0584192;.0307692;.05375;.0393741
16;1;1;.0006694;.0054752;.0121212;.0009723;.0714286;0
16;1;2;.0019954;.0099193;.0066756;0;0;0
16;1;3;.0020572;.008589;.00736;0;.05;.0064516
16;2;1;.0009584;.0071599;.0060606;.0016722;0;0
16;2;2;.002329;.0123552;0;0;0;0
16;2;3;.0027855;.0122435;.0085211;.0097087;.1818182;.0172414
16;3;1;.001986;.0087859;0;.0010395;0;0
16;3;2;.0019164;.0143885;0;.008;0;.0095238
16;3;3;.0038682;.010728;.0082928;.0197628;0;.0053191
16;4;1;.0026777;.0068937;.0029718;.0025381;0;.0163934
16;4;2;.0055101;.0101786;.0061296;.0074074;0;0
16;4;3;.0054707;.0128863;.0115972;.0127119;.1041667;.0196721
16;5;1;.0003725;.004603;.002765;.0010485;.0144928;.0034965
16;5;2;.0030953;.0109195;.0043636;.0009615;.25;.0035587
16;5;3;.0046813;.00995;.0072163;.0048721;.0125;.0329513
16;6;1;.0062893;.0118402;.0083682;.0031286;.05;.0162866
16;6;2;.0096275;.0154091;.0066756;.0063739;0;.0166976
16;6;3;.0085259;.015815;.014474;.0129994;.0547945;.0376443
16;7;1;.0004768;.0028201;.0013193;.0012759;0;.007617
16;7;2;.0033456;.0078074;.0070225;.0032131;.05;.0217822
16;7;3;.005575;.0096012;.008024;.0061604;.0380952;.0306419
16;8;1;.0007179;.0074184;.0035336;.001933;0;.004882
16;8;2;.0078038;.0068376;0;.0018083;.0526316;.0190311
16;8;3;.0080814;.0146103;.0138673;.0104918;.0597826;.0266438
16;9;1;.0051005;.0073018;.0081633;.0045952;0;.0103093
16;9;2;.0107326;.0130255;.0076103;.0052666;.1;.0242718
16;9;3;.0137329;.01851;.0211808;.0145679;.0474453;.0273084
16;10;1;.0007673;.0017809;0;.0026711;.0526316;.0105328
16;10;2;.0024038;.013947;.007874;.0060322;0;.0091421
16;10;3;.0109836;.0171993;.0166593;.0117714;.0462963;.0320034
16;11;1;.0037961;.011985;0;.003012;0;.0130463
16;11;2;.0119904;.005618;.0217391;.0090634;0;.0159617
16;11;3;.0195984;.0315009;.0318458;.022293;.0787037;.0352338
16;12;1;.0006316;.0031289;0;.0030864;0;.011257
16;12;2;.0169133;.012987;.0666667;.0087125;0;.0189091
16;12;3;.016219;.0190027;.0201005;.011768;.029661;.0342616
16;13;1;.002567;.0056206;.0178571;.0022255;0;.0148075
16;13;2;.0184426;.0224215;0;0;.125;.0185928
16;13;3;.0276491;.0310869;.030343;.0262954;.0580205;.0362397
16;14;1;.0013141;.0051709;.009009;.0034613;0;.0119366
16;14;2;.0094637;.0201005;0;.0163934;0;.0180328
16;14;3;.0289818;.0324446;.0401338;.0399449;.0540541;.0369055
17;1;1;.0023935;.0031185;0;0;0;0
17;1;2;.0025189;.0040323;0;0;0;0
17;1;3;.0060759;.0027911;.0035587;1;0;0
17;2;1;0;.0107527;0;0;0;0
17;2;2;.0108696;.0306122;0;0;0;0
17;2;3;.0046512;.010989;.0162602;0;0;0
17;3;1;0;.1052632;0;0;0;0
17;3;2;0;0;0;0;0;0
17;3;3;0;0;.0080645;0;0;0
17;4;1;.0033003;.0191388;0;0;0;0
17;4;2;0;0;0;0;0;0
17;4;3;.0086207;.0152027;.0117994;.05;0;0
17;5;1;0;0;0;.0147059;0;0
17;5;2;.0416667;0;0;0;0;0
17;5;3;.0045249;.0137363;.0055556;.012987;0;0
17;6;1;0;0;0;.0227273;0;0
17;6;2;0;0;0;0;0;0
17;6;3;.0117647;.015873;.0330578;.0217391;0;.0384615
17;7;1;0;0;0;.0149254;0;0
17;7;2;0;0;0;0;0;0
17;7;3;0;.0306122;.0134228;.0045249;0;.0051546
17;8;1;0;0;0;0;0;0
17;8;2;0;0;0;0;0;.1111111
17;8;3;.0092593;0;0;.0101523;0;.04375
17;9;1;.04;0;0;0;0;.0063291
17;9;2;0;0;0;0;0;0
17;9;3;.0294118;.0344828;0;.0294118;0;.05
17;10;1;0;0;0;0;0;0
17;10;2;0;0;0;0;0;1
17;10;3;.0147059;0;0;.0144928;0;.04811
17;11;1;0;0;0;0;0;0
17;11;2;0;0;0;0;0;.1
17;11;3;0;.0212766;0;.037037;0;.1285714
17;12;1;0;0;0;0;0;0
17;12;2;0;0;0;0;0;.1428571
17;12;3;0;0;0;.0064103;0;.0384615
17;13;1;0;0;0;0;0;0
17;13;2;0;0;0;0;0;.037037
17;13;3;0;.1111111;0;.0434783;0;.0266667
17;14;1;0;0;0;0;0;.0217391
17;14;2;0;0;0;0;0;0
17;14;3;0;.1333333;0;.25;0;.0704225
18;1;1;.0023935;.0031185;0;0;0;0
18;1;2;.0025189;.0040323;0;0;0;0
18;1;3;.0060759;.0027911;.0035587;1;0;0
18;2;1;0;.0107527;0;0;0;0
18;2;2;.0108696;.0306122;0;0;0;0
18;2;3;.0046512;.010989;.0162602;0;0;0
18;3;1;0;.1052632;0;0;0;0
18;3;2;0;0;0;0;0;0
18;3;3;0;0;.0080645;0;0;0
18;4;1;.0033003;.0191388;0;0;0;0
18;4;2;0;0;0;0;0;0
18;4;3;.0086207;.0152027;.0117994;.05;0;0
18;5;1;0;0;0;.0147059;0;0
18;5;2;.0416667;0;0;0;0;0
18;5;3;.0045249;.0137363;.0055556;.012987;0;0
18;6;1;0;0;0;.0227273;0;0
18;6;2;0;0;0;0;0;0
18;6;3;.0117647;.015873;.0330578;.0217391;0;.0384615
18;7;1;0;0;0;.0149254;0;0
18;7;2;0;0;0;0;0;0
18;7;3;0;.0306122;.0134228;.0045249;0;.0051546
18;8;1;0;0;0;0;0;0
18;8;2;0;0;0;0;0;.1111111
18;8;3;.0092593;0;0;.0101523;0;.04375
18;9;1;.04;0;0;0;0;.0063291
18;9;2;0;0;0;0;0;0
18;9;3;.0294118;.0344828;0;.0294118;0;.05
18;10;1;0;0;0;0;0;0
18;10;2;0;0;0;0;0;1
18;10;3;.0147059;0;0;.0144928;0;.04811
18;11;1;0;0;0;0;0;0
18;11;2;0;0;0;0;0;.1
18;11;3;0;.0212766;0;.037037;0;.1285714
18;12;1;0;0;0;0;0;0
18;12;2;0;0;0;0;0;.1428571
18;12;3;0;0;0;.0064103;0;.0384615
18;13;1;0;0;0;0;0;0
18;13;2;0;0;0;0;0;.037037
18;13;3;0;.1111111;0;.0434783;0;.0266667
18;14;1;0;0;0;0;0;.0217391
18;14;2;0;0;0;0;0;0
18;14;3;0;.1333333;0;.25;0;.0704225
