region_id;iso_smaf;gr_age;annee;prob
1;1;1;2015;.0201122
1;1;1;2016;.0175651
1;1;1;2017;.0203336
1;1;1;2018;.0202282
1;1;1;2019;.0265623
1;1;2;2015;.0201122
1;1;2;2016;.0175651
1;1;2;2017;.0203336
1;1;2;2018;.0202282
1;1;2;2019;.0265623
1;1;3;2015;.0201122
1;1;3;2016;.0175651
1;1;3;2017;.0203336
1;1;3;2018;.0202282
1;1;3;2019;.0265623
1;2;1;2015;.0216385
1;2;1;2016;.0193683
1;2;1;2017;.0242677
1;2;1;2018;.0259117
1;2;1;2019;.0378129
1;2;2;2015;.0216385
1;2;2;2016;.0193683
1;2;2;2017;.0242677
1;2;2;2018;.0259117
1;2;2;2019;.0378129
1;2;3;2015;.0216385
1;2;3;2016;.0193683
1;2;3;2017;.0242677
1;2;3;2018;.0259117
1;2;3;2019;.0378129
1;3;1;2015;.0352649
1;3;1;2016;.0295105
1;3;1;2017;.0328052
1;3;1;2018;.0350698
1;3;1;2019;.0544863
1;3;2;2015;.0352649
1;3;2;2016;.0295105
1;3;2;2017;.0328052
1;3;2;2018;.0350698
1;3;2;2019;.0544863
1;3;3;2015;.0352649
1;3;3;2016;.0295105
1;3;3;2017;.0328052
1;3;3;2018;.0350698
1;3;3;2019;.0544863
1;4;1;2015;.1085009
1;4;1;2016;.10307
1;4;1;2017;.1122025
1;4;1;2018;.1248133
1;4;1;2019;.1723801
1;4;2;2015;.1085009
1;4;2;2016;.10307
1;4;2;2017;.1122025
1;4;2;2018;.1248133
1;4;2;2019;.1723801
1;4;3;2015;.1085009
1;4;3;2016;.10307
1;4;3;2017;.1122025
1;4;3;2018;.1248133
1;4;3;2019;.1723801
1;5;1;2015;.0906448
1;5;1;2016;.0812325
1;5;1;2017;.0993009
1;5;1;2018;.0911754
1;5;1;2019;.1394148
1;5;2;2015;.0906448
1;5;2;2016;.0812325
1;5;2;2017;.0993009
1;5;2;2018;.0911754
1;5;2;2019;.1394148
1;5;3;2015;.0906448
1;5;3;2016;.0812325
1;5;3;2017;.0993009
1;5;3;2018;.0911754
1;5;3;2019;.1394148
1;6;1;2015;.1218924
1;6;1;2016;.1188911
1;6;1;2017;.1174907
1;6;1;2018;.1490223
1;6;1;2019;.2220505
1;6;2;2015;.1218924
1;6;2;2016;.1188911
1;6;2;2017;.1174907
1;6;2;2018;.1490223
1;6;2;2019;.2220505
1;6;3;2015;.1218924
1;6;3;2016;.1188911
1;6;3;2017;.1174907
1;6;3;2018;.1490223
1;6;3;2019;.2220505
1;7;1;2015;.2259456
1;7;1;2016;.1845385
1;7;1;2017;.2261884
1;7;1;2018;.246978
1;7;1;2019;.3236793
1;7;2;2015;.2259456
1;7;2;2016;.1845385
1;7;2;2017;.2261884
1;7;2;2018;.246978
1;7;2;2019;.3236793
1;7;3;2015;.2259456
1;7;3;2016;.1845385
1;7;3;2017;.2261884
1;7;3;2018;.246978
1;7;3;2019;.3236793
1;8;1;2015;.3539039
1;8;1;2016;.3339245
1;8;1;2017;.3235758
1;8;1;2018;.393994
1;8;1;2019;.5580116
1;8;2;2015;.3539039
1;8;2;2016;.3339245
1;8;2;2017;.3235758
1;8;2;2018;.393994
1;8;2;2019;.5580116
1;8;3;2015;.3539039
1;8;3;2016;.3339245
1;8;3;2017;.3235758
1;8;3;2018;.393994
1;8;3;2019;.5580116
1;9;1;2015;.4128203
1;9;1;2016;.3727191
1;9;1;2017;.4107279
1;9;1;2018;.4989799
1;9;1;2019;.6368875
1;9;2;2015;.4128203
1;9;2;2016;.3727191
1;9;2;2017;.4107279
1;9;2;2018;.4989799
1;9;2;2019;.6368875
1;9;3;2015;.4128203
1;9;3;2016;.3727191
1;9;3;2017;.4107279
1;9;3;2018;.4989799
1;9;3;2019;.6368875
1;10;1;2015;.2778052
1;10;1;2016;.2741053
1;10;1;2017;.2441026
1;10;1;2018;.3081138
1;10;1;2019;.4763165
1;10;2;2015;.2778052
1;10;2;2016;.2741053
1;10;2;2017;.2441026
1;10;2;2018;.3081138
1;10;2;2019;.4763165
1;10;3;2015;.2778052
1;10;3;2016;.2741053
1;10;3;2017;.2441026
1;10;3;2018;.3081138
1;10;3;2019;.4763165
1;11;1;2015;.5467805
1;11;1;2016;.4915555
1;11;1;2017;.6444577
1;11;1;2018;.6939608
1;11;1;2019;1
1;11;2;2015;.5467805
1;11;2;2016;.4915555
1;11;2;2017;.6444577
1;11;2;2018;.6939608
1;11;2;2019;1
1;11;3;2015;.5467805
1;11;3;2016;.4915555
1;11;3;2017;.6444577
1;11;3;2018;.6939608
1;11;3;2019;1
1;12;1;2015;.5862877
1;12;1;2016;.5532085
1;12;1;2017;.5140592
1;12;1;2018;.6195123
1;12;1;2019;.9230413
1;12;2;2015;.5862877
1;12;2;2016;.5532085
1;12;2;2017;.5140592
1;12;2;2018;.6195123
1;12;2;2019;.9230413
1;12;3;2015;.5862877
1;12;3;2016;.5532085
1;12;3;2017;.5140592
1;12;3;2018;.6195123
1;12;3;2019;.9230413
1;13;1;2015;.4941179
1;13;1;2016;.6100799
1;13;1;2017;.6508515
1;13;1;2018;.7505084
1;13;1;2019;.9357733
1;13;2;2015;.4941179
1;13;2;2016;.6100799
1;13;2;2017;.6508515
1;13;2;2018;.7505084
1;13;2;2019;.9357733
1;13;3;2015;.4941179
1;13;3;2016;.6100799
1;13;3;2017;.6508515
1;13;3;2018;.7505084
1;13;3;2019;.9357733
1;14;1;2015;.6076334
1;14;1;2016;.574613
1;14;1;2017;.7682637
1;14;1;2018;.7311918
1;14;1;2019;1
1;14;2;2015;.6076334
1;14;2;2016;.574613
1;14;2;2017;.7682637
1;14;2;2018;.7311918
1;14;2;2019;1
1;14;3;2015;.6076334
1;14;3;2016;.574613
1;14;3;2017;.7682637
1;14;3;2018;.7311918
1;14;3;2019;1
2;1;1;2015;.0074548
2;1;1;2016;.0077862
2;1;1;2017;.0091573
2;1;1;2018;.0097743
2;1;1;2019;.009613
2;1;2;2015;.0074548
2;1;2;2016;.0077862
2;1;2;2017;.0091573
2;1;2;2018;.0097743
2;1;2;2019;.009613
2;1;3;2015;.0074548
2;1;3;2016;.0077862
2;1;3;2017;.0091573
2;1;3;2018;.0097743
2;1;3;2019;.009613
2;2;1;2015;.0134173
2;2;1;2016;.0143012
2;2;1;2017;.0176219
2;2;1;2018;.0181383
2;2;1;2019;.0170989
2;2;2;2015;.0134173
2;2;2;2016;.0143012
2;2;2;2017;.0176219
2;2;2;2018;.0181383
2;2;2;2019;.0170989
2;2;3;2015;.0134173
2;2;3;2016;.0143012
2;2;3;2017;.0176219
2;2;3;2018;.0181383
2;2;3;2019;.0170989
2;3;1;2015;.0283702
2;3;1;2016;.0273462
2;3;1;2017;.0289443
2;3;1;2018;.0291015
2;3;1;2019;.0305828
2;3;2;2015;.0283702
2;3;2;2016;.0273462
2;3;2;2017;.0289443
2;3;2;2018;.0291015
2;3;2;2019;.0305828
2;3;3;2015;.0283702
2;3;3;2016;.0273462
2;3;3;2017;.0289443
2;3;3;2018;.0291015
2;3;3;2019;.0305828
2;4;1;2015;.0569683
2;4;1;2016;.0534613
2;4;1;2017;.0580868
2;4;1;2018;.0647023
2;4;1;2019;.0630676
2;4;2;2015;.0569683
2;4;2;2016;.0534613
2;4;2;2017;.0580868
2;4;2;2018;.0647023
2;4;2;2019;.0630676
2;4;3;2015;.0569683
2;4;3;2016;.0534613
2;4;3;2017;.0580868
2;4;3;2018;.0647023
2;4;3;2019;.0630676
2;5;1;2015;.0575948
2;5;1;2016;.0521459
2;5;1;2017;.0536195
2;5;1;2018;.0592565
2;5;1;2019;.0555551
2;5;2;2015;.0575948
2;5;2;2016;.0521459
2;5;2;2017;.0536195
2;5;2;2018;.0592565
2;5;2;2019;.0555551
2;5;3;2015;.0575948
2;5;3;2016;.0521459
2;5;3;2017;.0536195
2;5;3;2018;.0592565
2;5;3;2019;.0555551
2;6;1;2015;.0772191
2;6;1;2016;.0833442
2;6;1;2017;.0873539
2;6;1;2018;.0982457
2;6;1;2019;.1035714
2;6;2;2015;.0772191
2;6;2;2016;.0833442
2;6;2;2017;.0873539
2;6;2;2018;.0982457
2;6;2;2019;.1035714
2;6;3;2015;.0772191
2;6;3;2016;.0833442
2;6;3;2017;.0873539
2;6;3;2018;.0982457
2;6;3;2019;.1035714
2;7;1;2015;.1339917
2;7;1;2016;.1275408
2;7;1;2017;.1443092
2;7;1;2018;.1549177
2;7;1;2019;.1381826
2;7;2;2015;.1339917
2;7;2;2016;.1275408
2;7;2;2017;.1443092
2;7;2;2018;.1549177
2;7;2;2019;.1381826
2;7;3;2015;.1339917
2;7;3;2016;.1275408
2;7;3;2017;.1443092
2;7;3;2018;.1549177
2;7;3;2019;.1381826
2;8;1;2015;.2064399
2;8;1;2016;.2162788
2;8;1;2017;.2363823
2;8;1;2018;.2797065
2;8;1;2019;.2357584
2;8;2;2015;.2064399
2;8;2;2016;.2162788
2;8;2;2017;.2363823
2;8;2;2018;.2797065
2;8;2;2019;.2357584
2;8;3;2015;.2064399
2;8;3;2016;.2162788
2;8;3;2017;.2363823
2;8;3;2018;.2797065
2;8;3;2019;.2357584
2;9;1;2015;.2402205
2;9;1;2016;.2419235
2;9;1;2017;.2823763
2;9;1;2018;.2808182
2;9;1;2019;.2986169
2;9;2;2015;.2402205
2;9;2;2016;.2419235
2;9;2;2017;.2823763
2;9;2;2018;.2808182
2;9;2;2019;.2986169
2;9;3;2015;.2402205
2;9;3;2016;.2419235
2;9;3;2017;.2823763
2;9;3;2018;.2808182
2;9;3;2019;.2986169
2;10;1;2015;.2082062
2;10;1;2016;.1867239
2;10;1;2017;.2002023
2;10;1;2018;.2319379
2;10;1;2019;.2115878
2;10;2;2015;.2082062
2;10;2;2016;.1867239
2;10;2;2017;.2002023
2;10;2;2018;.2319379
2;10;2;2019;.2115878
2;10;3;2015;.2082062
2;10;3;2016;.1867239
2;10;3;2017;.2002023
2;10;3;2018;.2319379
2;10;3;2019;.2115878
2;11;1;2015;.5276259
2;11;1;2016;.4353437
2;11;1;2017;.43687
2;11;1;2018;.5063881
2;11;1;2019;.4803122
2;11;2;2015;.5276259
2;11;2;2016;.4353437
2;11;2;2017;.43687
2;11;2;2018;.5063881
2;11;2;2019;.4803122
2;11;3;2015;.5276259
2;11;3;2016;.4353437
2;11;3;2017;.43687
2;11;3;2018;.5063881
2;11;3;2019;.4803122
2;12;1;2015;.3301031
2;12;1;2016;.3435901
2;12;1;2017;.3661043
2;12;1;2018;.3649014
2;12;1;2019;.3034559
2;12;2;2015;.3301031
2;12;2;2016;.3435901
2;12;2;2017;.3661043
2;12;2;2018;.3649014
2;12;2;2019;.3034559
2;12;3;2015;.3301031
2;12;3;2016;.3435901
2;12;3;2017;.3661043
2;12;3;2018;.3649014
2;12;3;2019;.3034559
2;13;1;2015;.3333851
2;13;1;2016;.3661615
2;13;1;2017;.410853
2;13;1;2018;.4020677
2;13;1;2019;.3630218
2;13;2;2015;.3333851
2;13;2;2016;.3661615
2;13;2;2017;.410853
2;13;2;2018;.4020677
2;13;2;2019;.3630218
2;13;3;2015;.3333851
2;13;3;2016;.3661615
2;13;3;2017;.410853
2;13;3;2018;.4020677
2;13;3;2019;.3630218
2;14;1;2015;.6475925
2;14;1;2016;.4678722
2;14;1;2017;.4985479
2;14;1;2018;.6076368
2;14;1;2019;.5828151
2;14;2;2015;.6475925
2;14;2;2016;.4678722
2;14;2;2017;.4985479
2;14;2;2018;.6076368
2;14;2;2019;.5828151
2;14;3;2015;.6475925
2;14;3;2016;.4678722
2;14;3;2017;.4985479
2;14;3;2018;.6076368
2;14;3;2019;.5828151
3;1;1;2015;.0075458
3;1;1;2016;.006933
3;1;1;2017;.0065391
3;1;1;2018;.0065878
3;1;1;2019;.0060566
3;1;2;2015;.0075458
3;1;2;2016;.006933
3;1;2;2017;.0065391
3;1;2;2018;.0065878
3;1;2;2019;.0060566
3;1;3;2015;.0075458
3;1;3;2016;.006933
3;1;3;2017;.0065391
3;1;3;2018;.0065878
3;1;3;2019;.0060566
3;2;1;2015;.0111596
3;2;1;2016;.010467
3;2;1;2017;.0101375
3;2;1;2018;.0100057
3;2;1;2019;.0093209
3;2;2;2015;.0111596
3;2;2;2016;.010467
3;2;2;2017;.0101375
3;2;2;2018;.0100057
3;2;2;2019;.0093209
3;2;3;2015;.0111596
3;2;3;2016;.010467
3;2;3;2017;.0101375
3;2;3;2018;.0100057
3;2;3;2019;.0093209
3;3;1;2015;.0178224
3;3;1;2016;.017868
3;3;1;2017;.0177379
3;3;1;2018;.0172424
3;3;1;2019;.0170764
3;3;2;2015;.0178224
3;3;2;2016;.017868
3;3;2;2017;.0177379
3;3;2;2018;.0172424
3;3;2;2019;.0170764
3;3;3;2015;.0178224
3;3;3;2016;.017868
3;3;3;2017;.0177379
3;3;3;2018;.0172424
3;3;3;2019;.0170764
3;4;1;2015;.0353311
3;4;1;2016;.0331268
3;4;1;2017;.0308091
3;4;1;2018;.0335203
3;4;1;2019;.031119
3;4;2;2015;.0353311
3;4;2;2016;.0331268
3;4;2;2017;.0308091
3;4;2;2018;.0335203
3;4;2;2019;.031119
3;4;3;2015;.0353311
3;4;3;2016;.0331268
3;4;3;2017;.0308091
3;4;3;2018;.0335203
3;4;3;2019;.031119
3;5;1;2015;.0293224
3;5;1;2016;.0277309
3;5;1;2017;.0261463
3;5;1;2018;.0254776
3;5;1;2019;.0227546
3;5;2;2015;.0293224
3;5;2;2016;.0277309
3;5;2;2017;.0261463
3;5;2;2018;.0254776
3;5;2;2019;.0227546
3;5;3;2015;.0293224
3;5;3;2016;.0277309
3;5;3;2017;.0261463
3;5;3;2018;.0254776
3;5;3;2019;.0227546
3;6;1;2015;.0358814
3;6;1;2016;.0373988
3;6;1;2017;.0351195
3;6;1;2018;.0385799
3;6;1;2019;.0372246
3;6;2;2015;.0358814
3;6;2;2016;.0373988
3;6;2;2017;.0351195
3;6;2;2018;.0385799
3;6;2;2019;.0372246
3;6;3;2015;.0358814
3;6;3;2016;.0373988
3;6;3;2017;.0351195
3;6;3;2018;.0385799
3;6;3;2019;.0372246
3;7;1;2015;.0621046
3;7;1;2016;.0607603
3;7;1;2017;.0559474
3;7;1;2018;.0554725
3;7;1;2019;.0508844
3;7;2;2015;.0621046
3;7;2;2016;.0607603
3;7;2;2017;.0559474
3;7;2;2018;.0554725
3;7;2;2019;.0508844
3;7;3;2015;.0621046
3;7;3;2016;.0607603
3;7;3;2017;.0559474
3;7;3;2018;.0554725
3;7;3;2019;.0508844
3;8;1;2015;.0675971
3;8;1;2016;.0713201
3;8;1;2017;.0681968
3;8;1;2018;.0638229
3;8;1;2019;.0621893
3;8;2;2015;.0675971
3;8;2;2016;.0713201
3;8;2;2017;.0681968
3;8;2;2018;.0638229
3;8;2;2019;.0621893
3;8;3;2015;.0675971
3;8;3;2016;.0713201
3;8;3;2017;.0681968
3;8;3;2018;.0638229
3;8;3;2019;.0621893
3;9;1;2015;.1149772
3;9;1;2016;.1110766
3;9;1;2017;.1090103
3;9;1;2018;.1114706
3;9;1;2019;.106838
3;9;2;2015;.1149772
3;9;2;2016;.1110766
3;9;2;2017;.1090103
3;9;2;2018;.1114706
3;9;2;2019;.106838
3;9;3;2015;.1149772
3;9;3;2016;.1110766
3;9;3;2017;.1090103
3;9;3;2018;.1114706
3;9;3;2019;.106838
3;10;1;2015;.0757295
3;10;1;2016;.082479
3;10;1;2017;.072174
3;10;1;2018;.0739566
3;10;1;2019;.0702378
3;10;2;2015;.0757295
3;10;2;2016;.082479
3;10;2;2017;.072174
3;10;2;2018;.0739566
3;10;2;2019;.0702378
3;10;3;2015;.0757295
3;10;3;2016;.082479
3;10;3;2017;.072174
3;10;3;2018;.0739566
3;10;3;2019;.0702378
3;11;1;2015;.130696
3;11;1;2016;.135799
3;11;1;2017;.1294391
3;11;1;2018;.1324951
3;11;1;2019;.128994
3;11;2;2015;.130696
3;11;2;2016;.135799
3;11;2;2017;.1294391
3;11;2;2018;.1324951
3;11;2;2019;.128994
3;11;3;2015;.130696
3;11;3;2016;.135799
3;11;3;2017;.1294391
3;11;3;2018;.1324951
3;11;3;2019;.128994
3;12;1;2015;.1199518
3;12;1;2016;.1094923
3;12;1;2017;.1009457
3;12;1;2018;.1135099
3;12;1;2019;.1024113
3;12;2;2015;.1199518
3;12;2;2016;.1094923
3;12;2;2017;.1009457
3;12;2;2018;.1135099
3;12;2;2019;.1024113
3;12;3;2015;.1199518
3;12;3;2016;.1094923
3;12;3;2017;.1009457
3;12;3;2018;.1135099
3;12;3;2019;.1024113
3;13;1;2015;.1495713
3;13;1;2016;.1287235
3;13;1;2017;.1284901
3;13;1;2018;.1341611
3;13;1;2019;.1255633
3;13;2;2015;.1495713
3;13;2;2016;.1287235
3;13;2;2017;.1284901
3;13;2;2018;.1341611
3;13;2;2019;.1255633
3;13;3;2015;.1495713
3;13;3;2016;.1287235
3;13;3;2017;.1284901
3;13;3;2018;.1341611
3;13;3;2019;.1255633
3;14;1;2015;.1930435
3;14;1;2016;.1579582
3;14;1;2017;.1491288
3;14;1;2018;.1480754
3;14;1;2019;.1438015
3;14;2;2015;.1930435
3;14;2;2016;.1579582
3;14;2;2017;.1491288
3;14;2;2018;.1480754
3;14;2;2019;.1438015
3;14;3;2015;.1930435
3;14;3;2016;.1579582
3;14;3;2017;.1491288
3;14;3;2018;.1480754
3;14;3;2019;.1438015
4;1;1;2015;.0045705
4;1;1;2016;.0040631
4;1;1;2017;.0039587
4;1;1;2018;.0037422
4;1;1;2019;.0039585
4;1;2;2015;.0045705
4;1;2;2016;.0040631
4;1;2;2017;.0039587
4;1;2;2018;.0037422
4;1;2;2019;.0039585
4;1;3;2015;.0045705
4;1;3;2016;.0040631
4;1;3;2017;.0039587
4;1;3;2018;.0037422
4;1;3;2019;.0039585
4;2;1;2015;.006576
4;2;1;2016;.0060544
4;2;1;2017;.0061045
4;2;1;2018;.0059994
4;2;1;2019;.0064408
4;2;2;2015;.006576
4;2;2;2016;.0060544
4;2;2;2017;.0061045
4;2;2;2018;.0059994
4;2;2;2019;.0064408
4;2;3;2015;.006576
4;2;3;2016;.0060544
4;2;3;2017;.0061045
4;2;3;2018;.0059994
4;2;3;2019;.0064408
4;3;1;2015;.0119682
4;3;1;2016;.0110857
4;3;1;2017;.0103893
4;3;1;2018;.0095351
4;3;1;2019;.009177
4;3;2;2015;.0119682
4;3;2;2016;.0110857
4;3;2;2017;.0103893
4;3;2;2018;.0095351
4;3;2;2019;.009177
4;3;3;2015;.0119682
4;3;3;2016;.0110857
4;3;3;2017;.0103893
4;3;3;2018;.0095351
4;3;3;2019;.009177
4;4;1;2015;.035321
4;4;1;2016;.0334526
4;4;1;2017;.0341205
4;4;1;2018;.0310464
4;4;1;2019;.0337533
4;4;2;2015;.035321
4;4;2;2016;.0334526
4;4;2;2017;.0341205
4;4;2;2018;.0310464
4;4;2;2019;.0337533
4;4;3;2015;.035321
4;4;3;2016;.0334526
4;4;3;2017;.0341205
4;4;3;2018;.0310464
4;4;3;2019;.0337533
4;5;1;2015;.0411065
4;5;1;2016;.032785
4;5;1;2017;.0314903
4;5;1;2018;.0278858
4;5;1;2019;.028687
4;5;2;2015;.0411065
4;5;2;2016;.032785
4;5;2;2017;.0314903
4;5;2;2018;.0278858
4;5;2;2019;.028687
4;5;3;2015;.0411065
4;5;3;2016;.032785
4;5;3;2017;.0314903
4;5;3;2018;.0278858
4;5;3;2019;.028687
4;6;1;2015;.040316
4;6;1;2016;.0414639
4;6;1;2017;.040998
4;6;1;2018;.0380359
4;6;1;2019;.0384958
4;6;2;2015;.040316
4;6;2;2016;.0414639
4;6;2;2017;.040998
4;6;2;2018;.0380359
4;6;2;2019;.0384958
4;6;3;2015;.040316
4;6;3;2016;.0414639
4;6;3;2017;.040998
4;6;3;2018;.0380359
4;6;3;2019;.0384958
4;7;1;2015;.1004161
4;7;1;2016;.0875771
4;7;1;2017;.0815039
4;7;1;2018;.069048
4;7;1;2019;.0658722
4;7;2;2015;.1004161
4;7;2;2016;.0875771
4;7;2;2017;.0815039
4;7;2;2018;.069048
4;7;2;2019;.0658722
4;7;3;2015;.1004161
4;7;3;2016;.0875771
4;7;3;2017;.0815039
4;7;3;2018;.069048
4;7;3;2019;.0658722
4;8;1;2015;.1047613
4;8;1;2016;.1128831
4;8;1;2017;.1001443
4;8;1;2018;.0922128
4;8;1;2019;.0953262
4;8;2;2015;.1047613
4;8;2;2016;.1128831
4;8;2;2017;.1001443
4;8;2;2018;.0922128
4;8;2;2019;.0953262
4;8;3;2015;.1047613
4;8;3;2016;.1128831
4;8;3;2017;.1001443
4;8;3;2018;.0922128
4;8;3;2019;.0953262
4;9;1;2015;.1392415
4;9;1;2016;.134221
4;9;1;2017;.1369445
4;9;1;2018;.1364903
4;9;1;2019;.1311487
4;9;2;2015;.1392415
4;9;2;2016;.134221
4;9;2;2017;.1369445
4;9;2;2018;.1364903
4;9;2;2019;.1311487
4;9;3;2015;.1392415
4;9;3;2016;.134221
4;9;3;2017;.1369445
4;9;3;2018;.1364903
4;9;3;2019;.1311487
4;10;1;2015;.1366638
4;10;1;2016;.1143559
4;10;1;2017;.1140672
4;10;1;2018;.1020079
4;10;1;2019;.0870586
4;10;2;2015;.1366638
4;10;2;2016;.1143559
4;10;2;2017;.1140672
4;10;2;2018;.1020079
4;10;2;2019;.0870586
4;10;3;2015;.1366638
4;10;3;2016;.1143559
4;10;3;2017;.1140672
4;10;3;2018;.1020079
4;10;3;2019;.0870586
4;11;1;2015;.2136364
4;11;1;2016;.1887521
4;11;1;2017;.1810155
4;11;1;2018;.1873552
4;11;1;2019;.1506784
4;11;2;2015;.2136364
4;11;2;2016;.1887521
4;11;2;2017;.1810155
4;11;2;2018;.1873552
4;11;2;2019;.1506784
4;11;3;2015;.2136364
4;11;3;2016;.1887521
4;11;3;2017;.1810155
4;11;3;2018;.1873552
4;11;3;2019;.1506784
4;12;1;2015;.2032271
4;12;1;2016;.1811934
4;12;1;2017;.1627379
4;12;1;2018;.14213
4;12;1;2019;.139738
4;12;2;2015;.2032271
4;12;2;2016;.1811934
4;12;2;2017;.1627379
4;12;2;2018;.14213
4;12;2;2019;.139738
4;12;3;2015;.2032271
4;12;3;2016;.1811934
4;12;3;2017;.1627379
4;12;3;2018;.14213
4;12;3;2019;.139738
4;13;1;2015;.140558
4;13;1;2016;.1396005
4;13;1;2017;.1212606
4;13;1;2018;.1251684
4;13;1;2019;.1357772
4;13;2;2015;.140558
4;13;2;2016;.1396005
4;13;2;2017;.1212606
4;13;2;2018;.1251684
4;13;2;2019;.1357772
4;13;3;2015;.140558
4;13;3;2016;.1396005
4;13;3;2017;.1212606
4;13;3;2018;.1251684
4;13;3;2019;.1357772
4;14;1;2015;.1991484
4;14;1;2016;.1698711
4;14;1;2017;.185258
4;14;1;2018;.1710063
4;14;1;2019;.1666504
4;14;2;2015;.1991484
4;14;2;2016;.1698711
4;14;2;2017;.185258
4;14;2;2018;.1710063
4;14;2;2019;.1666504
4;14;3;2015;.1991484
4;14;3;2016;.1698711
4;14;3;2017;.185258
4;14;3;2018;.1710063
4;14;3;2019;.1666504
5;1;1;2015;.0077891
5;1;1;2016;.0071193
5;1;1;2017;.007084
5;1;1;2018;.0072525
5;1;1;2019;.008342
5;1;2;2015;.0077891
5;1;2;2016;.0071193
5;1;2;2017;.007084
5;1;2;2018;.0072525
5;1;2;2019;.008342
5;1;3;2015;.0077891
5;1;3;2016;.0071193
5;1;3;2017;.007084
5;1;3;2018;.0072525
5;1;3;2019;.008342
5;2;1;2015;.0115626
5;2;1;2016;.0103091
5;2;1;2017;.0108507
5;2;1;2018;.0110934
5;2;1;2019;.0125258
5;2;2;2015;.0115626
5;2;2;2016;.0103091
5;2;2;2017;.0108507
5;2;2;2018;.0110934
5;2;2;2019;.0125258
5;2;3;2015;.0115626
5;2;3;2016;.0103091
5;2;3;2017;.0108507
5;2;3;2018;.0110934
5;2;3;2019;.0125258
5;3;1;2015;.0292405
5;3;1;2016;.0270254
5;3;1;2017;.028835
5;3;1;2018;.0277964
5;3;1;2019;.0298287
5;3;2;2015;.0292405
5;3;2;2016;.0270254
5;3;2;2017;.028835
5;3;2;2018;.0277964
5;3;2;2019;.0298287
5;3;3;2015;.0292405
5;3;3;2016;.0270254
5;3;3;2017;.028835
5;3;3;2018;.0277964
5;3;3;2019;.0298287
5;4;1;2015;.050339
5;4;1;2016;.047738
5;4;1;2017;.0486128
5;4;1;2018;.0517043
5;4;1;2019;.0546721
5;4;2;2015;.050339
5;4;2;2016;.047738
5;4;2;2017;.0486128
5;4;2;2018;.0517043
5;4;2;2019;.0546721
5;4;3;2015;.050339
5;4;3;2016;.047738
5;4;3;2017;.0486128
5;4;3;2018;.0517043
5;4;3;2019;.0546721
5;5;1;2015;.0384132
5;5;1;2016;.0335605
5;5;1;2017;.0339585
5;5;1;2018;.0359088
5;5;1;2019;.0419876
5;5;2;2015;.0384132
5;5;2;2016;.0335605
5;5;2;2017;.0339585
5;5;2;2018;.0359088
5;5;2;2019;.0419876
5;5;3;2015;.0384132
5;5;3;2016;.0335605
5;5;3;2017;.0339585
5;5;3;2018;.0359088
5;5;3;2019;.0419876
5;6;1;2015;.0723704
5;6;1;2016;.0685756
5;6;1;2017;.0670349
5;6;1;2018;.0729667
5;6;1;2019;.0853131
5;6;2;2015;.0723704
5;6;2;2016;.0685756
5;6;2;2017;.0670349
5;6;2;2018;.0729667
5;6;2;2019;.0853131
5;6;3;2015;.0723704
5;6;3;2016;.0685756
5;6;3;2017;.0670349
5;6;3;2018;.0729667
5;6;3;2019;.0853131
5;7;1;2015;.0899989
5;7;1;2016;.0903026
5;7;1;2017;.0835295
5;7;1;2018;.0842954
5;7;1;2019;.0979733
5;7;2;2015;.0899989
5;7;2;2016;.0903026
5;7;2;2017;.0835295
5;7;2;2018;.0842954
5;7;2;2019;.0979733
5;7;3;2015;.0899989
5;7;3;2016;.0903026
5;7;3;2017;.0835295
5;7;3;2018;.0842954
5;7;3;2019;.0979733
5;8;1;2015;.1316841
5;8;1;2016;.1387419
5;8;1;2017;.1205464
5;8;1;2018;.1350399
5;8;1;2019;.1429019
5;8;2;2015;.1316841
5;8;2;2016;.1387419
5;8;2;2017;.1205464
5;8;2;2018;.1350399
5;8;2;2019;.1429019
5;8;3;2015;.1316841
5;8;3;2016;.1387419
5;8;3;2017;.1205464
5;8;3;2018;.1350399
5;8;3;2019;.1429019
5;9;1;2015;.2192924
5;9;1;2016;.1888133
5;9;1;2017;.1896661
5;9;1;2018;.1902356
5;9;1;2019;.2231135
5;9;2;2015;.2192924
5;9;2;2016;.1888133
5;9;2;2017;.1896661
5;9;2;2018;.1902356
5;9;2;2019;.2231135
5;9;3;2015;.2192924
5;9;3;2016;.1888133
5;9;3;2017;.1896661
5;9;3;2018;.1902356
5;9;3;2019;.2231135
5;10;1;2015;.1530303
5;10;1;2016;.1386945
5;10;1;2017;.1538868
5;10;1;2018;.1813363
5;10;1;2019;.1817362
5;10;2;2015;.1530303
5;10;2;2016;.1386945
5;10;2;2017;.1538868
5;10;2;2018;.1813363
5;10;2;2019;.1817362
5;10;3;2015;.1530303
5;10;3;2016;.1386945
5;10;3;2017;.1538868
5;10;3;2018;.1813363
5;10;3;2019;.1817362
5;11;1;2015;.3733179
5;11;1;2016;.2880401
5;11;1;2017;.2948078
5;11;1;2018;.3228324
5;11;1;2019;.4168119
5;11;2;2015;.3733179
5;11;2;2016;.2880401
5;11;2;2017;.2948078
5;11;2;2018;.3228324
5;11;2;2019;.4168119
5;11;3;2015;.3733179
5;11;3;2016;.2880401
5;11;3;2017;.2948078
5;11;3;2018;.3228324
5;11;3;2019;.4168119
5;12;1;2015;.1904125
5;12;1;2016;.1778456
5;12;1;2017;.1674091
5;12;1;2018;.1985969
5;12;1;2019;.2145881
5;12;2;2015;.1904125
5;12;2;2016;.1778456
5;12;2;2017;.1674091
5;12;2;2018;.1985969
5;12;2;2019;.2145881
5;12;3;2015;.1904125
5;12;3;2016;.1778456
5;12;3;2017;.1674091
5;12;3;2018;.1985969
5;12;3;2019;.2145881
5;13;1;2015;.319898
5;13;1;2016;.3009882
5;13;1;2017;.2542812
5;13;1;2018;.3092395
5;13;1;2019;.3729738
5;13;2;2015;.319898
5;13;2;2016;.3009882
5;13;2;2017;.2542812
5;13;2;2018;.3092395
5;13;2;2019;.3729738
5;13;3;2015;.319898
5;13;3;2016;.3009882
5;13;3;2017;.2542812
5;13;3;2018;.3092395
5;13;3;2019;.3729738
5;14;1;2015;.3607579
5;14;1;2016;.3004192
5;14;1;2017;.2663861
5;14;1;2018;.3047406
5;14;1;2019;.3466445
5;14;2;2015;.3607579
5;14;2;2016;.3004192
5;14;2;2017;.2663861
5;14;2;2018;.3047406
5;14;2;2019;.3466445
5;14;3;2015;.3607579
5;14;3;2016;.3004192
5;14;3;2017;.2663861
5;14;3;2018;.3047406
5;14;3;2019;.3466445
6;1;1;2015;.0076678
6;1;1;2016;.0081744
6;1;1;2017;.0093641
6;1;1;2018;.010692
6;1;1;2019;.0115857
6;1;2;2015;.0076678
6;1;2;2016;.0081744
6;1;2;2017;.0093641
6;1;2;2018;.010692
6;1;2;2019;.0115857
6;1;3;2015;.0076678
6;1;3;2016;.0081744
6;1;3;2017;.0093641
6;1;3;2018;.010692
6;1;3;2019;.0115857
6;2;1;2015;.0101573
6;2;1;2016;.0110755
6;2;1;2017;.0126486
6;2;1;2018;.0147091
6;2;1;2019;.0166113
6;2;2;2015;.0101573
6;2;2;2016;.0110755
6;2;2;2017;.0126486
6;2;2;2018;.0147091
6;2;2;2019;.0166113
6;2;3;2015;.0101573
6;2;3;2016;.0110755
6;2;3;2017;.0126486
6;2;3;2018;.0147091
6;2;3;2019;.0166113
6;3;1;2015;.0275708
6;3;1;2016;.0302657
6;3;1;2017;.0312276
6;3;1;2018;.0361417
6;3;1;2019;.0397547
6;3;2;2015;.0275708
6;3;2;2016;.0302657
6;3;2;2017;.0312276
6;3;2;2018;.0361417
6;3;2;2019;.0397547
6;3;3;2015;.0275708
6;3;3;2016;.0302657
6;3;3;2017;.0312276
6;3;3;2018;.0361417
6;3;3;2019;.0397547
6;4;1;2015;.0301814
6;4;1;2016;.0322246
6;4;1;2017;.0351118
6;4;1;2018;.0401013
6;4;1;2019;.0468352
6;4;2;2015;.0301814
6;4;2;2016;.0322246
6;4;2;2017;.0351118
6;4;2;2018;.0401013
6;4;2;2019;.0468352
6;4;3;2015;.0301814
6;4;3;2016;.0322246
6;4;3;2017;.0351118
6;4;3;2018;.0401013
6;4;3;2019;.0468352
6;5;1;2015;.0609211
6;5;1;2016;.0589526
6;5;1;2017;.0640996
6;5;1;2018;.0700682
6;5;1;2019;.0767034
6;5;2;2015;.0609211
6;5;2;2016;.0589526
6;5;2;2017;.0640996
6;5;2;2018;.0700682
6;5;2;2019;.0767034
6;5;3;2015;.0609211
6;5;3;2016;.0589526
6;5;3;2017;.0640996
6;5;3;2018;.0700682
6;5;3;2019;.0767034
6;6;1;2015;.0392036
6;6;1;2016;.0423192
6;6;1;2017;.0461705
6;6;1;2018;.0527147
6;6;1;2019;.0621674
6;6;2;2015;.0392036
6;6;2;2016;.0423192
6;6;2;2017;.0461705
6;6;2;2018;.0527147
6;6;2;2019;.0621674
6;6;3;2015;.0392036
6;6;3;2016;.0423192
6;6;3;2017;.0461705
6;6;3;2018;.0527147
6;6;3;2019;.0621674
6;7;1;2015;.129761
6;7;1;2016;.1249726
6;7;1;2017;.1344529
6;7;1;2018;.1511998
6;7;1;2019;.1651556
6;7;2;2015;.129761
6;7;2;2016;.1249726
6;7;2;2017;.1344529
6;7;2;2018;.1511998
6;7;2;2019;.1651556
6;7;3;2015;.129761
6;7;3;2016;.1249726
6;7;3;2017;.1344529
6;7;3;2018;.1511998
6;7;3;2019;.1651556
6;8;1;2015;.1001847
6;8;1;2016;.1066314
6;8;1;2017;.1118249
6;8;1;2018;.1235333
6;8;1;2019;.1335871
6;8;2;2015;.1001847
6;8;2;2016;.1066314
6;8;2;2017;.1118249
6;8;2;2018;.1235333
6;8;2;2019;.1335871
6;8;3;2015;.1001847
6;8;3;2016;.1066314
6;8;3;2017;.1118249
6;8;3;2018;.1235333
6;8;3;2019;.1335871
6;9;1;2015;.1195189
6;9;1;2016;.1243552
6;9;1;2017;.1372845
6;9;1;2018;.1568637
6;9;1;2019;.176166
6;9;2;2015;.1195189
6;9;2;2016;.1243552
6;9;2;2017;.1372845
6;9;2;2018;.1568637
6;9;2;2019;.176166
6;9;3;2015;.1195189
6;9;3;2016;.1243552
6;9;3;2017;.1372845
6;9;3;2018;.1568637
6;9;3;2019;.176166
6;10;1;2015;.130284
6;10;1;2016;.1250446
6;10;1;2017;.1359756
6;10;1;2018;.1639551
6;10;1;2019;.1841312
6;10;2;2015;.130284
6;10;2;2016;.1250446
6;10;2;2017;.1359756
6;10;2;2018;.1639551
6;10;2;2019;.1841312
6;10;3;2015;.130284
6;10;3;2016;.1250446
6;10;3;2017;.1359756
6;10;3;2018;.1639551
6;10;3;2019;.1841312
6;11;1;2015;.1639743
6;11;1;2016;.1737312
6;11;1;2017;.1925291
6;11;1;2018;.226015
6;11;1;2019;.2491979
6;11;2;2015;.1639743
6;11;2;2016;.1737312
6;11;2;2017;.1925291
6;11;2;2018;.226015
6;11;2;2019;.2491979
6;11;3;2015;.1639743
6;11;3;2016;.1737312
6;11;3;2017;.1925291
6;11;3;2018;.226015
6;11;3;2019;.2491979
6;12;1;2015;.1694034
6;12;1;2016;.192138
6;12;1;2017;.1953128
6;12;1;2018;.2151938
6;12;1;2019;.2371995
6;12;2;2015;.1694034
6;12;2;2016;.192138
6;12;2;2017;.1953128
6;12;2;2018;.2151938
6;12;2;2019;.2371995
6;12;3;2015;.1694034
6;12;3;2016;.192138
6;12;3;2017;.1953128
6;12;3;2018;.2151938
6;12;3;2019;.2371995
6;13;1;2015;.1115169
6;13;1;2016;.1157576
6;13;1;2017;.1379614
6;13;1;2018;.1452403
6;13;1;2019;.1648286
6;13;2;2015;.1115169
6;13;2;2016;.1157576
6;13;2;2017;.1379614
6;13;2;2018;.1452403
6;13;2;2019;.1648286
6;13;3;2015;.1115169
6;13;3;2016;.1157576
6;13;3;2017;.1379614
6;13;3;2018;.1452403
6;13;3;2019;.1648286
6;14;1;2015;.1712493
6;14;1;2016;.1700689
6;14;1;2017;.1780134
6;14;1;2018;.213416
6;14;1;2019;.2305923
6;14;2;2015;.1712493
6;14;2;2016;.1700689
6;14;2;2017;.1780134
6;14;2;2018;.213416
6;14;2;2019;.2305923
6;14;3;2015;.1712493
6;14;3;2016;.1700689
6;14;3;2017;.1780134
6;14;3;2018;.213416
6;14;3;2019;.2305923
7;1;1;2015;.0129654
7;1;1;2016;.0125239
7;1;1;2017;.0154653
7;1;1;2018;.019498
7;1;1;2019;.0226509
7;1;2;2015;.0129654
7;1;2;2016;.0125239
7;1;2;2017;.0154653
7;1;2;2018;.019498
7;1;2;2019;.0226509
7;1;3;2015;.0129654
7;1;3;2016;.0125239
7;1;3;2017;.0154653
7;1;3;2018;.019498
7;1;3;2019;.0226509
7;2;1;2015;.0174045
7;2;1;2016;.0184767
7;2;1;2017;.0219102
7;2;1;2018;.0272556
7;2;1;2019;.0307964
7;2;2;2015;.0174045
7;2;2;2016;.0184767
7;2;2;2017;.0219102
7;2;2;2018;.0272556
7;2;2;2019;.0307964
7;2;3;2015;.0174045
7;2;3;2016;.0184767
7;2;3;2017;.0219102
7;2;3;2018;.0272556
7;2;3;2019;.0307964
7;3;1;2015;.0453098
7;3;1;2016;.0497839
7;3;1;2017;.0614023
7;3;1;2018;.0663076
7;3;1;2019;.079483
7;3;2;2015;.0453098
7;3;2;2016;.0497839
7;3;2;2017;.0614023
7;3;2;2018;.0663076
7;3;2;2019;.079483
7;3;3;2015;.0453098
7;3;3;2016;.0497839
7;3;3;2017;.0614023
7;3;3;2018;.0663076
7;3;3;2019;.079483
7;4;1;2015;.057466
7;4;1;2016;.0588522
7;4;1;2017;.0705236
7;4;1;2018;.0891509
7;4;1;2019;.1077136
7;4;2;2015;.057466
7;4;2;2016;.0588522
7;4;2;2017;.0705236
7;4;2;2018;.0891509
7;4;2;2019;.1077136
7;4;3;2015;.057466
7;4;3;2016;.0588522
7;4;3;2017;.0705236
7;4;3;2018;.0891509
7;4;3;2019;.1077136
7;5;1;2015;.0594027
7;5;1;2016;.0645366
7;5;1;2017;.075228
7;5;1;2018;.0861454
7;5;1;2019;.0944045
7;5;2;2015;.0594027
7;5;2;2016;.0645366
7;5;2;2017;.075228
7;5;2;2018;.0861454
7;5;2;2019;.0944045
7;5;3;2015;.0594027
7;5;3;2016;.0645366
7;5;3;2017;.075228
7;5;3;2018;.0861454
7;5;3;2019;.0944045
7;6;1;2015;.0785849
7;6;1;2016;.0788049
7;6;1;2017;.1039203
7;6;1;2018;.1229041
7;6;1;2019;.1435105
7;6;2;2015;.0785849
7;6;2;2016;.0788049
7;6;2;2017;.1039203
7;6;2;2018;.1229041
7;6;2;2019;.1435105
7;6;3;2015;.0785849
7;6;3;2016;.0788049
7;6;3;2017;.1039203
7;6;3;2018;.1229041
7;6;3;2019;.1435105
7;7;1;2015;.137606
7;7;1;2016;.1304039
7;7;1;2017;.1498179
7;7;1;2018;.1776591
7;7;1;2019;.2202421
7;7;2;2015;.137606
7;7;2;2016;.1304039
7;7;2;2017;.1498179
7;7;2;2018;.1776591
7;7;2;2019;.2202421
7;7;3;2015;.137606
7;7;3;2016;.1304039
7;7;3;2017;.1498179
7;7;3;2018;.1776591
7;7;3;2019;.2202421
7;8;1;2015;.1612514
7;8;1;2016;.1755401
7;8;1;2017;.1910217
7;8;1;2018;.2151285
7;8;1;2019;.2599729
7;8;2;2015;.1612514
7;8;2;2016;.1755401
7;8;2;2017;.1910217
7;8;2;2018;.2151285
7;8;2;2019;.2599729
7;8;3;2015;.1612514
7;8;3;2016;.1755401
7;8;3;2017;.1910217
7;8;3;2018;.2151285
7;8;3;2019;.2599729
7;9;1;2015;.1899753
7;9;1;2016;.2054303
7;9;1;2017;.2525815
7;9;1;2018;.3125354
7;9;1;2019;.3593155
7;9;2;2015;.1899753
7;9;2;2016;.2054303
7;9;2;2017;.2525815
7;9;2;2018;.3125354
7;9;2;2019;.3593155
7;9;3;2015;.1899753
7;9;3;2016;.2054303
7;9;3;2017;.2525815
7;9;3;2018;.3125354
7;9;3;2019;.3593155
7;10;1;2015;.2018323
7;10;1;2016;.1832025
7;10;1;2017;.20768
7;10;1;2018;.2754625
7;10;1;2019;.2804879
7;10;2;2015;.2018323
7;10;2;2016;.1832025
7;10;2;2017;.20768
7;10;2;2018;.2754625
7;10;2;2019;.2804879
7;10;3;2015;.2018323
7;10;3;2016;.1832025
7;10;3;2017;.20768
7;10;3;2018;.2754625
7;10;3;2019;.2804879
7;11;1;2015;.3408374
7;11;1;2016;.3615984
7;11;1;2017;.3999218
7;11;1;2018;.4425667
7;11;1;2019;.5006625
7;11;2;2015;.3408374
7;11;2;2016;.3615984
7;11;2;2017;.3999218
7;11;2;2018;.4425667
7;11;2;2019;.5006625
7;11;3;2015;.3408374
7;11;3;2016;.3615984
7;11;3;2017;.3999218
7;11;3;2018;.4425667
7;11;3;2019;.5006625
7;12;1;2015;.2633089
7;12;1;2016;.2358052
7;12;1;2017;.2711191
7;12;1;2018;.3331868
7;12;1;2019;.379503
7;12;2;2015;.2633089
7;12;2;2016;.2358052
7;12;2;2017;.2711191
7;12;2;2018;.3331868
7;12;2;2019;.379503
7;12;3;2015;.2633089
7;12;3;2016;.2358052
7;12;3;2017;.2711191
7;12;3;2018;.3331868
7;12;3;2019;.379503
7;13;1;2015;.28512
7;13;1;2016;.2193688
7;13;1;2017;.2719087
7;13;1;2018;.3413571
7;13;1;2019;.4771511
7;13;2;2015;.28512
7;13;2;2016;.2193688
7;13;2;2017;.2719087
7;13;2;2018;.3413571
7;13;2;2019;.4771511
7;13;3;2015;.28512
7;13;3;2016;.2193688
7;13;3;2017;.2719087
7;13;3;2018;.3413571
7;13;3;2019;.4771511
7;14;1;2015;.2819552
7;14;1;2016;.2989205
7;14;1;2017;.3364941
7;14;1;2018;.4196613
7;14;1;2019;.518964
7;14;2;2015;.2819552
7;14;2;2016;.2989205
7;14;2;2017;.3364941
7;14;2;2018;.4196613
7;14;2;2019;.518964
7;14;3;2015;.2819552
7;14;3;2016;.2989205
7;14;3;2017;.3364941
7;14;3;2018;.4196613
7;14;3;2019;.518964
8;1;1;2015;.0089635
8;1;1;2016;.0084219
8;1;1;2017;.0069246
8;1;1;2018;.0071019
8;1;1;2019;.0063677
8;1;2;2015;.0089635
8;1;2;2016;.0084219
8;1;2;2017;.0069246
8;1;2;2018;.0071019
8;1;2;2019;.0063677
8;1;3;2015;.0089635
8;1;3;2016;.0084219
8;1;3;2017;.0069246
8;1;3;2018;.0071019
8;1;3;2019;.0063677
8;2;1;2015;.0146319
8;2;1;2016;.0125301
8;2;1;2017;.010665
8;2;1;2018;.0109496
8;2;1;2019;.0098497
8;2;2;2015;.0146319
8;2;2;2016;.0125301
8;2;2;2017;.010665
8;2;2;2018;.0109496
8;2;2;2019;.0098497
8;2;3;2015;.0146319
8;2;3;2016;.0125301
8;2;3;2017;.010665
8;2;3;2018;.0109496
8;2;3;2019;.0098497
8;3;1;2015;.0315347
8;3;1;2016;.0332197
8;3;1;2017;.0253916
8;3;1;2018;.0287112
8;3;1;2019;.0268559
8;3;2;2015;.0315347
8;3;2;2016;.0332197
8;3;2;2017;.0253916
8;3;2;2018;.0287112
8;3;2;2019;.0268559
8;3;3;2015;.0315347
8;3;3;2016;.0332197
8;3;3;2017;.0253916
8;3;3;2018;.0287112
8;3;3;2019;.0268559
8;4;1;2015;.0727895
8;4;1;2016;.0629775
8;4;1;2017;.0497334
8;4;1;2018;.0514403
8;4;1;2019;.0455141
8;4;2;2015;.0727895
8;4;2;2016;.0629775
8;4;2;2017;.0497334
8;4;2;2018;.0514403
8;4;2;2019;.0455141
8;4;3;2015;.0727895
8;4;3;2016;.0629775
8;4;3;2017;.0497334
8;4;3;2018;.0514403
8;4;3;2019;.0455141
8;5;1;2015;.0597966
8;5;1;2016;.0549227
8;5;1;2017;.0418832
8;5;1;2018;.0460849
8;5;1;2019;.0406639
8;5;2;2015;.0597966
8;5;2;2016;.0549227
8;5;2;2017;.0418832
8;5;2;2018;.0460849
8;5;2;2019;.0406639
8;5;3;2015;.0597966
8;5;3;2016;.0549227
8;5;3;2017;.0418832
8;5;3;2018;.0460849
8;5;3;2019;.0406639
8;6;1;2015;.1083492
8;6;1;2016;.1247203
8;6;1;2017;.1052556
8;6;1;2018;.0938886
8;6;1;2019;.0862361
8;6;2;2015;.1083492
8;6;2;2016;.1247203
8;6;2;2017;.1052556
8;6;2;2018;.0938886
8;6;2;2019;.0862361
8;6;3;2015;.1083492
8;6;3;2016;.1247203
8;6;3;2017;.1052556
8;6;3;2018;.0938886
8;6;3;2019;.0862361
8;7;1;2015;.139888
8;7;1;2016;.1157037
8;7;1;2017;.0948272
8;7;1;2018;.0911505
8;7;1;2019;.0742688
8;7;2;2015;.139888
8;7;2;2016;.1157037
8;7;2;2017;.0948272
8;7;2;2018;.0911505
8;7;2;2019;.0742688
8;7;3;2015;.139888
8;7;3;2016;.1157037
8;7;3;2017;.0948272
8;7;3;2018;.0911505
8;7;3;2019;.0742688
8;8;1;2015;.2530286
8;8;1;2016;.2428144
8;8;1;2017;.2477826
8;8;1;2018;.2621538
8;8;1;2019;.1993517
8;8;2;2015;.2530286
8;8;2;2016;.2428144
8;8;2;2017;.2477826
8;8;2;2018;.2621538
8;8;2;2019;.1993517
8;8;3;2015;.2530286
8;8;3;2016;.2428144
8;8;3;2017;.2477826
8;8;3;2018;.2621538
8;8;3;2019;.1993517
8;9;1;2015;.4175003
8;9;1;2016;.3701747
8;9;1;2017;.3334162
8;9;1;2018;.3186656
8;9;1;2019;.2729188
8;9;2;2015;.4175003
8;9;2;2016;.3701747
8;9;2;2017;.3334162
8;9;2;2018;.3186656
8;9;2;2019;.2729188
8;9;3;2015;.4175003
8;9;3;2016;.3701747
8;9;3;2017;.3334162
8;9;3;2018;.3186656
8;9;3;2019;.2729188
8;10;1;2015;.2758614
8;10;1;2016;.220557
8;10;1;2017;.1720903
8;10;1;2018;.2248955
8;10;1;2019;.1465548
8;10;2;2015;.2758614
8;10;2;2016;.220557
8;10;2;2017;.1720903
8;10;2;2018;.2248955
8;10;2;2019;.1465548
8;10;3;2015;.2758614
8;10;3;2016;.220557
8;10;3;2017;.1720903
8;10;3;2018;.2248955
8;10;3;2019;.1465548
8;11;1;2015;.8382316
8;11;1;2016;.6876581
8;11;1;2017;.534727
8;11;1;2018;.5945186
8;11;1;2019;.560473
8;11;2;2015;.8382316
8;11;2;2016;.6876581
8;11;2;2017;.534727
8;11;2;2018;.5945186
8;11;2;2019;.560473
8;11;3;2015;.8382316
8;11;3;2016;.6876581
8;11;3;2017;.534727
8;11;3;2018;.5945186
8;11;3;2019;.560473
8;12;1;2015;.3485642
8;12;1;2016;.2856459
8;12;1;2017;.225118
8;12;1;2018;.223562
8;12;1;2019;.2157418
8;12;2;2015;.3485642
8;12;2;2016;.2856459
8;12;2;2017;.225118
8;12;2;2018;.223562
8;12;2;2019;.2157418
8;12;3;2015;.3485642
8;12;3;2016;.2856459
8;12;3;2017;.225118
8;12;3;2018;.223562
8;12;3;2019;.2157418
8;13;1;2015;.5142193
8;13;1;2016;.4547317
8;13;1;2017;.2869427
8;13;1;2018;.2987059
8;13;1;2019;.302459
8;13;2;2015;.5142193
8;13;2;2016;.4547317
8;13;2;2017;.2869427
8;13;2;2018;.2987059
8;13;2;2019;.302459
8;13;3;2015;.5142193
8;13;3;2016;.4547317
8;13;3;2017;.2869427
8;13;3;2018;.2987059
8;13;3;2019;.302459
8;14;1;2015;.3581053
8;14;1;2016;.3288326
8;14;1;2017;.2845601
8;14;1;2018;.2952707
8;14;1;2019;.2959732
8;14;2;2015;.3581053
8;14;2;2016;.3288326
8;14;2;2017;.2845601
8;14;2;2018;.2952707
8;14;2;2019;.2959732
8;14;3;2015;.3581053
8;14;3;2016;.3288326
8;14;3;2017;.2845601
8;14;3;2018;.2952707
8;14;3;2019;.2959732
9;1;1;2015;.019974
9;1;1;2016;.0221978
9;1;1;2017;.0257085
9;1;1;2018;.0253288
9;1;1;2019;.0273322
9;1;2;2015;.019974
9;1;2;2016;.0221978
9;1;2;2017;.0257085
9;1;2;2018;.0253288
9;1;2;2019;.0273322
9;1;3;2015;.019974
9;1;3;2016;.0221978
9;1;3;2017;.0257085
9;1;3;2018;.0253288
9;1;3;2019;.0273322
9;2;1;2015;.0322402
9;2;1;2016;.0330649
9;2;1;2017;.0388925
9;2;1;2018;.0409761
9;2;1;2019;.0473722
9;2;2;2015;.0322402
9;2;2;2016;.0330649
9;2;2;2017;.0388925
9;2;2;2018;.0409761
9;2;2;2019;.0473722
9;2;3;2015;.0322402
9;2;3;2016;.0330649
9;2;3;2017;.0388925
9;2;3;2018;.0409761
9;2;3;2019;.0473722
9;3;1;2015;.0880021
9;3;1;2016;.0906791
9;3;1;2017;.0964611
9;3;1;2018;.095125
9;3;1;2019;.0915414
9;3;2;2015;.0880021
9;3;2;2016;.0906791
9;3;2;2017;.0964611
9;3;2;2018;.095125
9;3;2;2019;.0915414
9;3;3;2015;.0880021
9;3;3;2016;.0906791
9;3;3;2017;.0964611
9;3;3;2018;.095125
9;3;3;2019;.0915414
9;4;1;2015;.1210051
9;4;1;2016;.1371578
9;4;1;2017;.1372177
9;4;1;2018;.1406504
9;4;1;2019;.147664
9;4;2;2015;.1210051
9;4;2;2016;.1371578
9;4;2;2017;.1372177
9;4;2;2018;.1406504
9;4;2;2019;.147664
9;4;3;2015;.1210051
9;4;3;2016;.1371578
9;4;3;2017;.1372177
9;4;3;2018;.1406504
9;4;3;2019;.147664
9;5;1;2015;.1285555
9;5;1;2016;.1370138
9;5;1;2017;.1392408
9;5;1;2018;.1278
9;5;1;2019;.1265568
9;5;2;2015;.1285555
9;5;2;2016;.1370138
9;5;2;2017;.1392408
9;5;2;2018;.1278
9;5;2;2019;.1265568
9;5;3;2015;.1285555
9;5;3;2016;.1370138
9;5;3;2017;.1392408
9;5;3;2018;.1278
9;5;3;2019;.1265568
9;6;1;2015;.2415654
9;6;1;2016;.2348568
9;6;1;2017;.2474588
9;6;1;2018;.2551301
9;6;1;2019;.2322957
9;6;2;2015;.2415654
9;6;2;2016;.2348568
9;6;2;2017;.2474588
9;6;2;2018;.2551301
9;6;2;2019;.2322957
9;6;3;2015;.2415654
9;6;3;2016;.2348568
9;6;3;2017;.2474588
9;6;3;2018;.2551301
9;6;3;2019;.2322957
9;7;1;2015;.2624691
9;7;1;2016;.2804725
9;7;1;2017;.3403519
9;7;1;2018;.2960246
9;7;1;2019;.2817416
9;7;2;2015;.2624691
9;7;2;2016;.2804725
9;7;2;2017;.3403519
9;7;2;2018;.2960246
9;7;2;2019;.2817416
9;7;3;2015;.2624691
9;7;3;2016;.2804725
9;7;3;2017;.3403519
9;7;3;2018;.2960246
9;7;3;2019;.2817416
9;8;1;2015;.5816832
9;8;1;2016;.6211184
9;8;1;2017;.5880361
9;8;1;2018;.6816
9;8;1;2019;.6290675
9;8;2;2015;.5816832
9;8;2;2016;.6211184
9;8;2;2017;.5880361
9;8;2;2018;.6816
9;8;2;2019;.6290675
9;8;3;2015;.5816832
9;8;3;2016;.6211184
9;8;3;2017;.5880361
9;8;3;2018;.6816
9;8;3;2019;.6290675
9;9;1;2015;.4972677
9;9;1;2016;.4654634
9;9;1;2017;.5126428
9;9;1;2018;.4484124
9;9;1;2019;.4491646
9;9;2;2015;.4972677
9;9;2;2016;.4654634
9;9;2;2017;.5126428
9;9;2;2018;.4484124
9;9;2;2019;.4491646
9;9;3;2015;.4972677
9;9;3;2016;.4654634
9;9;3;2017;.5126428
9;9;3;2018;.4484124
9;9;3;2019;.4491646
9;10;1;2015;.3690211
9;10;1;2016;.3672253
9;10;1;2017;.4212326
9;10;1;2018;.3987216
9;10;1;2019;.4458083
9;10;2;2015;.3690211
9;10;2;2016;.3672253
9;10;2;2017;.4212326
9;10;2;2018;.3987216
9;10;2;2019;.4458083
9;10;3;2015;.3690211
9;10;3;2016;.3672253
9;10;3;2017;.4212326
9;10;3;2018;.3987216
9;10;3;2019;.4458083
9;11;1;2015;1
9;11;1;2016;1
9;11;1;2017;1
9;11;1;2018;1
9;11;1;2019;1
9;11;2;2015;1
9;11;2;2016;1
9;11;2;2017;1
9;11;2;2018;1
9;11;2;2019;1
9;11;3;2015;1
9;11;3;2016;1
9;11;3;2017;1
9;11;3;2018;1
9;11;3;2019;1
9;12;1;2015;.8502058
9;12;1;2016;.73025
9;12;1;2017;.6371345
9;12;1;2018;.7747303
9;12;1;2019;.5240253
9;12;2;2015;.8502058
9;12;2;2016;.73025
9;12;2;2017;.6371345
9;12;2;2018;.7747303
9;12;2;2019;.5240253
9;12;3;2015;.8502058
9;12;3;2016;.73025
9;12;3;2017;.6371345
9;12;3;2018;.7747303
9;12;3;2019;.5240253
9;13;1;2015;.4742333
9;13;1;2016;.5307831
9;13;1;2017;.455386
9;13;1;2018;.717235
9;13;1;2019;.7512093
9;13;2;2015;.4742333
9;13;2;2016;.5307831
9;13;2;2017;.455386
9;13;2;2018;.717235
9;13;2;2019;.7512093
9;13;3;2015;.4742333
9;13;3;2016;.5307831
9;13;3;2017;.455386
9;13;3;2018;.717235
9;13;3;2019;.7512093
9;14;1;2015;1
9;14;1;2016;.8430545
9;14;1;2017;1
9;14;1;2018;1
9;14;1;2019;1
9;14;2;2015;1
9;14;2;2016;.8430545
9;14;2;2017;1
9;14;2;2018;1
9;14;2;2019;1
9;14;3;2015;1
9;14;3;2016;.8430545
9;14;3;2017;1
9;14;3;2018;1
9;14;3;2019;1
10;1;1;2015;.0030104
10;1;1;2016;.0019659
10;1;1;2017;.0040483
10;1;1;2018;.0060905
10;1;1;2019;.0070268
10;1;2;2015;.0030104
10;1;2;2016;.0019659
10;1;2;2017;.0040483
10;1;2;2018;.0060905
10;1;2;2019;.0070268
10;1;3;2015;.0030104
10;1;3;2016;.0019659
10;1;3;2017;.0040483
10;1;3;2018;.0060905
10;1;3;2019;.0070268
10;2;1;2015;.0048649
10;2;1;2016;.0036902
10;2;1;2017;.006992
10;2;1;2018;.0106931
10;2;1;2019;.0132976
10;2;2;2015;.0048649
10;2;2;2016;.0036902
10;2;2;2017;.006992
10;2;2;2018;.0106931
10;2;2;2019;.0132976
10;2;3;2015;.0048649
10;2;3;2016;.0036902
10;2;3;2017;.006992
10;2;3;2018;.0106931
10;2;3;2019;.0132976
10;3;1;2015;.0144
10;3;1;2016;.0285677
10;3;1;2017;.0369
10;3;1;2018;.041
10;3;1;2019;.1060875
10;3;2;2015;.0144
10;3;2;2016;.0285677
10;3;2;2017;.0369
10;3;2;2018;.041
10;3;2;2019;.1060875
10;3;3;2015;.0144
10;3;3;2016;.0285677
10;3;3;2017;.0369
10;3;3;2018;.041
10;3;3;2019;.1060875
10;4;1;2015;.04997
10;4;1;2016;.0303578
10;4;1;2017;.0544297
10;4;1;2018;.1295676
10;4;1;2019;.1340571
10;4;2;2015;.04997
10;4;2;2016;.0303578
10;4;2;2017;.0544297
10;4;2;2018;.1295676
10;4;2;2019;.1340571
10;4;3;2015;.04997
10;4;3;2016;.0303578
10;4;3;2017;.0544297
10;4;3;2018;.1295676
10;4;3;2019;.1340571
10;5;1;2015;.037632
10;5;1;2016;.0250721
10;5;1;2017;.0718228
10;5;1;2018;.0680331
10;5;1;2019;.0664337
10;5;2;2015;.037632
10;5;2;2016;.0250721
10;5;2;2017;.0718228
10;5;2;2018;.0680331
10;5;2;2019;.0664337
10;5;3;2015;.037632
10;5;3;2016;.0250721
10;5;3;2017;.0718228
10;5;3;2018;.0680331
10;5;3;2019;.0664337
10;6;1;2015;.1063837
10;6;1;2016;.0543
10;6;1;2017;.2066049
10;6;1;2018;.1229434
10;6;1;2019;.1850222
10;6;2;2015;.1063837
10;6;2;2016;.0543
10;6;2;2017;.2066049
10;6;2;2018;.1229434
10;6;2;2019;.1850222
10;6;3;2015;.1063837
10;6;3;2016;.0543
10;6;3;2017;.2066049
10;6;3;2018;.1229434
10;6;3;2019;.1850222
10;7;1;2015;.1259865
10;7;1;2016;.0757622
10;7;1;2017;.1231135
10;7;1;2018;.1752
10;7;1;2019;.2163544
10;7;2;2015;.1259865
10;7;2;2016;.0757622
10;7;2;2017;.1231135
10;7;2;2018;.1752
10;7;2;2019;.2163544
10;7;3;2015;.1259865
10;7;3;2016;.0757622
10;7;3;2017;.1231135
10;7;3;2018;.1752
10;7;3;2019;.2163544
10;8;1;2015;.8746667
10;8;1;2016;.246
10;8;1;2017;.1776667
10;8;1;2018;.6786208
10;8;1;2019;.6286667
10;8;2;2015;.8746667
10;8;2;2016;.246
10;8;2;2017;.1776667
10;8;2;2018;.6786208
10;8;2;2019;.6286667
10;8;3;2015;.8746667
10;8;3;2016;.246
10;8;3;2017;.1776667
10;8;3;2018;.6786208
10;8;3;2019;.6286667
10;9;1;2015;.1554857
10;9;1;2016;.1839549
10;9;1;2017;.35373
10;9;1;2018;.5654026
10;9;1;2019;.7585819
10;9;2;2015;.1554857
10;9;2;2016;.1839549
10;9;2;2017;.35373
10;9;2;2018;.5654026
10;9;2;2019;.7585819
10;9;3;2015;.1554857
10;9;3;2016;.1839549
10;9;3;2017;.35373
10;9;3;2018;.5654026
10;9;3;2019;.7585819
10;10;1;2015;.1474667
10;10;1;2016;.0765692
10;10;1;2017;1
10;10;1;2018;.3237073
10;10;1;2019;.2062541
10;10;2;2015;.1474667
10;10;2;2016;.0765692
10;10;2;2017;1
10;10;2;2018;.3237073
10;10;2;2019;.2062541
10;10;3;2015;.1474667
10;10;3;2016;.0765692
10;10;3;2017;1
10;10;3;2018;.3237073
10;10;3;2019;.2062541
10;11;1;2016;.08295
10;11;1;2017;.35945
10;11;1;2018;.4915556
10;11;1;2019;.76314
10;11;2;2016;.08295
10;11;2;2017;.35945
10;11;2;2018;.4915556
10;11;2;2019;.76314
10;11;3;2016;.08295
10;11;3;2017;.35945
10;11;3;2018;.4915556
10;11;3;2019;.76314
10;12;1;2015;.508
10;12;1;2016;.1987826
10;12;1;2017;1
10;12;1;2018;1
10;12;1;2019;.6740769
10;12;2;2015;.508
10;12;2;2016;.1987826
10;12;2;2017;1
10;12;2;2018;1
10;12;2;2019;.6740769
10;12;3;2015;.508
10;12;3;2016;.1987826
10;12;3;2017;1
10;12;3;2018;1
10;12;3;2019;.6740769
10;13;1;2015;.1362461
10;13;1;2016;.115513
10;13;1;2017;.71955
10;13;1;2018;1
10;13;1;2019;1
10;13;2;2015;.1362461
10;13;2;2016;.115513
10;13;2;2017;.71955
10;13;2;2018;1
10;13;2;2019;1
10;13;3;2015;.1362461
10;13;3;2016;.115513
10;13;3;2017;.71955
10;13;3;2018;1
10;13;3;2019;1
10;14;1;2015;1
10;14;1;2016;.2646
10;14;1;2017;.28665
10;14;1;2018;.882
10;14;1;2019;1
10;14;2;2015;1
10;14;2;2016;.2646
10;14;2;2017;.28665
10;14;2;2018;.882
10;14;2;2019;1
10;14;3;2015;1
10;14;3;2016;.2646
10;14;3;2017;.28665
10;14;3;2018;.882
10;14;3;2019;1
11;1;1;2015;.03149
11;1;1;2016;.0270955
11;1;1;2017;.0255975
11;1;1;2018;.0239449
11;1;1;2019;.0206739
11;1;2;2015;.03149
11;1;2;2016;.0270955
11;1;2;2017;.0255975
11;1;2;2018;.0239449
11;1;2;2019;.0206739
11;1;3;2015;.03149
11;1;3;2016;.0270955
11;1;3;2017;.0255975
11;1;3;2018;.0239449
11;1;3;2019;.0206739
11;2;1;2015;.0311317
11;2;1;2016;.0294393
11;2;1;2017;.0302438
11;2;1;2018;.0313607
11;2;1;2019;.0253318
11;2;2;2015;.0311317
11;2;2;2016;.0294393
11;2;2;2017;.0302438
11;2;2;2018;.0313607
11;2;2;2019;.0253318
11;2;3;2015;.0311317
11;2;3;2016;.0294393
11;2;3;2017;.0302438
11;2;3;2018;.0313607
11;2;3;2019;.0253318
11;3;1;2015;.0567513
11;3;1;2016;.0581538
11;3;1;2017;.0617935
11;3;1;2018;.0586993
11;3;1;2019;.048071
11;3;2;2015;.0567513
11;3;2;2016;.0581538
11;3;2;2017;.0617935
11;3;2;2018;.0586993
11;3;2;2019;.048071
11;3;3;2015;.0567513
11;3;3;2016;.0581538
11;3;3;2017;.0617935
11;3;3;2018;.0586993
11;3;3;2019;.048071
11;4;1;2015;.1100819
11;4;1;2016;.0945851
11;4;1;2017;.0888694
11;4;1;2018;.0873627
11;4;1;2019;.0805824
11;4;2;2015;.1100819
11;4;2;2016;.0945851
11;4;2;2017;.0888694
11;4;2;2018;.0873627
11;4;2;2019;.0805824
11;4;3;2015;.1100819
11;4;3;2016;.0945851
11;4;3;2017;.0888694
11;4;3;2018;.0873627
11;4;3;2019;.0805824
11;5;1;2015;.1452706
11;5;1;2016;.1219986
11;5;1;2017;.1058831
11;5;1;2018;.0923602
11;5;1;2019;.0738718
11;5;2;2015;.1452706
11;5;2;2016;.1219986
11;5;2;2017;.1058831
11;5;2;2018;.0923602
11;5;2;2019;.0738718
11;5;3;2015;.1452706
11;5;3;2016;.1219986
11;5;3;2017;.1058831
11;5;3;2018;.0923602
11;5;3;2019;.0738718
11;6;1;2015;.1085628
11;6;1;2016;.104815
11;6;1;2017;.099769
11;6;1;2018;.1048647
11;6;1;2019;.091007
11;6;2;2015;.1085628
11;6;2;2016;.104815
11;6;2;2017;.099769
11;6;2;2018;.1048647
11;6;2;2019;.091007
11;6;3;2015;.1085628
11;6;3;2016;.104815
11;6;3;2017;.099769
11;6;3;2018;.1048647
11;6;3;2019;.091007
11;7;1;2015;.3525764
11;7;1;2016;.3056449
11;7;1;2017;.2657257
11;7;1;2018;.2257571
11;7;1;2019;.1824305
11;7;2;2015;.3525764
11;7;2;2016;.3056449
11;7;2;2017;.2657257
11;7;2;2018;.2257571
11;7;2;2019;.1824305
11;7;3;2015;.3525764
11;7;3;2016;.3056449
11;7;3;2017;.2657257
11;7;3;2018;.2257571
11;7;3;2019;.1824305
11;8;1;2015;.4440334
11;8;1;2016;.3487595
11;8;1;2017;.2967375
11;8;1;2018;.3240104
11;8;1;2019;.284558
11;8;2;2015;.4440334
11;8;2;2016;.3487595
11;8;2;2017;.2967375
11;8;2;2018;.3240104
11;8;2;2019;.284558
11;8;3;2015;.4440334
11;8;3;2016;.3487595
11;8;3;2017;.2967375
11;8;3;2018;.3240104
11;8;3;2019;.284558
11;9;1;2015;.3318459
11;9;1;2016;.3242043
11;9;1;2017;.2904406
11;9;1;2018;.2418667
11;9;1;2019;.2446662
11;9;2;2015;.3318459
11;9;2;2016;.3242043
11;9;2;2017;.2904406
11;9;2;2018;.2418667
11;9;2;2019;.2446662
11;9;3;2015;.3318459
11;9;3;2016;.3242043
11;9;3;2017;.2904406
11;9;3;2018;.2418667
11;9;3;2019;.2446662
11;10;1;2015;.3754478
11;10;1;2016;.3398927
11;10;1;2017;.3027773
11;10;1;2018;.3266291
11;10;1;2019;.2708721
11;10;2;2015;.3754478
11;10;2;2016;.3398927
11;10;2;2017;.3027773
11;10;2;2018;.3266291
11;10;2;2019;.2708721
11;10;3;2015;.3754478
11;10;3;2016;.3398927
11;10;3;2017;.3027773
11;10;3;2018;.3266291
11;10;3;2019;.2708721
11;11;1;2015;.5821473
11;11;1;2016;.4348081
11;11;1;2017;.4104962
11;11;1;2018;.2969355
11;11;1;2019;.4251188
11;11;2;2015;.5821473
11;11;2;2016;.4348081
11;11;2;2017;.4104962
11;11;2;2018;.2969355
11;11;2;2019;.4251188
11;11;3;2015;.5821473
11;11;3;2016;.4348081
11;11;3;2017;.4104962
11;11;3;2018;.2969355
11;11;3;2019;.4251188
11;12;1;2015;.5982746
11;12;1;2016;.4533145
11;12;1;2017;.4894044
11;12;1;2018;.3939946
11;12;1;2019;.3927067
11;12;2;2015;.5982746
11;12;2;2016;.4533145
11;12;2;2017;.4894044
11;12;2;2018;.3939946
11;12;2;2019;.3927067
11;12;3;2015;.5982746
11;12;3;2016;.4533145
11;12;3;2017;.4894044
11;12;3;2018;.3939946
11;12;3;2019;.3927067
11;13;1;2015;.5420675
11;13;1;2016;.5224045
11;13;1;2017;.3659974
11;13;1;2018;.4248638
11;13;1;2019;.4906702
11;13;2;2015;.5420675
11;13;2;2016;.5224045
11;13;2;2017;.3659974
11;13;2;2018;.4248638
11;13;2;2019;.4906702
11;13;3;2015;.5420675
11;13;3;2016;.5224045
11;13;3;2017;.3659974
11;13;3;2018;.4248638
11;13;3;2019;.4906702
11;14;1;2015;.7987304
11;14;1;2016;.8581622
11;14;1;2017;1
11;14;1;2018;.7714108
11;14;1;2019;.8036
11;14;2;2015;.7987304
11;14;2;2016;.8581622
11;14;2;2017;1
11;14;2;2018;.7714108
11;14;2;2019;.8036
11;14;3;2015;.7987304
11;14;3;2016;.8581622
11;14;3;2017;1
11;14;3;2018;.7714108
11;14;3;2019;.8036
12;1;1;2015;.0021938
12;1;1;2016;.0021229
12;1;1;2017;.0027157
12;1;1;2018;.0031916
12;1;1;2019;.0036213
12;1;2;2015;.0021938
12;1;2;2016;.0021229
12;1;2;2017;.0027157
12;1;2;2018;.0031916
12;1;2;2019;.0036213
12;1;3;2015;.0021938
12;1;3;2016;.0021229
12;1;3;2017;.0027157
12;1;3;2018;.0031916
12;1;3;2019;.0036213
12;2;1;2015;.0029012
12;2;1;2016;.0031993
12;2;1;2017;.0041598
12;2;1;2018;.0048108
12;2;1;2019;.0054632
12;2;2;2015;.0029012
12;2;2;2016;.0031993
12;2;2;2017;.0041598
12;2;2;2018;.0048108
12;2;2;2019;.0054632
12;2;3;2015;.0029012
12;2;3;2016;.0031993
12;2;3;2017;.0041598
12;2;3;2018;.0048108
12;2;3;2019;.0054632
12;3;1;2015;.0043828
12;3;1;2016;.0049854
12;3;1;2017;.0056514
12;3;1;2018;.006558
12;3;1;2019;.0085274
12;3;2;2015;.0043828
12;3;2;2016;.0049854
12;3;2;2017;.0056514
12;3;2;2018;.006558
12;3;2;2019;.0085274
12;3;3;2015;.0043828
12;3;3;2016;.0049854
12;3;3;2017;.0056514
12;3;3;2018;.006558
12;3;3;2019;.0085274
12;4;1;2015;.0128244
12;4;1;2016;.013191
12;4;1;2017;.016494
12;4;1;2018;.0199068
12;4;1;2019;.0226423
12;4;2;2015;.0128244
12;4;2;2016;.013191
12;4;2;2017;.016494
12;4;2;2018;.0199068
12;4;2;2019;.0226423
12;4;3;2015;.0128244
12;4;3;2016;.013191
12;4;3;2017;.016494
12;4;3;2018;.0199068
12;4;3;2019;.0226423
12;5;1;2015;.0079631
12;5;1;2016;.0082049
12;5;1;2017;.0093004
12;5;1;2018;.0112588
12;5;1;2019;.0138079
12;5;2;2015;.0079631
12;5;2;2016;.0082049
12;5;2;2017;.0093004
12;5;2;2018;.0112588
12;5;2;2019;.0138079
12;5;3;2015;.0079631
12;5;3;2016;.0082049
12;5;3;2017;.0093004
12;5;3;2018;.0112588
12;5;3;2019;.0138079
12;6;1;2015;.0109661
12;6;1;2016;.0119396
12;6;1;2017;.0138391
12;6;1;2018;.0169397
12;6;1;2019;.0211961
12;6;2;2015;.0109661
12;6;2;2016;.0119396
12;6;2;2017;.0138391
12;6;2;2018;.0169397
12;6;2;2019;.0211961
12;6;3;2015;.0109661
12;6;3;2016;.0119396
12;6;3;2017;.0138391
12;6;3;2018;.0169397
12;6;3;2019;.0211961
12;7;1;2015;.0196634
12;7;1;2016;.0187625
12;7;1;2017;.0233045
12;7;1;2018;.028082
12;7;1;2019;.0305255
12;7;2;2015;.0196634
12;7;2;2016;.0187625
12;7;2;2017;.0233045
12;7;2;2018;.028082
12;7;2;2019;.0305255
12;7;3;2015;.0196634
12;7;3;2016;.0187625
12;7;3;2017;.0233045
12;7;3;2018;.028082
12;7;3;2019;.0305255
12;8;1;2015;.0267266
12;8;1;2016;.0291418
12;8;1;2017;.0348604
12;8;1;2018;.0457092
12;8;1;2019;.0491035
12;8;2;2015;.0267266
12;8;2;2016;.0291418
12;8;2;2017;.0348604
12;8;2;2018;.0457092
12;8;2;2019;.0491035
12;8;3;2015;.0267266
12;8;3;2016;.0291418
12;8;3;2017;.0348604
12;8;3;2018;.0457092
12;8;3;2019;.0491035
12;9;1;2015;.0342542
12;9;1;2016;.0326398
12;9;1;2017;.043764
12;9;1;2018;.0563198
12;9;1;2019;.0661099
12;9;2;2015;.0342542
12;9;2;2016;.0326398
12;9;2;2017;.043764
12;9;2;2018;.0563198
12;9;2;2019;.0661099
12;9;3;2015;.0342542
12;9;3;2016;.0326398
12;9;3;2017;.043764
12;9;3;2018;.0563198
12;9;3;2019;.0661099
12;10;1;2015;.0225896
12;10;1;2016;.0225682
12;10;1;2017;.0274196
12;10;1;2018;.0323815
12;10;1;2019;.0444397
12;10;2;2015;.0225896
12;10;2;2016;.0225682
12;10;2;2017;.0274196
12;10;2;2018;.0323815
12;10;2;2019;.0444397
12;10;3;2015;.0225896
12;10;3;2016;.0225682
12;10;3;2017;.0274196
12;10;3;2018;.0323815
12;10;3;2019;.0444397
12;11;1;2015;.0453785
12;11;1;2016;.0412011
12;11;1;2017;.0561254
12;11;1;2018;.0650239
12;11;1;2019;.0776089
12;11;2;2015;.0453785
12;11;2;2016;.0412011
12;11;2;2017;.0561254
12;11;2;2018;.0650239
12;11;2;2019;.0776089
12;11;3;2015;.0453785
12;11;3;2016;.0412011
12;11;3;2017;.0561254
12;11;3;2018;.0650239
12;11;3;2019;.0776089
12;12;1;2015;.0467454
12;12;1;2016;.0393993
12;12;1;2017;.0511727
12;12;1;2018;.0635363
12;12;1;2019;.0835712
12;12;2;2015;.0467454
12;12;2;2016;.0393993
12;12;2;2017;.0511727
12;12;2;2018;.0635363
12;12;2;2019;.0835712
12;12;3;2015;.0467454
12;12;3;2016;.0393993
12;12;3;2017;.0511727
12;12;3;2018;.0635363
12;12;3;2019;.0835712
12;13;1;2015;.0372336
12;13;1;2016;.0425595
12;13;1;2017;.0650533
12;13;1;2018;.0621623
12;13;1;2019;.0723769
12;13;2;2015;.0372336
12;13;2;2016;.0425595
12;13;2;2017;.0650533
12;13;2;2018;.0621623
12;13;2;2019;.0723769
12;13;3;2015;.0372336
12;13;3;2016;.0425595
12;13;3;2017;.0650533
12;13;3;2018;.0621623
12;13;3;2019;.0723769
12;14;1;2015;.0530913
12;14;1;2016;.0507083
12;14;1;2017;.0565811
12;14;1;2018;.0606938
12;14;1;2019;.0716877
12;14;2;2015;.0530913
12;14;2;2016;.0507083
12;14;2;2017;.0565811
12;14;2;2018;.0606938
12;14;2;2019;.0716877
12;14;3;2015;.0530913
12;14;3;2016;.0507083
12;14;3;2017;.0565811
12;14;3;2018;.0606938
12;14;3;2019;.0716877
13;1;1;2015;.0051249
13;1;1;2016;.0067653
13;1;1;2017;.0076264
13;1;1;2018;.0079903
13;1;1;2019;.0092926
13;1;2;2015;.0051249
13;1;2;2016;.0067653
13;1;2;2017;.0076264
13;1;2;2018;.0079903
13;1;2;2019;.0092926
13;1;3;2015;.0051249
13;1;3;2016;.0067653
13;1;3;2017;.0076264
13;1;3;2018;.0079903
13;1;3;2019;.0092926
13;2;1;2015;.0073796
13;2;1;2016;.0098896
13;2;1;2017;.0109201
13;2;1;2018;.0112768
13;2;1;2019;.0139994
13;2;2;2015;.0073796
13;2;2;2016;.0098896
13;2;2;2017;.0109201
13;2;2;2018;.0112768
13;2;2;2019;.0139994
13;2;3;2015;.0073796
13;2;3;2016;.0098896
13;2;3;2017;.0109201
13;2;3;2018;.0112768
13;2;3;2019;.0139994
13;3;1;2015;.0206481
13;3;1;2016;.0255211
13;3;1;2017;.0290439
13;3;1;2018;.030413
13;3;1;2019;.0399246
13;3;2;2015;.0206481
13;3;2;2016;.0255211
13;3;2;2017;.0290439
13;3;2;2018;.030413
13;3;2;2019;.0399246
13;3;3;2015;.0206481
13;3;3;2016;.0255211
13;3;3;2017;.0290439
13;3;3;2018;.030413
13;3;3;2019;.0399246
13;4;1;2015;.0257709
13;4;1;2016;.0343027
13;4;1;2017;.0367726
13;4;1;2018;.0374516
13;4;1;2019;.0468479
13;4;2;2015;.0257709
13;4;2;2016;.0343027
13;4;2;2017;.0367726
13;4;2;2018;.0374516
13;4;2;2019;.0468479
13;4;3;2015;.0257709
13;4;3;2016;.0343027
13;4;3;2017;.0367726
13;4;3;2018;.0374516
13;4;3;2019;.0468479
13;5;1;2015;.0251513
13;5;1;2016;.0305129
13;5;1;2017;.0303029
13;5;1;2018;.0301437
13;5;1;2019;.03571
13;5;2;2015;.0251513
13;5;2;2016;.0305129
13;5;2;2017;.0303029
13;5;2;2018;.0301437
13;5;2;2019;.03571
13;5;3;2015;.0251513
13;5;3;2016;.0305129
13;5;3;2017;.0303029
13;5;3;2018;.0301437
13;5;3;2019;.03571
13;6;1;2015;.0294592
13;6;1;2016;.0382482
13;6;1;2017;.0423799
13;6;1;2018;.0431075
13;6;1;2019;.051922
13;6;2;2015;.0294592
13;6;2;2016;.0382482
13;6;2;2017;.0423799
13;6;2;2018;.0431075
13;6;2;2019;.051922
13;6;3;2015;.0294592
13;6;3;2016;.0382482
13;6;3;2017;.0423799
13;6;3;2018;.0431075
13;6;3;2019;.051922
13;7;1;2015;.0531734
13;7;1;2016;.0670139
13;7;1;2017;.069655
13;7;1;2018;.0655514
13;7;1;2019;.0848888
13;7;2;2015;.0531734
13;7;2;2016;.0670139
13;7;2;2017;.069655
13;7;2;2018;.0655514
13;7;2;2019;.0848888
13;7;3;2015;.0531734
13;7;3;2016;.0670139
13;7;3;2017;.069655
13;7;3;2018;.0655514
13;7;3;2019;.0848888
13;8;1;2015;.0719792
13;8;1;2016;.0950695
13;8;1;2017;.1034302
13;8;1;2018;.1034567
13;8;1;2019;.1275003
13;8;2;2015;.0719792
13;8;2;2016;.0950695
13;8;2;2017;.1034302
13;8;2;2018;.1034567
13;8;2;2019;.1275003
13;8;3;2015;.0719792
13;8;3;2016;.0950695
13;8;3;2017;.1034302
13;8;3;2018;.1034567
13;8;3;2019;.1275003
13;9;1;2015;.1066407
13;9;1;2016;.1432946
13;9;1;2017;.1408276
13;9;1;2018;.1329782
13;9;1;2019;.1816085
13;9;2;2015;.1066407
13;9;2;2016;.1432946
13;9;2;2017;.1408276
13;9;2;2018;.1329782
13;9;2;2019;.1816085
13;9;3;2015;.1066407
13;9;3;2016;.1432946
13;9;3;2017;.1408276
13;9;3;2018;.1329782
13;9;3;2019;.1816085
13;10;1;2015;.0793026
13;10;1;2016;.0966766
13;10;1;2017;.1072781
13;10;1;2018;.100767
13;10;1;2019;.1171059
13;10;2;2015;.0793026
13;10;2;2016;.0966766
13;10;2;2017;.1072781
13;10;2;2018;.100767
13;10;2;2019;.1171059
13;10;3;2015;.0793026
13;10;3;2016;.0966766
13;10;3;2017;.1072781
13;10;3;2018;.100767
13;10;3;2019;.1171059
13;11;1;2015;.159624
13;11;1;2016;.2006133
13;11;1;2017;.2378044
13;11;1;2018;.2617332
13;11;1;2019;.2742024
13;11;2;2015;.159624
13;11;2;2016;.2006133
13;11;2;2017;.2378044
13;11;2;2018;.2617332
13;11;2;2019;.2742024
13;11;3;2015;.159624
13;11;3;2016;.2006133
13;11;3;2017;.2378044
13;11;3;2018;.2617332
13;11;3;2019;.2742024
13;12;1;2015;.1006246
13;12;1;2016;.1262406
13;12;1;2017;.1142064
13;12;1;2018;.1050221
13;12;1;2019;.1347326
13;12;2;2015;.1006246
13;12;2;2016;.1262406
13;12;2;2017;.1142064
13;12;2;2018;.1050221
13;12;2;2019;.1347326
13;12;3;2015;.1006246
13;12;3;2016;.1262406
13;12;3;2017;.1142064
13;12;3;2018;.1050221
13;12;3;2019;.1347326
13;13;1;2015;.1124518
13;13;1;2016;.1336915
13;13;1;2017;.1541517
13;13;1;2018;.1700141
13;13;1;2019;.1843307
13;13;2;2015;.1124518
13;13;2;2016;.1336915
13;13;2;2017;.1541517
13;13;2;2018;.1700141
13;13;2;2019;.1843307
13;13;3;2015;.1124518
13;13;3;2016;.1336915
13;13;3;2017;.1541517
13;13;3;2018;.1700141
13;13;3;2019;.1843307
13;14;1;2015;.1424444
13;14;1;2016;.159471
13;14;1;2017;.1719117
13;14;1;2018;.1845824
13;14;1;2019;.2481907
13;14;2;2015;.1424444
13;14;2;2016;.159471
13;14;2;2017;.1719117
13;14;2;2018;.1845824
13;14;2;2019;.2481907
13;14;3;2015;.1424444
13;14;3;2016;.159471
13;14;3;2017;.1719117
13;14;3;2018;.1845824
13;14;3;2019;.2481907
14;1;1;2015;.0076319
14;1;1;2016;.0071286
14;1;1;2017;.006133
14;1;1;2018;.0055076
14;1;1;2019;.0058272
14;1;2;2015;.0076319
14;1;2;2016;.0071286
14;1;2;2017;.006133
14;1;2;2018;.0055076
14;1;2;2019;.0058272
14;1;3;2015;.0076319
14;1;3;2016;.0071286
14;1;3;2017;.006133
14;1;3;2018;.0055076
14;1;3;2019;.0058272
14;2;1;2015;.0102096
14;2;1;2016;.0100223
14;2;1;2017;.0085303
14;2;1;2018;.0075719
14;2;1;2019;.0083546
14;2;2;2015;.0102096
14;2;2;2016;.0100223
14;2;2;2017;.0085303
14;2;2;2018;.0075719
14;2;2;2019;.0083546
14;2;3;2015;.0102096
14;2;3;2016;.0100223
14;2;3;2017;.0085303
14;2;3;2018;.0075719
14;2;3;2019;.0083546
14;3;1;2015;.0255643
14;3;1;2016;.0257393
14;3;1;2017;.0223881
14;3;1;2018;.0198006
14;3;1;2019;.022399
14;3;2;2015;.0255643
14;3;2;2016;.0257393
14;3;2;2017;.0223881
14;3;2;2018;.0198006
14;3;2;2019;.022399
14;3;3;2015;.0255643
14;3;3;2016;.0257393
14;3;3;2017;.0223881
14;3;3;2018;.0198006
14;3;3;2019;.022399
14;4;1;2015;.031734
14;4;1;2016;.0306742
14;4;1;2017;.0257503
14;4;1;2018;.0245157
14;4;1;2019;.0286616
14;4;2;2015;.031734
14;4;2;2016;.0306742
14;4;2;2017;.0257503
14;4;2;2018;.0245157
14;4;2;2019;.0286616
14;4;3;2015;.031734
14;4;3;2016;.0306742
14;4;3;2017;.0257503
14;4;3;2018;.0245157
14;4;3;2019;.0286616
14;5;1;2015;.0492668
14;5;1;2016;.0473179
14;5;1;2017;.0385471
14;5;1;2018;.0338398
14;5;1;2019;.037612
14;5;2;2015;.0492668
14;5;2;2016;.0473179
14;5;2;2017;.0385471
14;5;2;2018;.0338398
14;5;2;2019;.037612
14;5;3;2015;.0492668
14;5;3;2016;.0473179
14;5;3;2017;.0385471
14;5;3;2018;.0338398
14;5;3;2019;.037612
14;6;1;2015;.0392355
14;6;1;2016;.0421297
14;6;1;2017;.0374383
14;6;1;2018;.0359601
14;6;1;2019;.0431012
14;6;2;2015;.0392355
14;6;2;2016;.0421297
14;6;2;2017;.0374383
14;6;2;2018;.0359601
14;6;2;2019;.0431012
14;6;3;2015;.0392355
14;6;3;2016;.0421297
14;6;3;2017;.0374383
14;6;3;2018;.0359601
14;6;3;2019;.0431012
14;7;1;2015;.0929249
14;7;1;2016;.0863167
14;7;1;2017;.0769413
14;7;1;2018;.0650052
14;7;1;2019;.0666277
14;7;2;2015;.0929249
14;7;2;2016;.0863167
14;7;2;2017;.0769413
14;7;2;2018;.0650052
14;7;2;2019;.0666277
14;7;3;2015;.0929249
14;7;3;2016;.0863167
14;7;3;2017;.0769413
14;7;3;2018;.0650052
14;7;3;2019;.0666277
14;8;1;2015;.1222939
14;8;1;2016;.1210776
14;8;1;2017;.1015945
14;8;1;2018;.0873602
14;8;1;2019;.1030256
14;8;2;2015;.1222939
14;8;2;2016;.1210776
14;8;2;2017;.1015945
14;8;2;2018;.0873602
14;8;2;2019;.1030256
14;8;3;2015;.1222939
14;8;3;2016;.1210776
14;8;3;2017;.1015945
14;8;3;2018;.0873602
14;8;3;2019;.1030256
14;9;1;2015;.111783
14;9;1;2016;.1081407
14;9;1;2017;.0900905
14;9;1;2018;.0954016
14;9;1;2019;.1222423
14;9;2;2015;.111783
14;9;2;2016;.1081407
14;9;2;2017;.0900905
14;9;2;2018;.0954016
14;9;2;2019;.1222423
14;9;3;2015;.111783
14;9;3;2016;.1081407
14;9;3;2017;.0900905
14;9;3;2018;.0954016
14;9;3;2019;.1222423
14;10;1;2015;.1163315
14;10;1;2016;.1169946
14;10;1;2017;.1015688
14;10;1;2018;.0950837
14;10;1;2019;.0983029
14;10;2;2015;.1163315
14;10;2;2016;.1169946
14;10;2;2017;.1015688
14;10;2;2018;.0950837
14;10;2;2019;.0983029
14;10;3;2015;.1163315
14;10;3;2016;.1169946
14;10;3;2017;.1015688
14;10;3;2018;.0950837
14;10;3;2019;.0983029
14;11;1;2015;.2153964
14;11;1;2016;.2122148
14;11;1;2017;.1969983
14;11;1;2018;.1913846
14;11;1;2019;.2326293
14;11;2;2015;.2153964
14;11;2;2016;.2122148
14;11;2;2017;.1969983
14;11;2;2018;.1913846
14;11;2;2019;.2326293
14;11;3;2015;.2153964
14;11;3;2016;.2122148
14;11;3;2017;.1969983
14;11;3;2018;.1913846
14;11;3;2019;.2326293
14;12;1;2015;.1943145
14;12;1;2016;.1854671
14;12;1;2017;.154551
14;12;1;2018;.1301722
14;12;1;2019;.1576182
14;12;2;2015;.1943145
14;12;2;2016;.1854671
14;12;2;2017;.154551
14;12;2;2018;.1301722
14;12;2;2019;.1576182
14;12;3;2015;.1943145
14;12;3;2016;.1854671
14;12;3;2017;.154551
14;12;3;2018;.1301722
14;12;3;2019;.1576182
14;13;1;2015;.1722663
14;13;1;2016;.1548727
14;13;1;2017;.1492671
14;13;1;2018;.1576138
14;13;1;2019;.1548571
14;13;2;2015;.1722663
14;13;2;2016;.1548727
14;13;2;2017;.1492671
14;13;2;2018;.1576138
14;13;2;2019;.1548571
14;13;3;2015;.1722663
14;13;3;2016;.1548727
14;13;3;2017;.1492671
14;13;3;2018;.1576138
14;13;3;2019;.1548571
14;14;1;2015;.2077458
14;14;1;2016;.224211
14;14;1;2017;.1917176
14;14;1;2018;.186119
14;14;1;2019;.1971091
14;14;2;2015;.2077458
14;14;2;2016;.224211
14;14;2;2017;.1917176
14;14;2;2018;.186119
14;14;2;2019;.1971091
14;14;3;2015;.2077458
14;14;3;2016;.224211
14;14;3;2017;.1917176
14;14;3;2018;.186119
14;14;3;2019;.1971091
15;1;1;2015;.0119204
15;1;1;2016;.0118081
15;1;1;2017;.0115054
15;1;1;2018;.011754
15;1;1;2019;.010793
15;1;2;2015;.0119204
15;1;2;2016;.0118081
15;1;2;2017;.0115054
15;1;2;2018;.011754
15;1;2;2019;.010793
15;1;3;2015;.0119204
15;1;3;2016;.0118081
15;1;3;2017;.0115054
15;1;3;2018;.011754
15;1;3;2019;.010793
15;2;1;2015;.0143296
15;2;1;2016;.0138546
15;2;1;2017;.0136358
15;2;1;2018;.0147412
15;2;1;2019;.0139405
15;2;2;2015;.0143296
15;2;2;2016;.0138546
15;2;2;2017;.0136358
15;2;2;2018;.0147412
15;2;2;2019;.0139405
15;2;3;2015;.0143296
15;2;3;2016;.0138546
15;2;3;2017;.0136358
15;2;3;2018;.0147412
15;2;3;2019;.0139405
15;3;1;2015;.0305888
15;3;1;2016;.0313327
15;3;1;2017;.0308129
15;3;1;2018;.0353913
15;3;1;2019;.0339796
15;3;2;2015;.0305888
15;3;2;2016;.0313327
15;3;2;2017;.0308129
15;3;2;2018;.0353913
15;3;2;2019;.0339796
15;3;3;2015;.0305888
15;3;3;2016;.0313327
15;3;3;2017;.0308129
15;3;3;2018;.0353913
15;3;3;2019;.0339796
15;4;1;2015;.0526117
15;4;1;2016;.0526682
15;4;1;2017;.0512284
15;4;1;2018;.0530268
15;4;1;2019;.0504135
15;4;2;2015;.0526117
15;4;2;2016;.0526682
15;4;2;2017;.0512284
15;4;2;2018;.0530268
15;4;2;2019;.0504135
15;4;3;2015;.0526117
15;4;3;2016;.0526682
15;4;3;2017;.0512284
15;4;3;2018;.0530268
15;4;3;2019;.0504135
15;5;1;2015;.0609071
15;5;1;2016;.0482376
15;5;1;2017;.0440422
15;5;1;2018;.0430817
15;5;1;2019;.0383596
15;5;2;2015;.0609071
15;5;2;2016;.0482376
15;5;2;2017;.0440422
15;5;2;2018;.0430817
15;5;2;2019;.0383596
15;5;3;2015;.0609071
15;5;3;2016;.0482376
15;5;3;2017;.0440422
15;5;3;2018;.0430817
15;5;3;2019;.0383596
15;6;1;2015;.0686591
15;6;1;2016;.0737896
15;6;1;2017;.0758746
15;6;1;2018;.0809238
15;6;1;2019;.0782363
15;6;2;2015;.0686591
15;6;2;2016;.0737896
15;6;2;2017;.0758746
15;6;2;2018;.0809238
15;6;2;2019;.0782363
15;6;3;2015;.0686591
15;6;3;2016;.0737896
15;6;3;2017;.0758746
15;6;3;2018;.0809238
15;6;3;2019;.0782363
15;7;1;2015;.1313456
15;7;1;2016;.1246775
15;7;1;2017;.1067225
15;7;1;2018;.106109
15;7;1;2019;.0965308
15;7;2;2015;.1313456
15;7;2;2016;.1246775
15;7;2;2017;.1067225
15;7;2;2018;.106109
15;7;2;2019;.0965308
15;7;3;2015;.1313456
15;7;3;2016;.1246775
15;7;3;2017;.1067225
15;7;3;2018;.106109
15;7;3;2019;.0965308
15;8;1;2015;.2203778
15;8;1;2016;.2009785
15;8;1;2017;.2116299
15;8;1;2018;.2137698
15;8;1;2019;.2078104
15;8;2;2015;.2203778
15;8;2;2016;.2009785
15;8;2;2017;.2116299
15;8;2;2018;.2137698
15;8;2;2019;.2078104
15;8;3;2015;.2203778
15;8;3;2016;.2009785
15;8;3;2017;.2116299
15;8;3;2018;.2137698
15;8;3;2019;.2078104
15;9;1;2015;.2174442
15;9;1;2016;.2018089
15;9;1;2017;.2017983
15;9;1;2018;.2185432
15;9;1;2019;.2032913
15;9;2;2015;.2174442
15;9;2;2016;.2018089
15;9;2;2017;.2017983
15;9;2;2018;.2185432
15;9;2;2019;.2032913
15;9;3;2015;.2174442
15;9;3;2016;.2018089
15;9;3;2017;.2017983
15;9;3;2018;.2185432
15;9;3;2019;.2032913
15;10;1;2015;.193259
15;10;1;2016;.2238133
15;10;1;2017;.1955808
15;10;1;2018;.2281606
15;10;1;2019;.1823057
15;10;2;2015;.193259
15;10;2;2016;.2238133
15;10;2;2017;.1955808
15;10;2;2018;.2281606
15;10;2;2019;.1823057
15;10;3;2015;.193259
15;10;3;2016;.2238133
15;10;3;2017;.1955808
15;10;3;2018;.2281606
15;10;3;2019;.1823057
15;11;1;2015;.388426
15;11;1;2016;.3949469
15;11;1;2017;.4267948
15;11;1;2018;.390929
15;11;1;2019;.3691228
15;11;2;2015;.388426
15;11;2;2016;.3949469
15;11;2;2017;.4267948
15;11;2;2018;.390929
15;11;2;2019;.3691228
15;11;3;2015;.388426
15;11;3;2016;.3949469
15;11;3;2017;.4267948
15;11;3;2018;.390929
15;11;3;2019;.3691228
15;12;1;2015;.2388444
15;12;1;2016;.2230797
15;12;1;2017;.19454
15;12;1;2018;.1917934
15;12;1;2019;.1809407
15;12;2;2015;.2388444
15;12;2;2016;.2230797
15;12;2;2017;.19454
15;12;2;2018;.1917934
15;12;2;2019;.1809407
15;12;3;2015;.2388444
15;12;3;2016;.2230797
15;12;3;2017;.19454
15;12;3;2018;.1917934
15;12;3;2019;.1809407
15;13;1;2015;.2403689
15;13;1;2016;.230788
15;13;1;2017;.2218726
15;13;1;2018;.2587987
15;13;1;2019;.2323232
15;13;2;2015;.2403689
15;13;2;2016;.230788
15;13;2;2017;.2218726
15;13;2;2018;.2587987
15;13;2;2019;.2323232
15;13;3;2015;.2403689
15;13;3;2016;.230788
15;13;3;2017;.2218726
15;13;3;2018;.2587987
15;13;3;2019;.2323232
15;14;1;2015;.3505475
15;14;1;2016;.3166613
15;14;1;2017;.3151039
15;14;1;2018;.3307102
15;14;1;2019;.3135883
15;14;2;2015;.3505475
15;14;2;2016;.3166613
15;14;2;2017;.3151039
15;14;2;2018;.3307102
15;14;2;2019;.3135883
15;14;3;2015;.3505475
15;14;3;2016;.3166613
15;14;3;2017;.3151039
15;14;3;2018;.3307102
15;14;3;2019;.3135883
16;1;1;2015;.0077658
16;1;1;2016;.0078447
16;1;1;2017;.0087515
16;1;1;2018;.010009
16;1;1;2019;.010693
16;1;2;2015;.0077658
16;1;2;2016;.0078447
16;1;2;2017;.0087515
16;1;2;2018;.010009
16;1;2;2019;.010693
16;1;3;2015;.0077658
16;1;3;2016;.0078447
16;1;3;2017;.0087515
16;1;3;2018;.010009
16;1;3;2019;.010693
16;2;1;2015;.0119183
16;2;1;2016;.011923
16;2;1;2017;.0134526
16;2;1;2018;.0154038
16;2;1;2019;.016859
16;2;2;2015;.0119183
16;2;2;2016;.011923
16;2;2;2017;.0134526
16;2;2;2018;.0154038
16;2;2;2019;.016859
16;2;3;2015;.0119183
16;2;3;2016;.011923
16;2;3;2017;.0134526
16;2;3;2018;.0154038
16;2;3;2019;.016859
16;3;1;2015;.0207814
16;3;1;2016;.0231925
16;3;1;2017;.0267267
16;3;1;2018;.0306916
16;3;1;2019;.0337584
16;3;2;2015;.0207814
16;3;2;2016;.0231925
16;3;2;2017;.0267267
16;3;2;2018;.0306916
16;3;2;2019;.0337584
16;3;3;2015;.0207814
16;3;3;2016;.0231925
16;3;3;2017;.0267267
16;3;3;2018;.0306916
16;3;3;2019;.0337584
16;4;1;2015;.041956
16;4;1;2016;.0424287
16;4;1;2017;.0455992
16;4;1;2018;.0544897
16;4;1;2019;.0618953
16;4;2;2015;.041956
16;4;2;2016;.0424287
16;4;2;2017;.0455992
16;4;2;2018;.0544897
16;4;2;2019;.0618953
16;4;3;2015;.041956
16;4;3;2016;.0424287
16;4;3;2017;.0455992
16;4;3;2018;.0544897
16;4;3;2019;.0618953
16;5;1;2015;.0425536
16;5;1;2016;.0419216
16;5;1;2017;.045574
16;5;1;2018;.0530611
16;5;1;2019;.058128
16;5;2;2015;.0425536
16;5;2;2016;.0419216
16;5;2;2017;.045574
16;5;2;2018;.0530611
16;5;2;2019;.058128
16;5;3;2015;.0425536
16;5;3;2016;.0419216
16;5;3;2017;.045574
16;5;3;2018;.0530611
16;5;3;2019;.058128
16;6;1;2015;.0458094
16;6;1;2016;.0492334
16;6;1;2017;.0540167
16;6;1;2018;.0669712
16;6;1;2019;.0772404
16;6;2;2015;.0458094
16;6;2;2016;.0492334
16;6;2;2017;.0540167
16;6;2;2018;.0669712
16;6;2;2019;.0772404
16;6;3;2015;.0458094
16;6;3;2016;.0492334
16;6;3;2017;.0540167
16;6;3;2018;.0669712
16;6;3;2019;.0772404
16;7;1;2015;.0917928
16;7;1;2016;.0943264
16;7;1;2017;.0990018
16;7;1;2018;.1133977
16;7;1;2019;.1200127
16;7;2;2015;.0917928
16;7;2;2016;.0943264
16;7;2;2017;.0990018
16;7;2;2018;.1133977
16;7;2;2019;.1200127
16;7;3;2015;.0917928
16;7;3;2016;.0943264
16;7;3;2017;.0990018
16;7;3;2018;.1133977
16;7;3;2019;.1200127
16;8;1;2015;.1076488
16;8;1;2016;.1227357
16;8;1;2017;.1385542
16;8;1;2018;.164
16;8;1;2019;.1715584
16;8;2;2015;.1076488
16;8;2;2016;.1227357
16;8;2;2017;.1385542
16;8;2;2018;.164
16;8;2;2019;.1715584
16;8;3;2015;.1076488
16;8;3;2016;.1227357
16;8;3;2017;.1385542
16;8;3;2018;.164
16;8;3;2019;.1715584
16;9;1;2015;.1148909
16;9;1;2016;.1286932
16;9;1;2017;.1442713
16;9;1;2018;.1810222
16;9;1;2019;.2061827
16;9;2;2015;.1148909
16;9;2;2016;.1286932
16;9;2;2017;.1442713
16;9;2;2018;.1810222
16;9;2;2019;.2061827
16;9;3;2015;.1148909
16;9;3;2016;.1286932
16;9;3;2017;.1442713
16;9;3;2018;.1810222
16;9;3;2019;.2061827
16;10;1;2015;.1128571
16;10;1;2016;.1154991
16;10;1;2017;.1295478
16;10;1;2018;.147567
16;10;1;2019;.1685241
16;10;2;2015;.1128571
16;10;2;2016;.1154991
16;10;2;2017;.1295478
16;10;2;2018;.147567
16;10;2;2019;.1685241
16;10;3;2015;.1128571
16;10;3;2016;.1154991
16;10;3;2017;.1295478
16;10;3;2018;.147567
16;10;3;2019;.1685241
16;11;1;2015;.1816009
16;11;1;2016;.2014782
16;11;1;2017;.2096334
16;11;1;2018;.2791407
16;11;1;2019;.3055737
16;11;2;2015;.1816009
16;11;2;2016;.2014782
16;11;2;2017;.2096334
16;11;2;2018;.2791407
16;11;2;2019;.3055737
16;11;3;2015;.1816009
16;11;3;2016;.2014782
16;11;3;2017;.2096334
16;11;3;2018;.2791407
16;11;3;2019;.3055737
16;12;1;2015;.1776914
16;12;1;2016;.1777629
16;12;1;2017;.1948652
16;12;1;2018;.2272343
16;12;1;2019;.2566008
16;12;2;2015;.1776914
16;12;2;2016;.1777629
16;12;2;2017;.1948652
16;12;2;2018;.2272343
16;12;2;2019;.2566008
16;12;3;2015;.1776914
16;12;3;2016;.1777629
16;12;3;2017;.1948652
16;12;3;2018;.2272343
16;12;3;2019;.2566008
16;13;1;2015;.1446271
16;13;1;2016;.1420386
16;13;1;2017;.1522157
16;13;1;2018;.2019572
16;13;1;2019;.2194093
16;13;2;2015;.1446271
16;13;2;2016;.1420386
16;13;2;2017;.1522157
16;13;2;2018;.2019572
16;13;2;2019;.2194093
16;13;3;2015;.1446271
16;13;3;2016;.1420386
16;13;3;2017;.1522157
16;13;3;2018;.2019572
16;13;3;2019;.2194093
16;14;1;2015;.1810262
16;14;1;2016;.1924775
16;14;1;2017;.2050054
16;14;1;2018;.2430911
16;14;1;2019;.2629237
16;14;2;2015;.1810262
16;14;2;2016;.1924775
16;14;2;2017;.2050054
16;14;2;2018;.2430911
16;14;2;2019;.2629237
16;14;3;2015;.1810262
16;14;3;2016;.1924775
16;14;3;2017;.2050054
16;14;3;2018;.2430911
16;14;3;2019;.2629237
17;1;1;2015;.019974
17;1;1;2016;.0221978
17;1;1;2017;.0257085
17;1;1;2018;.0253288
17;1;1;2019;.0273322
17;1;2;2015;.019974
17;1;2;2016;.0221978
17;1;2;2017;.0257085
17;1;2;2018;.0253288
17;1;2;2019;.0273322
17;1;3;2015;.019974
17;1;3;2016;.0221978
17;1;3;2017;.0257085
17;1;3;2018;.0253288
17;1;3;2019;.0273322
17;2;1;2015;.0322402
17;2;1;2016;.0330649
17;2;1;2017;.0388925
17;2;1;2018;.0409761
17;2;1;2019;.0473722
17;2;2;2015;.0322402
17;2;2;2016;.0330649
17;2;2;2017;.0388925
17;2;2;2018;.0409761
17;2;2;2019;.0473722
17;2;3;2015;.0322402
17;2;3;2016;.0330649
17;2;3;2017;.0388925
17;2;3;2018;.0409761
17;2;3;2019;.0473722
17;3;1;2015;.0880021
17;3;1;2016;.0906791
17;3;1;2017;.0964611
17;3;1;2018;.095125
17;3;1;2019;.0915414
17;3;2;2015;.0880021
17;3;2;2016;.0906791
17;3;2;2017;.0964611
17;3;2;2018;.095125
17;3;2;2019;.0915414
17;3;3;2015;.0880021
17;3;3;2016;.0906791
17;3;3;2017;.0964611
17;3;3;2018;.095125
17;3;3;2019;.0915414
17;4;1;2015;.1210051
17;4;1;2016;.1371578
17;4;1;2017;.1372177
17;4;1;2018;.1406504
17;4;1;2019;.147664
17;4;2;2015;.1210051
17;4;2;2016;.1371578
17;4;2;2017;.1372177
17;4;2;2018;.1406504
17;4;2;2019;.147664
17;4;3;2015;.1210051
17;4;3;2016;.1371578
17;4;3;2017;.1372177
17;4;3;2018;.1406504
17;4;3;2019;.147664
17;5;1;2015;.1285555
17;5;1;2016;.1370138
17;5;1;2017;.1392408
17;5;1;2018;.1278
17;5;1;2019;.1265568
17;5;2;2015;.1285555
17;5;2;2016;.1370138
17;5;2;2017;.1392408
17;5;2;2018;.1278
17;5;2;2019;.1265568
17;5;3;2015;.1285555
17;5;3;2016;.1370138
17;5;3;2017;.1392408
17;5;3;2018;.1278
17;5;3;2019;.1265568
17;6;1;2015;.2415654
17;6;1;2016;.2348568
17;6;1;2017;.2474588
17;6;1;2018;.2551301
17;6;1;2019;.2322957
17;6;2;2015;.2415654
17;6;2;2016;.2348568
17;6;2;2017;.2474588
17;6;2;2018;.2551301
17;6;2;2019;.2322957
17;6;3;2015;.2415654
17;6;3;2016;.2348568
17;6;3;2017;.2474588
17;6;3;2018;.2551301
17;6;3;2019;.2322957
17;7;1;2015;.2624691
17;7;1;2016;.2804725
17;7;1;2017;.3403519
17;7;1;2018;.2960246
17;7;1;2019;.2817416
17;7;2;2015;.2624691
17;7;2;2016;.2804725
17;7;2;2017;.3403519
17;7;2;2018;.2960246
17;7;2;2019;.2817416
17;7;3;2015;.2624691
17;7;3;2016;.2804725
17;7;3;2017;.3403519
17;7;3;2018;.2960246
17;7;3;2019;.2817416
17;8;1;2015;.5816832
17;8;1;2016;.6211184
17;8;1;2017;.5880361
17;8;1;2018;.6816
17;8;1;2019;.6290675
17;8;2;2015;.5816832
17;8;2;2016;.6211184
17;8;2;2017;.5880361
17;8;2;2018;.6816
17;8;2;2019;.6290675
17;8;3;2015;.5816832
17;8;3;2016;.6211184
17;8;3;2017;.5880361
17;8;3;2018;.6816
17;8;3;2019;.6290675
17;9;1;2015;.4972677
17;9;1;2016;.4654634
17;9;1;2017;.5126428
17;9;1;2018;.4484124
17;9;1;2019;.4491646
17;9;2;2015;.4972677
17;9;2;2016;.4654634
17;9;2;2017;.5126428
17;9;2;2018;.4484124
17;9;2;2019;.4491646
17;9;3;2015;.4972677
17;9;3;2016;.4654634
17;9;3;2017;.5126428
17;9;3;2018;.4484124
17;9;3;2019;.4491646
17;10;1;2015;.3690211
17;10;1;2016;.3672253
17;10;1;2017;.4212326
17;10;1;2018;.3987216
17;10;1;2019;.4458083
17;10;2;2015;.3690211
17;10;2;2016;.3672253
17;10;2;2017;.4212326
17;10;2;2018;.3987216
17;10;2;2019;.4458083
17;10;3;2015;.3690211
17;10;3;2016;.3672253
17;10;3;2017;.4212326
17;10;3;2018;.3987216
17;10;3;2019;.4458083
17;11;1;2015;1
17;11;1;2016;1
17;11;1;2017;1
17;11;1;2018;1
17;11;1;2019;1
17;11;2;2015;1
17;11;2;2016;1
17;11;2;2017;1
17;11;2;2018;1
17;11;2;2019;1
17;11;3;2015;1
17;11;3;2016;1
17;11;3;2017;1
17;11;3;2018;1
17;11;3;2019;1
17;12;1;2015;.8502058
17;12;1;2016;.73025
17;12;1;2017;.6371345
17;12;1;2018;.7747303
17;12;1;2019;.5240253
17;12;2;2015;.8502058
17;12;2;2016;.73025
17;12;2;2017;.6371345
17;12;2;2018;.7747303
17;12;2;2019;.5240253
17;12;3;2015;.8502058
17;12;3;2016;.73025
17;12;3;2017;.6371345
17;12;3;2018;.7747303
17;12;3;2019;.5240253
17;13;1;2015;.4742333
17;13;1;2016;.5307831
17;13;1;2017;.455386
17;13;1;2018;.717235
17;13;1;2019;.7512093
17;13;2;2015;.4742333
17;13;2;2016;.5307831
17;13;2;2017;.455386
17;13;2;2018;.717235
17;13;2;2019;.7512093
17;13;3;2015;.4742333
17;13;3;2016;.5307831
17;13;3;2017;.455386
17;13;3;2018;.717235
17;13;3;2019;.7512093
17;14;1;2015;1
17;14;1;2016;.8430545
17;14;1;2017;1
17;14;1;2018;1
17;14;1;2019;1
17;14;2;2015;1
17;14;2;2016;.8430545
17;14;2;2017;1
17;14;2;2018;1
17;14;2;2019;1
17;14;3;2015;1
17;14;3;2016;.8430545
17;14;3;2017;1
17;14;3;2018;1
17;14;3;2019;1
18;1;1;2015;.019974
18;1;1;2016;.0221978
18;1;1;2017;.0257085
18;1;1;2018;.0253288
18;1;1;2019;.0273322
18;1;2;2015;.019974
18;1;2;2016;.0221978
18;1;2;2017;.0257085
18;1;2;2018;.0253288
18;1;2;2019;.0273322
18;1;3;2015;.019974
18;1;3;2016;.0221978
18;1;3;2017;.0257085
18;1;3;2018;.0253288
18;1;3;2019;.0273322
18;2;1;2015;.0322402
18;2;1;2016;.0330649
18;2;1;2017;.0388925
18;2;1;2018;.0409761
18;2;1;2019;.0473722
18;2;2;2015;.0322402
18;2;2;2016;.0330649
18;2;2;2017;.0388925
18;2;2;2018;.0409761
18;2;2;2019;.0473722
18;2;3;2015;.0322402
18;2;3;2016;.0330649
18;2;3;2017;.0388925
18;2;3;2018;.0409761
18;2;3;2019;.0473722
18;3;1;2015;.0880021
18;3;1;2016;.0906791
18;3;1;2017;.0964611
18;3;1;2018;.095125
18;3;1;2019;.0915414
18;3;2;2015;.0880021
18;3;2;2016;.0906791
18;3;2;2017;.0964611
18;3;2;2018;.095125
18;3;2;2019;.0915414
18;3;3;2015;.0880021
18;3;3;2016;.0906791
18;3;3;2017;.0964611
18;3;3;2018;.095125
18;3;3;2019;.0915414
18;4;1;2015;.1210051
18;4;1;2016;.1371578
18;4;1;2017;.1372177
18;4;1;2018;.1406504
18;4;1;2019;.147664
18;4;2;2015;.1210051
18;4;2;2016;.1371578
18;4;2;2017;.1372177
18;4;2;2018;.1406504
18;4;2;2019;.147664
18;4;3;2015;.1210051
18;4;3;2016;.1371578
18;4;3;2017;.1372177
18;4;3;2018;.1406504
18;4;3;2019;.147664
18;5;1;2015;.1285555
18;5;1;2016;.1370138
18;5;1;2017;.1392408
18;5;1;2018;.1278
18;5;1;2019;.1265568
18;5;2;2015;.1285555
18;5;2;2016;.1370138
18;5;2;2017;.1392408
18;5;2;2018;.1278
18;5;2;2019;.1265568
18;5;3;2015;.1285555
18;5;3;2016;.1370138
18;5;3;2017;.1392408
18;5;3;2018;.1278
18;5;3;2019;.1265568
18;6;1;2015;.2415654
18;6;1;2016;.2348568
18;6;1;2017;.2474588
18;6;1;2018;.2551301
18;6;1;2019;.2322957
18;6;2;2015;.2415654
18;6;2;2016;.2348568
18;6;2;2017;.2474588
18;6;2;2018;.2551301
18;6;2;2019;.2322957
18;6;3;2015;.2415654
18;6;3;2016;.2348568
18;6;3;2017;.2474588
18;6;3;2018;.2551301
18;6;3;2019;.2322957
18;7;1;2015;.2624691
18;7;1;2016;.2804725
18;7;1;2017;.3403519
18;7;1;2018;.2960246
18;7;1;2019;.2817416
18;7;2;2015;.2624691
18;7;2;2016;.2804725
18;7;2;2017;.3403519
18;7;2;2018;.2960246
18;7;2;2019;.2817416
18;7;3;2015;.2624691
18;7;3;2016;.2804725
18;7;3;2017;.3403519
18;7;3;2018;.2960246
18;7;3;2019;.2817416
18;8;1;2015;.5816832
18;8;1;2016;.6211184
18;8;1;2017;.5880361
18;8;1;2018;.6816
18;8;1;2019;.6290675
18;8;2;2015;.5816832
18;8;2;2016;.6211184
18;8;2;2017;.5880361
18;8;2;2018;.6816
18;8;2;2019;.6290675
18;8;3;2015;.5816832
18;8;3;2016;.6211184
18;8;3;2017;.5880361
18;8;3;2018;.6816
18;8;3;2019;.6290675
18;9;1;2015;.4972677
18;9;1;2016;.4654634
18;9;1;2017;.5126428
18;9;1;2018;.4484124
18;9;1;2019;.4491646
18;9;2;2015;.4972677
18;9;2;2016;.4654634
18;9;2;2017;.5126428
18;9;2;2018;.4484124
18;9;2;2019;.4491646
18;9;3;2015;.4972677
18;9;3;2016;.4654634
18;9;3;2017;.5126428
18;9;3;2018;.4484124
18;9;3;2019;.4491646
18;10;1;2015;.3690211
18;10;1;2016;.3672253
18;10;1;2017;.4212326
18;10;1;2018;.3987216
18;10;1;2019;.4458083
18;10;2;2015;.3690211
18;10;2;2016;.3672253
18;10;2;2017;.4212326
18;10;2;2018;.3987216
18;10;2;2019;.4458083
18;10;3;2015;.3690211
18;10;3;2016;.3672253
18;10;3;2017;.4212326
18;10;3;2018;.3987216
18;10;3;2019;.4458083
18;11;1;2015;1
18;11;1;2016;1
18;11;1;2017;1
18;11;1;2018;1
18;11;1;2019;1
18;11;2;2015;1
18;11;2;2016;1
18;11;2;2017;1
18;11;2;2018;1
18;11;2;2019;1
18;11;3;2015;1
18;11;3;2016;1
18;11;3;2017;1
18;11;3;2018;1
18;11;3;2019;1
18;12;1;2015;.8502058
18;12;1;2016;.73025
18;12;1;2017;.6371345
18;12;1;2018;.7747303
18;12;1;2019;.5240253
18;12;2;2015;.8502058
18;12;2;2016;.73025
18;12;2;2017;.6371345
18;12;2;2018;.7747303
18;12;2;2019;.5240253
18;12;3;2015;.8502058
18;12;3;2016;.73025
18;12;3;2017;.6371345
18;12;3;2018;.7747303
18;12;3;2019;.5240253
18;13;1;2015;.4742333
18;13;1;2016;.5307831
18;13;1;2017;.455386
18;13;1;2018;.717235
18;13;1;2019;.7512093
18;13;2;2015;.4742333
18;13;2;2016;.5307831
18;13;2;2017;.455386
18;13;2;2018;.717235
18;13;2;2019;.7512093
18;13;3;2015;.4742333
18;13;3;2016;.5307831
18;13;3;2017;.455386
18;13;3;2018;.717235
18;13;3;2019;.7512093
18;14;1;2015;1
18;14;1;2016;.8430545
18;14;1;2017;1
18;14;1;2018;1
18;14;1;2019;1
18;14;2;2015;1
18;14;2;2016;.8430545
18;14;2;2017;1
18;14;2;2018;1
18;14;2;2019;1
18;14;3;2015;1
18;14;3;2016;.8430545
18;14;3;2017;1
18;14;3;2018;1
18;14;3;2019;1
