region_id;iso_smaf;gr_age;inf1avq0;inf0avq1;inf1avq1;inf0avq0;AVD
1;12;1;0;0;1;0;.1108705
1;6;1;0;0;1;0;.142421
1;8;1;1;0;0;0;.027428
1;10;1;1;0;0;0;.027428
1;10;1;0;1;0;0;.1185426
1;13;1;0;1;0;0;.1104723
1;13;1;0;0;0;1;1
1;8;1;0;0;1;0;.118966
1;3;1;0;0;1;0;.1192074
1;7;1;0;0;1;0;.118966
1;4;1;0;1;0;0;.1419276
1;5;1;0;0;1;0;.118966
1;3;1;0;0;0;1;1
1;11;1;0;1;0;0;.1104723
1;2;1;1;0;0;0;.0274895
1;6;1;0;0;0;1;1
1;11;1;1;0;0;0;.0253821
1;2;1;0;0;1;0;.1192074
1;14;1;0;1;0;0;.1104723
1;14;1;0;0;1;0;.1108705
1;9;1;0;0;0;1;1
1;13;1;0;0;1;0;.1108705
1;4;1;0;0;0;1;1
1;11;1;0;0;1;0;.1108705
1;14;1;1;0;0;0;.0253821
1;7;1;1;0;0;0;.027428
1;5;1;0;1;0;0;.1185426
1;2;1;0;0;0;1;1
1;3;1;1;0;0;0;.0274895
1;12;1;0;0;0;1;1
1;6;1;0;1;0;0;.1419276
1;7;1;0;1;0;0;.1185426
1;3;1;0;1;0;0;.1187832
1;9;1;0;0;1;0;.142421
1;12;1;1;0;0;0;.0253821
1;14;1;0;0;0;1;1
1;4;1;0;0;1;0;.142421
1;12;1;0;1;0;0;.1104723
1;9;1;0;1;0;0;.1419276
1;6;1;1;0;0;0;.0335224
1;5;1;1;0;0;0;.027428
1;9;1;1;0;0;0;.0335224
1;1;1;1;0;0;0;.0274895
1;2;1;0;1;0;0;.1187832
1;1;1;0;0;0;1;1
1;10;1;0;0;1;0;.118966
1;13;1;1;0;0;0;.0253821
1;10;1;0;0;0;1;1
1;11;1;0;0;0;1;1
1;4;1;1;0;0;0;.0335224
1;8;1;0;1;0;0;.1185426
1;1;1;0;1;0;0;.1187832
1;8;1;0;0;0;1;1
1;5;1;0;0;0;1;1
1;1;1;0;0;1;0;.1192074
1;7;1;0;0;0;1;1
1;7;2;1;0;0;0;.0208366
1;13;2;0;0;1;0;.0859994
1;3;2;0;0;1;0;.092661
1;13;2;1;0;0;0;.0192726
1;11;2;1;0;0;0;.0192726
1;10;2;0;0;0;1;1
1;2;2;0;1;0;0;.0923214
1;2;2;0;0;0;1;1
1;9;2;0;1;0;0;.110959
1;12;2;0;0;1;0;.0859994
1;1;2;0;1;0;0;.0923214
1;12;2;1;0;0;0;.0192726
1;3;2;1;0;0;0;.0208836
1;1;2;1;0;0;0;.0208836
1;5;2;0;1;0;0;.0921288
1;10;2;1;0;0;0;.0208366
1;5;2;0;0;0;1;1
1;5;2;1;0;0;0;.0208366
1;14;2;0;0;0;1;1
1;14;2;1;0;0;0;.0192726
1;14;2;0;0;1;0;.0859994
1;1;2;0;0;1;0;.092661
1;11;2;0;1;0;0;.0856819
1;7;2;0;0;0;1;1
1;14;2;0;1;0;0;.0856819
1;9;2;1;0;0;0;.0255047
1;6;2;0;0;0;1;1
1;8;2;0;1;0;0;.0921288
1;6;2;0;0;1;0;.1113587
1;10;2;0;0;1;0;.0924677
1;6;2;0;1;0;0;.110959
1;8;2;1;0;0;0;.0208366
1;11;2;0;0;1;0;.0859994
1;8;2;0;0;1;0;.0924677
1;2;2;0;0;1;0;.092661
1;13;2;0;0;0;1;1
1;12;2;0;1;0;0;.0856819
1;3;2;0;0;0;1;1
1;9;2;0;0;1;0;.1113587
1;5;2;0;0;1;0;.0924677
1;2;2;1;0;0;0;.0208836
1;4;2;0;1;0;0;.110959
1;4;2;0;0;0;1;1
1;13;2;0;1;0;0;.0856819
1;11;2;0;0;0;1;1
1;1;2;0;0;0;1;1
1;9;2;0;0;0;1;1
1;4;2;0;0;1;0;.1113587
1;12;2;0;0;0;1;1
1;7;2;0;0;1;0;.0924677
1;6;2;1;0;0;0;.0255047
1;3;2;0;1;0;0;.0923214
1;8;2;0;0;0;1;1
1;4;2;1;0;0;0;.0255047
1;7;2;0;1;0;0;.0921288
1;10;2;0;1;0;0;.0921288
1;9;3;1;0;0;0;.0096214
1;7;3;0;1;0;0;.0363001
1;6;3;0;0;0;1;1
1;8;3;0;0;1;0;.0364419
1;14;3;0;1;0;0;.0336152
1;11;3;0;1;0;0;.0336152
1;4;3;0;0;0;1;1
1;8;3;0;0;0;1;1
1;5;3;0;0;1;0;.0364419
1;10;3;0;1;0;0;.0363001
1;7;3;0;0;0;1;1
1;12;3;0;1;0;0;.0336152
1;7;3;1;0;0;0;.007837
1;10;3;0;0;1;0;.0364419
1;4;3;0;0;1;0;.0444474
1;5;3;0;0;0;1;1
1;4;3;0;1;0;0;.0442759
1;3;3;0;0;1;0;.0365227
1;3;3;0;0;0;1;1
1;6;3;0;1;0;0;.0442759
1;12;3;1;0;0;0;.0072415
1;3;3;1;0;0;0;.0078549
1;1;3;0;0;0;1;1
1;14;3;1;0;0;0;.0072415
1;12;3;0;0;0;1;1
1;6;3;0;0;1;0;.0444474
1;6;3;1;0;0;0;.0096214
1;1;3;0;1;0;0;.0363806
1;1;3;1;0;0;0;.0078549
1;4;3;1;0;0;0;.0096214
1;13;3;1;0;0;0;.0072415
1;13;3;0;0;1;0;.0337469
1;5;3;0;1;0;0;.0363001
1;13;3;0;0;0;1;1
1;10;3;0;0;0;1;1
1;8;3;1;0;0;0;.007837
1;3;3;0;1;0;0;.0363806
1;9;3;0;0;1;0;.0444474
1;13;3;0;1;0;0;.0336152
1;14;3;0;0;0;1;1
1;10;3;1;0;0;0;.007837
1;7;3;0;0;1;0;.0364419
1;1;3;0;0;1;0;.0365227
1;2;3;0;0;0;1;1
1;14;3;0;0;1;0;.0337469
1;2;3;1;0;0;0;.0078549
1;9;3;0;1;0;0;.0442759
1;11;3;0;0;1;0;.0337469
1;11;3;1;0;0;0;.0072415
1;9;3;0;0;0;1;1
1;2;3;0;0;1;0;.0365227
1;12;3;0;0;1;0;.0337469
1;8;3;0;1;0;0;.0363001
1;11;3;0;0;0;1;1
1;5;3;1;0;0;0;.007837
1;2;3;0;1;0;0;.0363806
2;3;1;0;0;0;1;1
2;4;1;0;1;0;0;.4392706
2;6;1;0;0;0;1;1
2;4;1;0;0;0;1;1
2;3;1;0;1;0;0;.4132018
2;2;1;0;1;0;0;.4132018
2;2;1;0;0;0;1;1
2;9;1;0;0;0;1;1
2;9;1;0;0;1;0;.452605
2;13;1;0;0;1;0;.305749
2;1;1;0;1;0;0;.4132018
2;3;1;0;0;1;0;.4263465
2;2;1;0;0;1;0;.4263465
2;5;1;0;0;0;1;1
2;7;1;1;0;0;0;.1339186
2;12;1;0;0;1;0;.305749
2;9;1;1;0;0;0;.1823282
2;4;1;0;0;1;0;.452605
2;12;1;0;0;0;1;1
2;5;1;0;0;1;0;.3644167
2;11;1;1;0;0;0;.1061608
2;5;1;0;1;0;0;.3520098
2;6;1;0;1;0;0;.4392706
2;14;1;0;0;0;1;1
2;1;1;1;0;0;0;.1669673
2;1;1;0;0;1;0;.4263465
2;8;1;0;0;1;0;.3644167
2;13;1;0;0;0;1;1
2;6;1;0;0;1;0;.452605
2;7;1;0;0;1;0;.3644167
2;9;1;0;1;0;0;.4392706
2;14;1;0;1;0;0;.2944142
2;14;1;1;0;0;0;.1061608
2;10;1;1;0;0;0;.1339186
2;2;1;1;0;0;0;.1669673
2;4;1;1;0;0;0;.1823282
2;12;1;1;0;0;0;.1061608
2;8;1;1;0;0;0;.1339186
2;11;1;0;0;0;1;1
2;8;1;0;1;0;0;.3520098
2;11;1;0;1;0;0;.2944142
2;8;1;0;0;0;1;1
2;10;1;0;0;0;1;1
2;12;1;0;1;0;0;.2944142
2;1;1;0;0;0;1;1
2;13;1;1;0;0;0;.1061608
2;3;1;1;0;0;0;.1669673
2;7;1;0;0;0;1;1
2;6;1;1;0;0;0;.1823282
2;10;1;0;1;0;0;.3520098
2;14;1;0;0;1;0;.305749
2;13;1;0;1;0;0;.2944142
2;7;1;0;1;0;0;.3520098
2;10;1;0;0;1;0;.3644167
2;11;1;0;0;1;0;.305749
2;5;1;1;0;0;0;.1339186
2;2;2;0;0;1;0;.3569249
2;14;2;1;0;0;0;.0814704
2;14;2;0;1;0;0;.2375781
2;9;2;1;0;0;0;.1427523
2;10;2;0;0;1;0;.2998089
2;10;2;0;0;0;1;1
2;11;2;0;1;0;0;.2375781
2;6;2;1;0;0;0;.1427523
2;13;2;0;0;0;1;1
2;5;2;0;0;1;0;.2998089
2;6;2;0;0;1;0;.3817531
2;10;2;1;0;0;0;.1035201
2;3;2;1;0;0;0;.1301948
2;12;2;0;0;1;0;.2474923
2;2;2;0;0;0;1;1
2;14;2;0;0;0;1;1
2;7;2;1;0;0;0;.1035201
2;12;2;0;1;0;0;.2375781
2;8;2;0;1;0;0;.2886028
2;9;2;0;0;1;0;.3817531
2;11;2;0;0;0;1;1
2;6;2;0;0;0;1;1
2;3;2;0;1;0;0;.3446347
2;1;2;1;0;0;0;.1301948
2;4;2;0;1;0;0;.3690986
2;4;2;1;0;0;0;.1427523
2;7;2;0;0;1;0;.2998089
2;13;2;1;0;0;0;.0814704
2;7;2;0;1;0;0;.2886028
2;1;2;0;1;0;0;.3446347
2;2;2;1;0;0;0;.1301948
2;10;2;0;1;0;0;.2886028
2;1;2;0;0;1;0;.3569249
2;8;2;0;0;0;1;1
2;4;2;0;0;1;0;.3817531
2;14;2;0;0;1;0;.2474923
2;13;2;0;0;1;0;.2474923
2;3;2;0;0;1;0;.3569249
2;2;2;0;1;0;0;.3446347
2;13;2;0;1;0;0;.2375781
2;5;2;0;1;0;0;.2886028
2;12;2;1;0;0;0;.0814704
2;4;2;0;0;0;1;1
2;9;2;0;1;0;0;.3690986
2;11;2;0;0;1;0;.2474923
2;5;2;1;0;0;0;.1035201
2;11;2;1;0;0;0;.0814704
2;6;2;0;1;0;0;.3690986
2;3;2;0;0;0;1;1
2;12;2;0;0;0;1;1
2;1;2;0;0;0;1;1
2;8;2;1;0;0;0;.1035201
2;5;2;0;0;0;1;1
2;9;2;0;0;0;1;1
2;8;2;0;0;1;0;.2998089
2;7;2;0;0;0;1;1
2;9;3;1;0;0;0;.081238
2;3;3;0;1;0;0;.2182769
2;4;3;0;0;0;1;1
2;10;3;0;0;0;1;1
2;11;3;1;0;0;0;.0449779
2;7;3;0;0;0;1;1
2;7;3;1;0;0;0;.0577723
2;2;3;0;1;0;0;.2182769
2;13;3;0;0;0;1;1
2;2;3;0;0;0;1;1
2;5;3;0;0;1;0;.1852407
2;4;3;0;1;0;0;.2370152
2;14;3;0;1;0;0;.1419689
2;1;3;0;0;1;0;.2276261
2;14;3;1;0;0;0;.0449779
2;3;3;0;0;0;1;1
2;8;3;1;0;0;0;.0577723
2;14;3;0;0;1;0;.1486713
2;2;3;0;0;1;0;.2276261
2;6;3;0;1;0;0;.2370152
2;8;3;0;0;0;1;1
2;13;3;0;1;0;0;.1419689
2;11;3;0;1;0;0;.1419689
2;1;3;0;0;0;1;1
2;5;3;0;0;0;1;1
2;11;3;0;0;0;1;1
2;12;3;0;0;1;0;.1486713
2;1;3;0;1;0;0;.2182769
2;6;3;0;0;1;0;.2469134
2;6;3;1;0;0;0;.081238
2;12;3;0;1;0;0;.1419689
2;10;3;0;1;0;0;.177233
2;2;3;1;0;0;0;.0736269
2;7;3;0;0;1;0;.1852407
2;12;3;1;0;0;0;.0449779
2;7;3;0;1;0;0;.177233
2;4;3;1;0;0;0;.081238
2;12;3;0;0;0;1;1
2;9;3;0;0;1;0;.2469134
2;1;3;1;0;0;0;.0736269
2;13;3;0;0;1;0;.1486713
2;14;3;0;0;0;1;1
2;4;3;0;0;1;0;.2469134
2;5;3;1;0;0;0;.0577723
2;8;3;0;1;0;0;.177233
2;9;3;0;0;0;1;1
2;13;3;1;0;0;0;.0449779
2;11;3;0;0;1;0;.1486713
2;10;3;0;0;1;0;.1852407
2;10;3;1;0;0;0;.0577723
2;5;3;0;1;0;0;.177233
2;9;3;0;1;0;0;.2370152
2;6;3;0;0;0;1;1
2;3;3;0;0;1;0;.2276261
2;8;3;0;0;1;0;.1852407
2;3;3;1;0;0;0;.0736269
3;9;1;0;1;0;0;.2294273
3;10;1;0;1;0;0;.2192934
3;4;1;1;0;0;0;.0386678
3;9;1;1;0;0;0;.0386678
3;3;1;0;0;1;0;.16042
3;8;1;0;0;1;0;.163985
3;13;1;0;0;1;0;.128261
3;3;1;1;0;0;0;.0356471
3;5;1;1;0;0;0;.0365601
3;2;1;0;1;0;0;.214835
3;13;1;0;0;0;1;1
3;14;1;1;0;0;0;.0276765
3;12;1;0;1;0;0;.1740287
3;6;1;0;0;0;1;1
3;8;1;0;1;0;0;.2192934
3;11;1;0;0;0;1;1
3;8;1;1;0;0;0;.0365601
3;1;1;1;0;0;0;.0356471
3;11;1;0;1;0;0;.1740287
3;6;1;0;1;0;0;.2294273
3;14;1;0;0;1;0;.128261
3;7;1;0;1;0;0;.2192934
3;5;1;0;1;0;0;.2192934
3;5;1;0;0;0;1;1
3;9;1;0;0;0;1;1
3;2;1;0;0;0;1;1
3;3;1;0;1;0;0;.214835
3;4;1;0;1;0;0;.2294273
3;12;1;0;0;0;1;1
3;7;1;1;0;0;0;.0365601
3;1;1;0;0;1;0;.16042
3;7;1;0;0;0;1;1
3;1;1;0;1;0;0;.214835
3;11;1;0;0;1;0;.128261
3;2;1;1;0;0;0;.0356471
3;10;1;0;0;0;1;1
3;10;1;0;0;1;0;.163985
3;10;1;1;0;0;0;.0365601
3;2;1;0;0;1;0;.16042
3;13;1;0;1;0;0;.1740287
3;11;1;1;0;0;0;.0276765
3;4;1;0;0;0;1;1
3;3;1;0;0;0;1;1
3;5;1;0;0;1;0;.163985
3;1;1;0;0;0;1;1
3;12;1;0;0;1;0;.128261
3;13;1;1;0;0;0;.0276765
3;6;1;1;0;0;0;.0386678
3;8;1;0;0;0;1;1
3;12;1;1;0;0;0;.0276765
3;14;1;0;0;0;1;1
3;14;1;0;1;0;0;.1740287
3;6;1;0;0;1;0;.1721265
3;9;1;0;0;1;0;.1721265
3;7;1;0;0;1;0;.163985
3;4;1;0;0;1;0;.1721265
3;12;2;0;1;0;0;.1223343
3;1;2;0;0;1;0;.1122188
3;14;2;0;1;0;0;.1223343
3;3;2;0;0;0;1;1
3;2;2;0;0;1;0;.1122188
3;14;2;0;0;1;0;.0887017
3;4;2;1;0;0;0;.0259199
3;12;2;0;0;1;0;.0887017
3;2;2;1;0;0;0;.0238704
3;8;2;0;1;0;0;.1567043
3;7;2;1;0;0;0;.0244894
3;13;2;0;1;0;0;.1223343
3;9;2;0;0;1;0;.1209144
3;4;2;0;1;0;0;.1645555
3;4;2;0;0;0;1;1
3;14;2;1;0;0;0;.0184825
3;10;2;1;0;0;0;.0244894
3;11;2;0;0;0;1;1
3;11;2;0;0;1;0;.0887017
3;5;2;0;1;0;0;.1567043
3;10;2;0;0;1;0;.1148592
3;7;2;0;1;0;0;.1567043
3;2;2;0;1;0;0;.1532686
3;9;2;0;0;0;1;1
3;7;2;0;0;1;0;.1148592
3;7;2;0;0;0;1;1
3;12;2;0;0;0;1;1
3;5;2;0;0;1;0;.1148592
3;6;2;0;0;1;0;.1209144
3;3;2;0;0;1;0;.1122188
3;6;2;0;1;0;0;.1645555
3;10;2;0;1;0;0;.1567043
3;1;2;0;1;0;0;.1532686
3;6;2;0;0;0;1;1
3;11;2;0;1;0;0;.1223343
3;8;2;1;0;0;0;.0244894
3;2;2;0;0;0;1;1
3;10;2;0;0;0;1;1
3;9;2;0;1;0;0;.1645555
3;11;2;1;0;0;0;.0184825
3;8;2;0;0;1;0;.1148592
3;13;2;0;0;0;1;1
3;3;2;1;0;0;0;.0238704
3;5;2;1;0;0;0;.0244894
3;8;2;0;0;0;1;1
3;13;2;0;0;1;0;.0887017
3;14;2;0;0;0;1;1
3;4;2;0;0;1;0;.1209144
3;5;2;0;0;0;1;1
3;1;2;1;0;0;0;.0238704
3;9;2;1;0;0;0;.0259199
3;6;2;1;0;0;0;.0259199
3;3;2;0;1;0;0;.1532686
3;12;2;1;0;0;0;.0184825
3;13;2;1;0;0;0;.0184825
3;1;2;0;0;0;1;1
3;12;3;0;0;1;0;.0296744
3;10;3;0;0;1;0;.0391734
3;11;3;0;1;0;0;.0419564
3;11;3;0;0;1;0;.0296744
3;6;3;0;0;1;0;.0414254
3;2;3;0;0;0;1;1
3;13;3;0;1;0;0;.0419564
3;9;3;0;1;0;0;.0582788
3;7;3;0;0;0;1;1
3;1;3;1;0;0;0;.0076247
3;14;3;0;0;0;1;1
3;8;3;1;0;0;0;.0078258
3;9;3;0;0;0;1;1
3;10;3;0;1;0;0;.0551634
3;9;3;1;0;0;0;.0082912
3;14;3;1;0;0;0;.0058816
3;7;3;0;1;0;0;.0551634
3;14;3;0;0;1;0;.0296744
3;13;3;1;0;0;0;.0058816
3;1;3;0;1;0;0;.0538119
3;1;3;0;0;0;1;1
3;6;3;0;0;0;1;1
3;12;3;0;0;0;1;1
3;12;3;0;1;0;0;.0419564
3;7;3;0;0;1;0;.0391734
3;12;3;1;0;0;0;.0058816
3;13;3;0;0;1;0;.0296744
3;10;3;1;0;0;0;.0078258
3;2;3;1;0;0;0;.0076247
3;3;3;0;0;0;1;1
3;7;3;1;0;0;0;.0078258
3;5;3;0;0;1;0;.0391734
3;4;3;0;1;0;0;.0582788
3;3;3;0;1;0;0;.0538119
3;13;3;0;0;0;1;1
3;8;3;0;1;0;0;.0551634
3;8;3;0;0;0;1;1
3;3;3;1;0;0;0;.0076247
3;2;3;0;1;0;0;.0538119
3;6;3;1;0;0;0;.0082912
3;2;3;0;0;1;0;.0381979
3;1;3;0;0;1;0;.0381979
3;3;3;0;0;1;0;.0381979
3;4;3;1;0;0;0;.0082912
3;6;3;0;1;0;0;.0582788
3;8;3;0;0;1;0;.0391734
3;10;3;0;0;0;1;1
3;4;3;0;0;0;1;1
3;11;3;1;0;0;0;.0058816
3;9;3;0;0;1;0;.0414254
3;5;3;0;1;0;0;.0551634
3;11;3;0;0;0;1;1
3;14;3;0;1;0;0;.0419564
3;4;3;0;0;1;0;.0414254
3;5;3;1;0;0;0;.0078258
3;5;3;0;0;0;1;1
4;13;1;1;0;0;0;.0276765
4;9;1;0;1;0;0;.2294273
4;2;1;0;1;0;0;.214835
4;12;1;0;0;0;1;1
4;3;1;1;0;0;0;.0356471
4;11;1;0;0;1;0;.128261
4;14;1;0;1;0;0;.1740287
4;8;1;0;1;0;0;.2192934
4;1;1;1;0;0;0;.0356471
4;5;1;0;1;0;0;.2192934
4;8;1;0;0;0;1;1
4;14;1;1;0;0;0;.0276765
4;9;1;0;0;0;1;1
4;10;1;0;0;1;0;.163985
4;7;1;1;0;0;0;.0365601
4;13;1;0;0;0;1;1
4;4;1;1;0;0;0;.0386678
4;11;1;0;1;0;0;.1740287
4;5;1;0;0;0;1;1
4;7;1;0;1;0;0;.2192934
4;5;1;1;0;0;0;.0365601
4;2;1;0;0;1;0;.16042
4;6;1;0;0;0;1;1
4;2;1;0;0;0;1;1
4;14;1;0;0;1;0;.128261
4;11;1;0;0;0;1;1
4;11;1;1;0;0;0;.0276765
4;2;1;1;0;0;0;.0356471
4;1;1;0;0;0;1;1
4;4;1;0;0;0;1;1
4;14;1;0;0;0;1;1
4;3;1;0;1;0;0;.214835
4;9;1;0;0;1;0;.1721265
4;1;1;0;1;0;0;.214835
4;12;1;1;0;0;0;.0276765
4;10;1;1;0;0;0;.0365601
4;10;1;0;1;0;0;.2192934
4;12;1;0;0;1;0;.128261
4;6;1;0;0;1;0;.1721265
4;5;1;0;0;1;0;.163985
4;12;1;0;1;0;0;.1740287
4;10;1;0;0;0;1;1
4;13;1;0;1;0;0;.1740287
4;4;1;0;1;0;0;.2294273
4;13;1;0;0;1;0;.128261
4;8;1;1;0;0;0;.0365601
4;8;1;0;0;1;0;.163985
4;3;1;0;0;1;0;.16042
4;1;1;0;0;1;0;.16042
4;3;1;0;0;0;1;1
4;6;1;0;1;0;0;.2294273
4;4;1;0;0;1;0;.1721265
4;7;1;0;0;1;0;.163985
4;6;1;1;0;0;0;.0386678
4;9;1;1;0;0;0;.0386678
4;7;1;0;0;0;1;1
4;10;2;1;0;0;0;.0244894
4;13;2;0;0;0;1;1
4;2;2;0;0;0;1;1
4;14;2;0;1;0;0;.1223343
4;7;2;0;1;0;0;.1567043
4;12;2;0;0;0;1;1
4;2;2;0;1;0;0;.1532686
4;4;2;0;0;1;0;.1209144
4;11;2;0;0;0;1;1
4;6;2;0;0;1;0;.1209144
4;13;2;0;0;1;0;.0887017
4;1;2;1;0;0;0;.0238704
4;8;2;0;0;1;0;.1148592
4;13;2;1;0;0;0;.0184825
4;3;2;0;0;1;0;.1122188
4;4;2;0;0;0;1;1
4;4;2;1;0;0;0;.0259199
4;11;2;0;1;0;0;.1223343
4;9;2;1;0;0;0;.0259199
4;3;2;0;1;0;0;.1532686
4;12;2;0;0;1;0;.0887017
4;6;2;1;0;0;0;.0259199
4;2;2;1;0;0;0;.0238704
4;1;2;0;0;1;0;.1122188
4;1;2;0;0;0;1;1
4;5;2;0;0;0;1;1
4;12;2;0;1;0;0;.1223343
4;12;2;1;0;0;0;.0184825
4;1;2;0;1;0;0;.1532686
4;11;2;1;0;0;0;.0184825
4;2;2;0;0;1;0;.1122188
4;7;2;0;0;0;1;1
4;5;2;0;1;0;0;.1567043
4;7;2;1;0;0;0;.0244894
4;4;2;0;1;0;0;.1645555
4;7;2;0;0;1;0;.1148592
4;3;2;0;0;0;1;1
4;9;2;0;0;1;0;.1209144
4;3;2;1;0;0;0;.0238704
4;9;2;0;0;0;1;1
4;8;2;0;1;0;0;.1567043
4;10;2;0;1;0;0;.1567043
4;10;2;0;0;0;1;1
4;5;2;1;0;0;0;.0244894
4;10;2;0;0;1;0;.1148592
4;6;2;0;1;0;0;.1645555
4;6;2;0;0;0;1;1
4;14;2;0;0;1;0;.0887017
4;11;2;0;0;1;0;.0887017
4;8;2;1;0;0;0;.0244894
4;9;2;0;1;0;0;.1645555
4;14;2;0;0;0;1;1
4;13;2;0;1;0;0;.1223343
4;5;2;0;0;1;0;.1148592
4;14;2;1;0;0;0;.0184825
4;8;2;0;0;0;1;1
4;10;3;0;1;0;0;.0551634
4;10;3;0;0;1;0;.0391734
4;1;3;0;1;0;0;.0538119
4;6;3;1;0;0;0;.0082912
4;14;3;0;1;0;0;.0419564
4;5;3;0;0;1;0;.0391734
4;12;3;1;0;0;0;.0058816
4;3;3;0;0;1;0;.0381979
4;9;3;0;1;0;0;.0582788
4;4;3;0;0;0;1;1
4;5;3;1;0;0;0;.0078258
4;2;3;0;0;1;0;.0381979
4;12;3;0;0;1;0;.0296744
4;8;3;0;0;1;0;.0391734
4;9;3;0;0;0;1;1
4;11;3;1;0;0;0;.0058816
4;7;3;0;0;1;0;.0391734
4;9;3;0;0;1;0;.0414254
4;3;3;0;0;0;1;1
4;11;3;0;1;0;0;.0419564
4;4;3;1;0;0;0;.0082912
4;10;3;0;0;0;1;1
4;13;3;0;0;1;0;.0296744
4;2;3;0;1;0;0;.0538119
4;5;3;0;1;0;0;.0551634
4;12;3;0;0;0;1;1
4;9;3;1;0;0;0;.0082912
4;6;3;0;0;1;0;.0414254
4;14;3;0;0;0;1;1
4;7;3;1;0;0;0;.0078258
4;8;3;1;0;0;0;.0078258
4;12;3;0;1;0;0;.0419564
4;14;3;1;0;0;0;.0058816
4;1;3;0;0;0;1;1
4;3;3;0;1;0;0;.0538119
4;13;3;1;0;0;0;.0058816
4;13;3;0;1;0;0;.0419564
4;5;3;0;0;0;1;1
4;7;3;0;1;0;0;.0551634
4;11;3;0;0;0;1;1
4;4;3;0;1;0;0;.0582788
4;11;3;0;0;1;0;.0296744
4;8;3;0;1;0;0;.0551634
4;3;3;1;0;0;0;.0076247
4;8;3;0;0;0;1;1
4;2;3;1;0;0;0;.0076247
4;6;3;0;0;0;1;1
4;4;3;0;0;1;0;.0414254
4;13;3;0;0;0;1;1
4;10;3;1;0;0;0;.0078258
4;6;3;0;1;0;0;.0582788
4;7;3;0;0;0;1;1
4;2;3;0;0;0;1;1
4;1;3;0;0;1;0;.0381979
4;1;3;1;0;0;0;.0076247
4;14;3;0;0;1;0;.0296744
5;9;1;0;0;1;0;.1721265
5;4;1;0;0;0;1;1
5;7;1;0;0;1;0;.163985
5;6;1;0;0;1;0;.1721265
5;5;1;1;0;0;0;.0365601
5;1;1;0;1;0;0;.214835
5;14;1;1;0;0;0;.0276765
5;4;1;1;0;0;0;.0386678
5;13;1;0;0;0;1;1
5;10;1;0;0;0;1;1
5;5;1;0;1;0;0;.2192934
5;9;1;0;0;0;1;1
5;10;1;0;1;0;0;.2192934
5;7;1;0;0;0;1;1
5;10;1;0;0;1;0;.163985
5;2;1;0;0;1;0;.16042
5;8;1;0;0;0;1;1
5;6;1;1;0;0;0;.0386678
5;10;1;1;0;0;0;.0365601
5;1;1;0;0;1;0;.16042
5;9;1;0;1;0;0;.2294273
5;12;1;0;0;0;1;1
5;1;1;0;0;0;1;1
5;3;1;1;0;0;0;.0356471
5;5;1;0;0;0;1;1
5;12;1;0;0;1;0;.128261
5;12;1;1;0;0;0;.0276765
5;2;1;0;1;0;0;.214835
5;9;1;1;0;0;0;.0386678
5;6;1;0;1;0;0;.2294273
5;14;1;0;0;0;1;1
5;13;1;0;0;1;0;.128261
5;11;1;0;1;0;0;.1740287
5;8;1;1;0;0;0;.0365601
5;14;1;0;1;0;0;.1740287
5;4;1;0;1;0;0;.2294273
5;13;1;0;1;0;0;.1740287
5;6;1;0;0;0;1;1
5;7;1;0;1;0;0;.2192934
5;3;1;0;0;1;0;.16042
5;4;1;0;0;1;0;.1721265
5;2;1;0;0;0;1;1
5;11;1;0;0;0;1;1
5;12;1;0;1;0;0;.1740287
5;3;1;0;1;0;0;.214835
5;8;1;0;1;0;0;.2192934
5;8;1;0;0;1;0;.163985
5;5;1;0;0;1;0;.163985
5;13;1;1;0;0;0;.0276765
5;1;1;1;0;0;0;.0356471
5;11;1;1;0;0;0;.0276765
5;3;1;0;0;0;1;1
5;11;1;0;0;1;0;.128261
5;2;1;1;0;0;0;.0356471
5;7;1;1;0;0;0;.0365601
5;14;1;0;0;1;0;.128261
5;4;2;0;0;1;0;.1209144
5;7;2;0;0;0;1;1
5;9;2;0;0;0;1;1
5;12;2;0;0;1;0;.0887017
5;4;2;0;0;0;1;1
5;5;2;0;0;1;0;.1148592
5;3;2;1;0;0;0;.0238704
5;2;2;0;0;1;0;.1122188
5;3;2;0;1;0;0;.1532686
5;6;2;0;0;0;1;1
5;2;2;0;0;0;1;1
5;6;2;1;0;0;0;.0259199
5;10;2;0;0;0;1;1
5;11;2;0;1;0;0;.1223343
5;3;2;0;0;1;0;.1122188
5;5;2;1;0;0;0;.0244894
5;2;2;1;0;0;0;.0238704
5;1;2;0;0;0;1;1
5;13;2;0;1;0;0;.1223343
5;2;2;0;1;0;0;.1532686
5;14;2;1;0;0;0;.0184825
5;7;2;1;0;0;0;.0244894
5;8;2;1;0;0;0;.0244894
5;9;2;0;0;1;0;.1209144
5;1;2;0;0;1;0;.1122188
5;11;2;0;0;0;1;1
5;14;2;0;0;0;1;1
5;11;2;0;0;1;0;.0887017
5;11;2;1;0;0;0;.0184825
5;4;2;0;1;0;0;.1645555
5;3;2;0;0;0;1;1
5;9;2;0;1;0;0;.1645555
5;7;2;0;0;1;0;.1148592
5;13;2;1;0;0;0;.0184825
5;8;2;0;0;0;1;1
5;10;2;1;0;0;0;.0244894
5;14;2;0;0;1;0;.0887017
5;8;2;0;0;1;0;.1148592
5;6;2;0;0;1;0;.1209144
5;13;2;0;0;1;0;.0887017
5;9;2;1;0;0;0;.0259199
5;12;2;0;0;0;1;1
5;10;2;0;0;1;0;.1148592
5;10;2;0;1;0;0;.1567043
5;8;2;0;1;0;0;.1567043
5;6;2;0;1;0;0;.1645555
5;1;2;0;1;0;0;.1532686
5;7;2;0;1;0;0;.1567043
5;14;2;0;1;0;0;.1223343
5;12;2;1;0;0;0;.0184825
5;13;2;0;0;0;1;1
5;12;2;0;1;0;0;.1223343
5;1;2;1;0;0;0;.0238704
5;4;2;1;0;0;0;.0259199
5;5;2;0;1;0;0;.1567043
5;5;2;0;0;0;1;1
5;10;3;0;0;0;1;1
5;11;3;1;0;0;0;.0058816
5;4;3;0;0;1;0;.0414254
5;4;3;0;1;0;0;.0582788
5;14;3;0;1;0;0;.0419564
5;5;3;1;0;0;0;.0078258
5;12;3;0;0;0;1;1
5;14;3;1;0;0;0;.0058816
5;5;3;0;0;0;1;1
5;8;3;0;0;1;0;.0391734
5;10;3;0;0;1;0;.0391734
5;7;3;0;0;1;0;.0391734
5;6;3;0;0;0;1;1
5;2;3;1;0;0;0;.0076247
5;1;3;0;1;0;0;.0538119
5;6;3;0;0;1;0;.0414254
5;8;3;0;1;0;0;.0551634
5;11;3;0;0;0;1;1
5;10;3;0;1;0;0;.0551634
5;8;3;1;0;0;0;.0078258
5;3;3;1;0;0;0;.0076247
5;9;3;0;0;0;1;1
5;6;3;0;1;0;0;.0582788
5;2;3;0;0;0;1;1
5;2;3;0;1;0;0;.0538119
5;4;3;1;0;0;0;.0082912
5;13;3;0;1;0;0;.0419564
5;7;3;1;0;0;0;.0078258
5;7;3;0;1;0;0;.0551634
5;5;3;0;0;1;0;.0391734
5;3;3;0;1;0;0;.0538119
5;11;3;0;0;1;0;.0296744
5;2;3;0;0;1;0;.0381979
5;1;3;0;0;0;1;1
5;1;3;1;0;0;0;.0076247
5;13;3;0;0;1;0;.0296744
5;11;3;0;1;0;0;.0419564
5;1;3;0;0;1;0;.0381979
5;12;3;0;0;1;0;.0296744
5;3;3;0;0;1;0;.0381979
5;5;3;0;1;0;0;.0551634
5;9;3;1;0;0;0;.0082912
5;9;3;0;1;0;0;.0582788
5;10;3;1;0;0;0;.0078258
5;9;3;0;0;1;0;.0414254
5;12;3;1;0;0;0;.0058816
5;3;3;0;0;0;1;1
5;14;3;0;0;0;1;1
5;7;3;0;0;0;1;1
5;13;3;1;0;0;0;.0058816
5;6;3;1;0;0;0;.0082912
5;12;3;0;1;0;0;.0419564
5;14;3;0;0;1;0;.0296744
5;8;3;0;0;0;1;1
5;13;3;0;0;0;1;1
5;4;3;0;0;0;1;1
6;13;1;0;0;1;0;.1339087
6;10;1;1;0;0;0;.0394197
6;1;1;1;0;0;0;.0282439
6;4;1;0;1;0;0;.1592234
6;13;1;0;1;0;0;.1056855
6;1;1;0;0;1;0;.1584448
6;2;1;0;0;0;1;1
6;6;1;1;0;0;0;.0368398
6;14;1;0;1;0;0;.1056855
6;6;1;0;0;0;1;1
6;3;1;0;0;1;0;.1584448
6;5;1;0;1;0;0;.1688713
6;12;1;1;0;0;0;.0233117
6;12;1;0;0;1;0;.1339087
6;11;1;0;1;0;0;.1056855
6;2;1;1;0;0;0;.0282439
6;6;1;0;1;0;0;.1592234
6;10;1;0;0;1;0;.2100058
6;13;1;1;0;0;0;.0233117
6;9;1;0;1;0;0;.1592234
6;8;1;0;0;1;0;.2100058
6;7;1;0;0;1;0;.2100058
6;8;1;1;0;0;0;.0394197
6;14;1;0;0;0;1;1
6;5;1;1;0;0;0;.0394197
6;10;1;0;0;0;1;1
6;4;1;0;0;0;1;1
6;3;1;1;0;0;0;.0282439
6;7;1;1;0;0;0;.0394197
6;5;1;0;0;1;0;.2100058
6;5;1;0;0;0;1;1
6;13;1;0;0;0;1;1
6;9;1;1;0;0;0;.0368398
6;2;1;0;0;1;0;.1584448
6;11;1;1;0;0;0;.0233117
6;14;1;0;0;1;0;.1339087
6;9;1;0;0;1;0;.1985694
6;12;1;0;1;0;0;.1056855
6;8;1;0;0;0;1;1
6;11;1;0;0;1;0;.1339087
6;4;1;0;0;1;0;.1985694
6;3;1;0;1;0;0;.1258014
6;3;1;0;0;0;1;1
6;1;1;0;1;0;0;.1258014
6;10;1;0;1;0;0;.1688713
6;11;1;0;0;0;1;1
6;1;1;0;0;0;1;1
6;12;1;0;0;0;1;1
6;4;1;1;0;0;0;.0368398
6;7;1;0;0;0;1;1
6;7;1;0;1;0;0;.1688713
6;14;1;1;0;0;0;.0233117
6;9;1;0;0;0;1;1
6;6;1;0;0;1;0;.1985694
6;8;1;0;1;0;0;.1688713
6;2;1;0;1;0;0;.1258014
6;5;2;1;0;0;0;.0253749
6;5;2;0;0;0;1;1
6;1;2;0;0;1;0;.1067035
6;11;2;0;0;1;0;.0893294
6;9;2;0;1;0;0;.1072602
6;9;2;0;0;0;1;1
6;2;2;1;0;0;0;.0181059
6;14;2;0;0;1;0;.0893294
6;5;2;0;0;1;0;.1443143
6;12;2;0;0;0;1;1
6;8;2;0;0;1;0;.1443143
6;3;2;0;0;0;1;1
6;14;2;0;0;0;1;1
6;9;2;0;0;1;0;.1358401
6;12;2;0;1;0;0;.0697453
6;2;2;0;0;1;0;.1067035
6;13;2;0;0;1;0;.0893294
6;13;2;1;0;0;0;.0149169
6;11;2;0;0;0;1;1
6;10;2;1;0;0;0;.0253749
6;4;2;1;0;0;0;.0236915
6;3;2;1;0;0;0;.0181059
6;8;2;0;0;0;1;1
6;3;2;0;0;1;0;.1067035
6;7;2;0;1;0;0;.1141871
6;6;2;0;0;1;0;.1358401
6;11;2;1;0;0;0;.0149169
6;12;2;1;0;0;0;.0149169
6;1;2;0;0;0;1;1
6;7;2;1;0;0;0;.0253749
6;14;2;1;0;0;0;.0149169
6;13;2;0;1;0;0;.0697453
6;2;2;0;1;0;0;.0836603
6;1;2;0;1;0;0;.0836603
6;1;2;1;0;0;0;.0181059
6;6;2;0;0;0;1;1
6;10;2;0;0;1;0;.1443143
6;4;2;0;0;0;1;1
6;12;2;0;0;1;0;.0893294
6;14;2;0;1;0;0;.0697453
6;4;2;0;1;0;0;.1072602
6;8;2;1;0;0;0;.0253749
6;5;2;0;1;0;0;.1141871
6;8;2;0;1;0;0;.1141871
6;7;2;0;0;1;0;.1443143
6;9;2;1;0;0;0;.0236915
6;3;2;0;1;0;0;.0836603
6;2;2;0;0;0;1;1
6;10;2;0;1;0;0;.1141871
6;7;2;0;0;0;1;1
6;11;2;0;1;0;0;.0697453
6;6;2;1;0;0;0;.0236915
6;6;2;0;1;0;0;.1072602
6;13;2;0;0;0;1;1
6;10;2;0;0;0;1;1
6;4;2;0;0;1;0;.1358401
6;10;3;0;0;1;0;.0790459
6;7;3;0;0;1;0;.0790459
6;13;3;0;1;0;0;.0367533
6;9;3;1;0;0;0;.0121989
6;10;3;1;0;0;0;.0130767
6;2;3;0;0;0;1;1
6;9;3;0;1;0;0;.0576216
6;1;3;0;1;0;0;.0444002
6;5;3;0;1;0;0;.0615639
6;5;3;0;0;1;0;.0790459
6;12;3;1;0;0;0;.0076475
6;2;3;0;0;1;0;.057306
6;8;3;0;0;1;0;.0790459
6;9;3;0;0;0;1;1
6;4;3;0;0;1;0;.0740725
6;12;3;0;1;0;0;.0367533
6;3;3;0;0;0;1;1
6;5;3;1;0;0;0;.0130767
6;10;3;0;0;0;1;1
6;2;3;0;1;0;0;.0444002
6;11;3;1;0;0;0;.0076475
6;6;3;0;1;0;0;.0576216
6;14;3;0;0;1;0;.047547
6;13;3;0;0;1;0;.047547
6;7;3;0;0;0;1;1
6;7;3;0;1;0;0;.0615639
6;2;3;1;0;0;0;.009297
6;10;3;0;1;0;0;.0615639
6;8;3;0;0;0;1;1
6;14;3;0;0;0;1;1
6;9;3;0;0;1;0;.0740725
6;4;3;0;1;0;0;.0576216
6;1;3;1;0;0;0;.009297
6;6;3;0;0;0;1;1
6;5;3;0;0;0;1;1
6;1;3;0;0;0;1;1
6;1;3;0;0;1;0;.057306
6;7;3;1;0;0;0;.0130767
6;14;3;0;1;0;0;.0367533
6;14;3;1;0;0;0;.0076475
6;8;3;1;0;0;0;.0130767
6;3;3;0;1;0;0;.0444002
6;12;3;0;0;0;1;1
6;11;3;0;1;0;0;.0367533
6;12;3;0;0;1;0;.047547
6;11;3;0;0;1;0;.047547
6;11;3;0;0;0;1;1
6;13;3;1;0;0;0;.0076475
6;4;3;1;0;0;0;.0121989
6;4;3;0;0;0;1;1
6;3;3;1;0;0;0;.009297
6;8;3;0;1;0;0;.0615639
6;3;3;0;0;1;0;.057306
6;13;3;0;0;0;1;1
6;6;3;0;0;1;0;.0740725
6;6;3;1;0;0;0;.0121989
7;12;1;1;0;0;0;.0276765
7;12;1;0;0;0;1;1
7;4;1;0;1;0;0;.2294273
7;10;1;1;0;0;0;.0365601
7;10;1;0;0;0;1;1
7;2;1;0;0;0;1;1
7;5;1;1;0;0;0;.0365601
7;7;1;0;0;0;1;1
7;11;1;0;1;0;0;.1740287
7;12;1;0;0;1;0;.128261
7;9;1;0;0;1;0;.1721265
7;9;1;1;0;0;0;.0386678
7;14;1;0;0;1;0;.128261
7;3;1;0;1;0;0;.214835
7;6;1;0;0;0;1;1
7;3;1;0;0;1;0;.16042
7;14;1;1;0;0;0;.0276765
7;11;1;0;0;1;0;.128261
7;2;1;1;0;0;0;.0356471
7;6;1;0;0;1;0;.1721265
7;12;1;0;1;0;0;.1740287
7;14;1;0;0;0;1;1
7;4;1;0;0;1;0;.1721265
7;13;1;0;1;0;0;.1740287
7;1;1;1;0;0;0;.0356471
7;5;1;0;1;0;0;.2192934
7;8;1;0;0;1;0;.163985
7;8;1;1;0;0;0;.0365601
7;9;1;0;0;0;1;1
7;13;1;0;0;0;1;1
7;11;1;0;0;0;1;1
7;9;1;0;1;0;0;.2294273
7;3;1;1;0;0;0;.0356471
7;5;1;0;0;1;0;.163985
7;4;1;0;0;0;1;1
7;11;1;1;0;0;0;.0276765
7;10;1;0;1;0;0;.2192934
7;7;1;1;0;0;0;.0365601
7;5;1;0;0;0;1;1
7;4;1;1;0;0;0;.0386678
7;1;1;0;0;0;1;1
7;6;1;0;1;0;0;.2294273
7;13;1;1;0;0;0;.0276765
7;1;1;0;1;0;0;.214835
7;13;1;0;0;1;0;.128261
7;6;1;1;0;0;0;.0386678
7;2;1;0;0;1;0;.16042
7;8;1;0;1;0;0;.2192934
7;2;1;0;1;0;0;.214835
7;1;1;0;0;1;0;.16042
7;10;1;0;0;1;0;.163985
7;7;1;0;1;0;0;.2192934
7;8;1;0;0;0;1;1
7;7;1;0;0;1;0;.163985
7;3;1;0;0;0;1;1
7;14;1;0;1;0;0;.1740287
7;3;2;1;0;0;0;.0238704
7;1;2;0;0;0;1;1
7;13;2;0;0;0;1;1
7;5;2;1;0;0;0;.0244894
7;2;2;1;0;0;0;.0238704
7;14;2;0;1;0;0;.1223343
7;9;2;0;0;1;0;.1209144
7;9;2;0;0;0;1;1
7;1;2;1;0;0;0;.0238704
7;5;2;0;0;1;0;.1148592
7;2;2;0;0;1;0;.1122188
7;5;2;0;0;0;1;1
7;10;2;0;1;0;0;.1567043
7;14;2;0;0;0;1;1
7;10;2;0;0;1;0;.1148592
7;8;2;0;0;0;1;1
7;14;2;0;0;1;0;.0887017
7;6;2;0;0;0;1;1
7;3;2;0;0;0;1;1
7;12;2;0;0;1;0;.0887017
7;9;2;0;1;0;0;.1645555
7;12;2;0;1;0;0;.1223343
7;11;2;0;0;0;1;1
7;4;2;1;0;0;0;.0259199
7;4;2;0;1;0;0;.1645555
7;7;2;0;0;1;0;.1148592
7;1;2;0;1;0;0;.1532686
7;5;2;0;1;0;0;.1567043
7;3;2;0;1;0;0;.1532686
7;2;2;0;0;0;1;1
7;1;2;0;0;1;0;.1122188
7;8;2;0;0;1;0;.1148592
7;6;2;0;1;0;0;.1645555
7;13;2;0;1;0;0;.1223343
7;10;2;0;0;0;1;1
7;11;2;0;0;1;0;.0887017
7;6;2;1;0;0;0;.0259199
7;4;2;0;0;0;1;1
7;4;2;0;0;1;0;.1209144
7;3;2;0;0;1;0;.1122188
7;13;2;0;0;1;0;.0887017
7;10;2;1;0;0;0;.0244894
7;7;2;0;1;0;0;.1567043
7;13;2;1;0;0;0;.0184825
7;8;2;1;0;0;0;.0244894
7;9;2;1;0;0;0;.0259199
7;2;2;0;1;0;0;.1532686
7;8;2;0;1;0;0;.1567043
7;12;2;1;0;0;0;.0184825
7;6;2;0;0;1;0;.1209144
7;11;2;1;0;0;0;.0184825
7;11;2;0;1;0;0;.1223343
7;7;2;0;0;0;1;1
7;7;2;1;0;0;0;.0244894
7;12;2;0;0;0;1;1
7;14;2;1;0;0;0;.0184825
7;5;3;0;1;0;0;.0551634
7;13;3;1;0;0;0;.0058816
7;6;3;1;0;0;0;.0082912
7;12;3;0;1;0;0;.0419564
7;5;3;1;0;0;0;.0078258
7;4;3;1;0;0;0;.0082912
7;14;3;0;0;0;1;1
7;1;3;1;0;0;0;.0076247
7;10;3;0;0;1;0;.0391734
7;1;3;0;0;0;1;1
7;11;3;0;0;0;1;1
7;7;3;0;1;0;0;.0551634
7;4;3;0;0;0;1;1
7;12;3;0;0;1;0;.0296744
7;7;3;0;0;0;1;1
7;9;3;0;0;0;1;1
7;2;3;0;1;0;0;.0538119
7;13;3;0;1;0;0;.0419564
7;4;3;0;0;1;0;.0414254
7;11;3;0;0;1;0;.0296744
7;7;3;1;0;0;0;.0078258
7;2;3;0;0;1;0;.0381979
7;8;3;0;1;0;0;.0551634
7;11;3;0;1;0;0;.0419564
7;11;3;1;0;0;0;.0058816
7;13;3;0;0;0;1;1
7;9;3;0;0;1;0;.0414254
7;14;3;1;0;0;0;.0058816
7;2;3;1;0;0;0;.0076247
7;12;3;1;0;0;0;.0058816
7;14;3;0;1;0;0;.0419564
7;1;3;0;0;1;0;.0381979
7;6;3;0;1;0;0;.0582788
7;8;3;0;0;0;1;1
7;6;3;0;0;0;1;1
7;1;3;0;1;0;0;.0538119
7;9;3;1;0;0;0;.0082912
7;7;3;0;0;1;0;.0391734
7;3;3;0;0;0;1;1
7;4;3;0;1;0;0;.0582788
7;10;3;0;0;0;1;1
7;9;3;0;1;0;0;.0582788
7;3;3;0;1;0;0;.0538119
7;5;3;0;0;0;1;1
7;5;3;0;0;1;0;.0391734
7;13;3;0;0;1;0;.0296744
7;10;3;0;1;0;0;.0551634
7;12;3;0;0;0;1;1
7;14;3;0;0;1;0;.0296744
7;3;3;0;0;1;0;.0381979
7;10;3;1;0;0;0;.0078258
7;8;3;0;0;1;0;.0391734
7;6;3;0;0;1;0;.0414254
7;8;3;1;0;0;0;.0078258
7;2;3;0;0;0;1;1
7;3;3;1;0;0;0;.0076247
8;8;1;0;0;0;1;1
8;1;1;0;1;0;0;.4132018
8;4;1;1;0;0;0;.1823282
8;14;1;1;0;0;0;.1061608
8;5;1;1;0;0;0;.1339186
8;1;1;0;0;1;0;.4263465
8;10;1;0;0;0;1;1
8;9;1;0;0;0;1;1
8;13;1;0;0;0;1;1
8;2;1;1;0;0;0;.1669673
8;10;1;0;1;0;0;.3520098
8;10;1;1;0;0;0;.1339186
8;10;1;0;0;1;0;.3644167
8;6;1;0;0;0;1;1
8;7;1;1;0;0;0;.1339186
8;3;1;0;1;0;0;.4132018
8;7;1;0;0;1;0;.3644167
8;9;1;1;0;0;0;.1823282
8;3;1;1;0;0;0;.1669673
8;14;1;0;0;0;1;1
8;9;1;0;1;0;0;.4392706
8;13;1;1;0;0;0;.1061608
8;9;1;0;0;1;0;.452605
8;11;1;0;1;0;0;.2944142
8;2;1;0;1;0;0;.4132018
8;2;1;0;0;0;1;1
8;13;1;0;0;1;0;.305749
8;12;1;0;1;0;0;.2944142
8;2;1;0;0;1;0;.4263465
8;14;1;0;0;1;0;.305749
8;3;1;0;0;1;0;.4263465
8;14;1;0;1;0;0;.2944142
8;6;1;1;0;0;0;.1823282
8;11;1;0;0;1;0;.305749
8;12;1;0;0;1;0;.305749
8;11;1;0;0;0;1;1
8;1;1;1;0;0;0;.1669673
8;5;1;0;0;0;1;1
8;8;1;1;0;0;0;.1339186
8;4;1;0;1;0;0;.4392706
8;12;1;0;0;0;1;1
8;5;1;0;1;0;0;.3520098
8;1;1;0;0;0;1;1
8;6;1;0;1;0;0;.4392706
8;7;1;0;0;0;1;1
8;8;1;0;0;1;0;.3644167
8;8;1;0;1;0;0;.3520098
8;13;1;0;1;0;0;.2944142
8;11;1;1;0;0;0;.1061608
8;6;1;0;0;1;0;.452605
8;3;1;0;0;0;1;1
8;12;1;1;0;0;0;.1061608
8;4;1;0;0;0;1;1
8;7;1;0;1;0;0;.3520098
8;4;1;0;0;1;0;.452605
8;5;1;0;0;1;0;.3644167
8;14;2;0;0;1;0;.2474923
8;8;2;0;1;0;0;.2886028
8;3;2;1;0;0;0;.1301948
8;5;2;0;0;1;0;.2998089
8;11;2;0;0;0;1;1
8;10;2;0;0;0;1;1
8;11;2;0;0;1;0;.2474923
8;4;2;1;0;0;0;.1427523
8;9;2;0;0;0;1;1
8;8;2;0;0;0;1;1
8;12;2;0;0;0;1;1
8;10;2;1;0;0;0;.1035201
8;3;2;0;1;0;0;.3446347
8;7;2;0;1;0;0;.2886028
8;6;2;0;0;1;0;.3817531
8;11;2;0;1;0;0;.2375781
8;12;2;0;1;0;0;.2375781
8;11;2;1;0;0;0;.0814704
8;5;2;1;0;0;0;.1035201
8;5;2;0;1;0;0;.2886028
8;13;2;0;0;1;0;.2474923
8;1;2;0;1;0;0;.3446347
8;13;2;1;0;0;0;.0814704
8;9;2;0;0;1;0;.3817531
8;4;2;0;0;0;1;1
8;12;2;1;0;0;0;.0814704
8;13;2;0;1;0;0;.2375781
8;5;2;0;0;0;1;1
8;4;2;0;0;1;0;.3817531
8;3;2;0;0;1;0;.3569249
8;2;2;0;0;0;1;1
8;8;2;0;0;1;0;.2998089
8;1;2;0;0;0;1;1
8;9;2;0;1;0;0;.3690986
8;13;2;0;0;0;1;1
8;1;2;0;0;1;0;.3569249
8;7;2;1;0;0;0;.1035201
8;1;2;1;0;0;0;.1301948
8;10;2;0;1;0;0;.2886028
8;10;2;0;0;1;0;.2998089
8;7;2;0;0;1;0;.2998089
8;2;2;1;0;0;0;.1301948
8;6;2;1;0;0;0;.1427523
8;12;2;0;0;1;0;.2474923
8;8;2;1;0;0;0;.1035201
8;2;2;0;0;1;0;.3569249
8;7;2;0;0;0;1;1
8;14;2;0;0;0;1;1
8;14;2;1;0;0;0;.0814704
8;3;2;0;0;0;1;1
8;6;2;0;1;0;0;.3690986
8;14;2;0;1;0;0;.2375781
8;4;2;0;1;0;0;.3690986
8;9;2;1;0;0;0;.1427523
8;6;2;0;0;0;1;1
8;2;2;0;1;0;0;.3446347
8;13;3;0;0;1;0;.1486713
8;4;3;0;0;1;0;.2469134
8;13;3;1;0;0;0;.0449779
8;5;3;0;0;1;0;.1852407
8;9;3;0;1;0;0;.2370152
8;6;3;0;1;0;0;.2370152
8;12;3;0;1;0;0;.1419689
8;4;3;0;0;0;1;1
8;7;3;1;0;0;0;.0577723
8;5;3;0;1;0;0;.177233
8;10;3;0;0;0;1;1
8;7;3;0;0;1;0;.1852407
8;6;3;0;0;1;0;.2469134
8;9;3;0;0;0;1;1
8;8;3;0;0;0;1;1
8;7;3;0;0;0;1;1
8;1;3;1;0;0;0;.0736269
8;4;3;1;0;0;0;.081238
8;1;3;0;0;0;1;1
8;11;3;0;0;1;0;.1486713
8;8;3;1;0;0;0;.0577723
8;6;3;0;0;0;1;1
8;10;3;0;0;1;0;.1852407
8;8;3;0;0;1;0;.1852407
8;14;3;1;0;0;0;.0449779
8;3;3;0;1;0;0;.2182769
8;14;3;0;1;0;0;.1419689
8;2;3;0;0;0;1;1
8;10;3;1;0;0;0;.0577723
8;6;3;1;0;0;0;.081238
8;2;3;0;1;0;0;.2182769
8;8;3;0;1;0;0;.177233
8;1;3;0;0;1;0;.2276261
8;9;3;1;0;0;0;.081238
8;2;3;0;0;1;0;.2276261
8;12;3;0;0;1;0;.1486713
8;4;3;0;1;0;0;.2370152
8;3;3;1;0;0;0;.0736269
8;2;3;1;0;0;0;.0736269
8;14;3;0;0;1;0;.1486713
8;5;3;1;0;0;0;.0577723
8;14;3;0;0;0;1;1
8;13;3;0;0;0;1;1
8;12;3;0;0;0;1;1
8;3;3;0;0;0;1;1
8;7;3;0;1;0;0;.177233
8;5;3;0;0;0;1;1
8;11;3;0;0;0;1;1
8;11;3;1;0;0;0;.0449779
8;12;3;1;0;0;0;.0449779
8;9;3;0;0;1;0;.2469134
8;13;3;0;1;0;0;.1419689
8;3;3;0;0;1;0;.2276261
8;10;3;0;1;0;0;.177233
8;11;3;0;1;0;0;.1419689
8;1;3;0;1;0;0;.2182769
9;10;1;0;0;0;1;1
9;6;1;0;0;1;0;.452605
9;2;1;1;0;0;0;.1669673
9;2;1;0;0;1;0;.4263465
9;6;1;1;0;0;0;.1823282
9;4;1;0;1;0;0;.4392706
9;7;1;0;0;0;1;1
9;9;1;0;1;0;0;.4392706
9;7;1;0;0;1;0;.3644167
9;1;1;0;0;1;0;.4263465
9;13;1;1;0;0;0;.1061608
9;1;1;0;0;0;1;1
9;5;1;0;0;1;0;.3644167
9;6;1;0;0;0;1;1
9;14;1;1;0;0;0;.1061608
9;7;1;0;1;0;0;.3520098
9;4;1;1;0;0;0;.1823282
9;5;1;1;0;0;0;.1339186
9;9;1;0;0;0;1;1
9;7;1;1;0;0;0;.1339186
9;1;1;0;1;0;0;.4132018
9;10;1;1;0;0;0;.1339186
9;3;1;0;1;0;0;.4132018
9;12;1;0;0;1;0;.305749
9;3;1;0;0;1;0;.4263465
9;3;1;0;0;0;1;1
9;14;1;0;0;1;0;.305749
9;6;1;0;1;0;0;.4392706
9;13;1;0;1;0;0;.2944142
9;11;1;0;1;0;0;.2944142
9;8;1;1;0;0;0;.1339186
9;2;1;0;0;0;1;1
9;4;1;0;0;0;1;1
9;8;1;0;0;1;0;.3644167
9;5;1;0;1;0;0;.3520098
9;13;1;0;0;0;1;1
9;14;1;0;0;0;1;1
9;10;1;0;0;1;0;.3644167
9;5;1;0;0;0;1;1
9;10;1;0;1;0;0;.3520098
9;8;1;0;0;0;1;1
9;4;1;0;0;1;0;.452605
9;2;1;0;1;0;0;.4132018
9;12;1;0;1;0;0;.2944142
9;12;1;0;0;0;1;1
9;3;1;1;0;0;0;.1669673
9;11;1;1;0;0;0;.1061608
9;9;1;0;0;1;0;.452605
9;13;1;0;0;1;0;.305749
9;11;1;0;0;1;0;.305749
9;1;1;1;0;0;0;.1669673
9;8;1;0;1;0;0;.3520098
9;14;1;0;1;0;0;.2944142
9;12;1;1;0;0;0;.1061608
9;11;1;0;0;0;1;1
9;9;1;1;0;0;0;.1823282
9;9;2;1;0;0;0;.1427523
9;4;2;1;0;0;0;.1427523
9;2;2;0;0;0;1;1
9;11;2;1;0;0;0;.0814704
9;6;2;1;0;0;0;.1427523
9;14;2;0;0;1;0;.2474923
9;5;2;0;0;1;0;.2998089
9;14;2;1;0;0;0;.0814704
9;1;2;0;1;0;0;.3446347
9;8;2;0;0;1;0;.2998089
9;13;2;0;0;1;0;.2474923
9;2;2;0;0;1;0;.3569249
9;9;2;0;1;0;0;.3690986
9;14;2;0;0;0;1;1
9;7;2;0;1;0;0;.2886028
9;2;2;0;1;0;0;.3446347
9;12;2;0;1;0;0;.2375781
9;14;2;0;1;0;0;.2375781
9;12;2;0;0;0;1;1
9;3;2;0;0;0;1;1
9;9;2;0;0;0;1;1
9;6;2;0;1;0;0;.3690986
9;7;2;1;0;0;0;.1035201
9;4;2;0;0;1;0;.3817531
9;6;2;0;0;1;0;.3817531
9;11;2;0;1;0;0;.2375781
9;13;2;0;0;0;1;1
9;8;2;0;1;0;0;.2886028
9;6;2;0;0;0;1;1
9;5;2;0;1;0;0;.2886028
9;10;2;0;0;1;0;.2998089
9;11;2;0;0;1;0;.2474923
9;9;2;0;0;1;0;.3817531
9;10;2;1;0;0;0;.1035201
9;5;2;0;0;0;1;1
9;2;2;1;0;0;0;.1301948
9;1;2;0;0;1;0;.3569249
9;4;2;0;0;0;1;1
9;3;2;1;0;0;0;.1301948
9;13;2;0;1;0;0;.2375781
9;1;2;0;0;0;1;1
9;10;2;0;1;0;0;.2886028
9;13;2;1;0;0;0;.0814704
9;4;2;0;1;0;0;.3690986
9;8;2;0;0;0;1;1
9;7;2;0;0;1;0;.2998089
9;12;2;0;0;1;0;.2474923
9;10;2;0;0;0;1;1
9;11;2;0;0;0;1;1
9;3;2;0;0;1;0;.3569249
9;12;2;1;0;0;0;.0814704
9;3;2;0;1;0;0;.3446347
9;5;2;1;0;0;0;.1035201
9;1;2;1;0;0;0;.1301948
9;7;2;0;0;0;1;1
9;8;2;1;0;0;0;.1035201
9;12;3;1;0;0;0;.0449779
9;14;3;0;0;1;0;.1486713
9;10;3;0;1;0;0;.177233
9;13;3;0;1;0;0;.1419689
9;14;3;0;1;0;0;.1419689
9;9;3;0;1;0;0;.2370152
9;4;3;0;0;1;0;.2469134
9;10;3;0;0;0;1;1
9;6;3;1;0;0;0;.081238
9;8;3;0;1;0;0;.177233
9;3;3;0;1;0;0;.2182769
9;1;3;1;0;0;0;.0736269
9;13;3;0;0;1;0;.1486713
9;3;3;1;0;0;0;.0736269
9;5;3;0;0;1;0;.1852407
9;14;3;1;0;0;0;.0449779
9;12;3;0;1;0;0;.1419689
9;6;3;0;0;0;1;1
9;1;3;0;0;0;1;1
9;14;3;0;0;0;1;1
9;9;3;1;0;0;0;.081238
9;5;3;1;0;0;0;.0577723
9;13;3;0;0;0;1;1
9;2;3;0;0;0;1;1
9;7;3;0;0;1;0;.1852407
9;6;3;0;1;0;0;.2370152
9;12;3;0;0;0;1;1
9;4;3;0;1;0;0;.2370152
9;12;3;0;0;1;0;.1486713
9;7;3;1;0;0;0;.0577723
9;8;3;0;0;0;1;1
9;4;3;1;0;0;0;.081238
9;11;3;0;1;0;0;.1419689
9;10;3;0;0;1;0;.1852407
9;2;3;0;1;0;0;.2182769
9;4;3;0;0;0;1;1
9;8;3;1;0;0;0;.0577723
9;6;3;0;0;1;0;.2469134
9;11;3;1;0;0;0;.0449779
9;2;3;0;0;1;0;.2276261
9;3;3;0;0;1;0;.2276261
9;5;3;0;1;0;0;.177233
9;9;3;0;0;0;1;1
9;5;3;0;0;0;1;1
9;11;3;0;0;1;0;.1486713
9;8;3;0;0;1;0;.1852407
9;1;3;0;0;1;0;.2276261
9;7;3;0;0;0;1;1
9;7;3;0;1;0;0;.177233
9;3;3;0;0;0;1;1
9;2;3;1;0;0;0;.0736269
9;13;3;1;0;0;0;.0449779
9;1;3;0;1;0;0;.2182769
9;11;3;0;0;0;1;1
9;10;3;1;0;0;0;.0577723
9;9;3;0;0;1;0;.2469134
10;2;1;0;0;1;0;0
10;8;1;1;0;0;0;0
10;14;1;0;0;1;0;0
10;9;1;0;0;1;0;0
10;10;1;0;1;0;0;0
10;2;1;1;0;0;0;0
10;4;1;0;1;0;0;0
10;11;1;1;0;0;0;0
10;1;1;0;0;0;1;1
10;4;1;0;0;1;0;0
10;3;1;0;0;0;1;1
10;2;1;0;0;0;1;1
10;7;1;0;0;0;1;1
10;3;1;1;0;0;0;0
10;10;1;0;0;0;1;1
10;13;1;0;0;1;0;0
10;2;1;0;1;0;0;0
10;13;1;0;1;0;0;0
10;9;1;0;0;0;1;1
10;1;1;0;0;1;0;0
10;7;1;0;0;1;0;0
10;13;1;0;0;0;1;1
10;13;1;1;0;0;0;0
10;14;1;0;1;0;0;0
10;7;1;0;1;0;0;0
10;12;1;0;0;0;1;1
10;12;1;0;0;1;0;0
10;7;1;1;0;0;0;0
10;1;1;0;1;0;0;0
10;11;1;0;0;1;0;0
10;11;1;0;0;0;1;1
10;6;1;0;0;1;0;0
10;8;1;0;0;0;1;1
10;1;1;1;0;0;0;0
10;5;1;1;0;0;0;0
10;5;1;0;1;0;0;0
10;10;1;1;0;0;0;0
10;11;1;0;1;0;0;0
10;4;1;1;0;0;0;0
10;10;1;0;0;1;0;0
10;6;1;1;0;0;0;0
10;3;1;0;1;0;0;0
10;12;1;0;1;0;0;0
10;14;1;1;0;0;0;0
10;6;1;0;0;0;1;1
10;9;1;1;0;0;0;0
10;12;1;1;0;0;0;0
10;4;1;0;0;0;1;1
10;8;1;0;0;1;0;0
10;5;1;0;0;1;0;0
10;8;1;0;1;0;0;0
10;5;1;0;0;0;1;1
10;9;1;0;1;0;0;0
10;6;1;0;1;0;0;0
10;14;1;0;0;0;1;1
10;3;1;0;0;1;0;0
10;7;2;0;0;1;0;0
10;7;2;0;0;0;1;1
10;6;2;0;1;0;0;0
10;8;2;0;0;1;0;0
10;11;2;0;0;1;0;0
10;8;2;0;1;0;0;0
10;9;2;0;0;1;0;0
10;2;2;0;1;0;0;0
10;10;2;0;0;0;1;1
10;12;2;1;0;0;0;0
10;3;2;0;0;0;1;1
10;13;2;0;0;1;0;0
10;7;2;0;1;0;0;0
10;1;2;1;0;0;0;0
10;2;2;0;0;0;1;1
10;11;2;0;0;0;1;1
10;9;2;0;1;0;0;0
10;8;2;0;0;0;1;1
10;2;2;0;0;1;0;0
10;14;2;0;1;0;0;0
10;5;2;1;0;0;0;0
10;12;2;0;0;1;0;0
10;4;2;0;1;0;0;0
10;14;2;1;0;0;0;0
10;6;2;1;0;0;0;0
10;6;2;0;0;1;0;0
10;5;2;0;0;0;1;1
10;12;2;0;1;0;0;0
10;10;2;0;1;0;0;0
10;4;2;1;0;0;0;0
10;10;2;1;0;0;0;0
10;2;2;1;0;0;0;0
10;11;2;1;0;0;0;0
10;1;2;0;0;0;1;1
10;12;2;0;0;0;1;1
10;14;2;0;0;0;1;1
10;3;2;1;0;0;0;0
10;4;2;0;0;0;1;1
10;13;2;0;0;0;1;1
10;13;2;0;1;0;0;0
10;6;2;0;0;0;1;1
10;9;2;0;0;0;1;1
10;8;2;1;0;0;0;0
10;4;2;0;0;1;0;0
10;3;2;0;1;0;0;0
10;13;2;1;0;0;0;0
10;10;2;0;0;1;0;0
10;7;2;1;0;0;0;0
10;14;2;0;0;1;0;0
10;9;2;1;0;0;0;0
10;11;2;0;1;0;0;0
10;3;2;0;0;1;0;0
10;1;2;0;1;0;0;0
10;1;2;0;0;1;0;0
10;5;2;0;1;0;0;0
10;5;2;0;0;1;0;0
10;1;3;0;0;0;1;1
10;8;3;0;0;0;1;1
10;12;3;1;0;0;0;0
10;14;3;0;1;0;0;0
10;13;3;0;0;1;0;0
10;3;3;0;0;1;0;0
10;13;3;0;0;0;1;1
10;12;3;0;0;1;0;0
10;11;3;0;0;0;1;1
10;14;3;0;0;1;0;0
10;12;3;0;1;0;0;0
10;8;3;0;1;0;0;0
10;2;3;0;0;1;0;0
10;7;3;0;0;1;0;0
10;6;3;0;0;0;1;1
10;11;3;1;0;0;0;0
10;9;3;1;0;0;0;0
10;9;3;0;1;0;0;0
10;4;3;1;0;0;0;0
10;7;3;0;0;0;1;1
10;8;3;0;0;1;0;0
10;1;3;0;0;1;0;0
10;10;3;0;0;1;0;0
10;10;3;0;0;0;1;1
10;14;3;1;0;0;0;0
10;9;3;0;0;0;1;1
10;5;3;1;0;0;0;0
10;2;3;1;0;0;0;0
10;6;3;0;0;1;0;0
10;5;3;0;1;0;0;0
10;2;3;0;1;0;0;0
10;10;3;0;1;0;0;0
10;7;3;1;0;0;0;0
10;11;3;0;1;0;0;0
10;4;3;0;0;0;1;1
10;5;3;0;0;0;1;1
10;5;3;0;0;1;0;0
10;11;3;0;0;1;0;0
10;1;3;0;1;0;0;0
10;2;3;0;0;0;1;1
10;3;3;1;0;0;0;0
10;12;3;0;0;0;1;1
10;1;3;1;0;0;0;0
10;3;3;0;1;0;0;0
10;6;3;0;1;0;0;0
10;3;3;0;0;0;1;1
10;9;3;0;0;1;0;0
10;14;3;0;0;0;1;1
10;4;3;0;0;1;0;0
10;6;3;1;0;0;0;0
10;10;3;1;0;0;0;0
10;7;3;0;1;0;0;0
10;4;3;0;1;0;0;0
10;13;3;0;1;0;0;0
10;8;3;1;0;0;0;0
10;13;3;1;0;0;0;0
11;12;1;0;0;0;1;1
11;13;1;0;0;0;1;1
11;3;1;0;0;0;1;1
11;2;1;0;0;0;1;1
11;4;1;0;0;1;0;.142421
11;7;1;0;0;0;1;1
11;12;1;1;0;0;0;.0253821
11;13;1;0;0;1;0;.1108705
11;5;1;0;0;1;0;.118966
11;2;1;0;0;1;0;.1192074
11;7;1;1;0;0;0;.027428
11;13;1;0;1;0;0;.1104723
11;1;1;0;0;1;0;.1192074
11;9;1;0;0;0;1;1
11;14;1;0;0;0;1;1
11;14;1;0;0;1;0;.1108705
11;9;1;1;0;0;0;.0335224
11;7;1;0;0;1;0;.118966
11;8;1;0;0;0;1;1
11;11;1;0;0;0;1;1
11;13;1;1;0;0;0;.0253821
11;8;1;0;1;0;0;.1185426
11;11;1;0;1;0;0;.1104723
11;5;1;0;1;0;0;.1185426
11;8;1;0;0;1;0;.118966
11;4;1;0;1;0;0;.1419276
11;5;1;0;0;0;1;1
11;6;1;0;0;1;0;.142421
11;10;1;0;0;0;1;1
11;3;1;1;0;0;0;.0274895
11;6;1;0;1;0;0;.1419276
11;6;1;0;0;0;1;1
11;8;1;1;0;0;0;.027428
11;12;1;0;0;1;0;.1108705
11;10;1;0;0;1;0;.118966
11;4;1;0;0;0;1;1
11;14;1;0;1;0;0;.1104723
11;3;1;0;1;0;0;.1187832
11;14;1;1;0;0;0;.0253821
11;4;1;1;0;0;0;.0335224
11;11;1;1;0;0;0;.0253821
11;2;1;0;1;0;0;.1187832
11;1;1;0;0;0;1;1
11;10;1;1;0;0;0;.027428
11;11;1;0;0;1;0;.1108705
11;6;1;1;0;0;0;.0335224
11;7;1;0;1;0;0;.1185426
11;5;1;1;0;0;0;.027428
11;10;1;0;1;0;0;.1185426
11;12;1;0;1;0;0;.1104723
11;9;1;0;1;0;0;.1419276
11;9;1;0;0;1;0;.142421
11;1;1;0;1;0;0;.1187832
11;1;1;1;0;0;0;.0274895
11;2;1;1;0;0;0;.0274895
11;3;1;0;0;1;0;.1192074
11;11;2;0;0;0;1;1
11;6;2;0;0;0;1;1
11;7;2;1;0;0;0;.0208366
11;9;2;0;0;1;0;.1113587
11;8;2;0;0;1;0;.0924677
11;3;2;0;1;0;0;.0923214
11;8;2;0;1;0;0;.0921288
11;5;2;1;0;0;0;.0208366
11;7;2;0;0;0;1;1
11;7;2;0;1;0;0;.0921288
11;2;2;0;0;1;0;.092661
11;12;2;1;0;0;0;.0192726
11;8;2;0;0;0;1;1
11;3;2;0;0;0;1;1
11;9;2;0;1;0;0;.110959
11;8;2;1;0;0;0;.0208366
11;13;2;1;0;0;0;.0192726
11;12;2;0;1;0;0;.0856819
11;10;2;0;1;0;0;.0921288
11;7;2;0;0;1;0;.0924677
11;1;2;1;0;0;0;.0208836
11;3;2;1;0;0;0;.0208836
11;11;2;0;1;0;0;.0856819
11;11;2;1;0;0;0;.0192726
11;10;2;0;0;0;1;1
11;1;2;0;1;0;0;.0923214
11;2;2;0;1;0;0;.0923214
11;12;2;0;0;1;0;.0859994
11;14;2;0;1;0;0;.0856819
11;12;2;0;0;0;1;1
11;14;2;1;0;0;0;.0192726
11;10;2;1;0;0;0;.0208366
11;9;2;0;0;0;1;1
11;5;2;0;0;1;0;.0924677
11;13;2;0;0;1;0;.0859994
11;1;2;0;0;1;0;.092661
11;9;2;1;0;0;0;.0255047
11;13;2;0;0;0;1;1
11;2;2;0;0;0;1;1
11;4;2;0;0;0;1;1
11;14;2;0;0;0;1;1
11;6;2;0;1;0;0;.110959
11;14;2;0;0;1;0;.0859994
11;4;2;1;0;0;0;.0255047
11;5;2;0;0;0;1;1
11;4;2;0;0;1;0;.1113587
11;10;2;0;0;1;0;.0924677
11;13;2;0;1;0;0;.0856819
11;4;2;0;1;0;0;.110959
11;5;2;0;1;0;0;.0921288
11;6;2;0;0;1;0;.1113587
11;6;2;1;0;0;0;.0255047
11;2;2;1;0;0;0;.0208836
11;11;2;0;0;1;0;.0859994
11;1;2;0;0;0;1;1
11;3;2;0;0;1;0;.092661
11;3;3;0;0;1;0;.0365227
11;4;3;0;0;0;1;1
11;2;3;1;0;0;0;.0078549
11;13;3;1;0;0;0;.0072415
11;5;3;1;0;0;0;.007837
11;5;3;0;0;0;1;1
11;9;3;1;0;0;0;.0096214
11;9;3;0;1;0;0;.0442759
11;5;3;0;0;1;0;.0364419
11;10;3;1;0;0;0;.007837
11;12;3;0;0;1;0;.0337469
11;10;3;0;1;0;0;.0363001
11;8;3;0;0;0;1;1
11;13;3;0;0;0;1;1
11;12;3;1;0;0;0;.0072415
11;1;3;0;1;0;0;.0363806
11;3;3;1;0;0;0;.0078549
11;7;3;0;0;0;1;1
11;9;3;0;0;0;1;1
11;2;3;0;0;1;0;.0365227
11;11;3;0;1;0;0;.0336152
11;12;3;0;1;0;0;.0336152
11;3;3;0;0;0;1;1
11;1;3;1;0;0;0;.0078549
11;6;3;0;0;0;1;1
11;11;3;1;0;0;0;.0072415
11;4;3;0;0;1;0;.0444474
11;7;3;0;0;1;0;.0364419
11;2;3;0;0;0;1;1
11;12;3;0;0;0;1;1
11;9;3;0;0;1;0;.0444474
11;14;3;0;0;1;0;.0337469
11;1;3;0;0;0;1;1
11;14;3;0;0;0;1;1
11;7;3;1;0;0;0;.007837
11;8;3;1;0;0;0;.007837
11;6;3;1;0;0;0;.0096214
11;4;3;1;0;0;0;.0096214
11;8;3;0;0;1;0;.0364419
11;7;3;0;1;0;0;.0363001
11;2;3;0;1;0;0;.0363806
11;10;3;0;0;1;0;.0364419
11;5;3;0;1;0;0;.0363001
11;14;3;1;0;0;0;.0072415
11;14;3;0;1;0;0;.0336152
11;13;3;0;0;1;0;.0337469
11;13;3;0;1;0;0;.0336152
11;4;3;0;1;0;0;.0442759
11;10;3;0;0;0;1;1
11;8;3;0;1;0;0;.0363001
11;6;3;0;0;1;0;.0444474
11;6;3;0;1;0;0;.0442759
11;1;3;0;0;1;0;.0365227
11;3;3;0;1;0;0;.0363806
11;11;3;0;0;0;1;1
11;11;3;0;0;1;0;.0337469
12;7;1;0;1;0;0;.1185426
12;9;1;0;0;1;0;.142421
12;14;1;0;0;1;0;.1108705
12;7;1;1;0;0;0;.027428
12;13;1;0;1;0;0;.1104723
12;12;1;0;1;0;0;.1104723
12;5;1;0;1;0;0;.1185426
12;8;1;0;0;0;1;1
12;11;1;0;0;0;1;1
12;4;1;0;0;0;1;1
12;12;1;0;0;1;0;.1108705
12;3;1;0;0;0;1;1
12;2;1;0;0;1;0;.1192074
12;6;1;0;0;0;1;1
12;7;1;0;0;0;1;1
12;5;1;1;0;0;0;.027428
12;1;1;0;0;1;0;.1192074
12;9;1;0;1;0;0;.1419276
12;11;1;0;1;0;0;.1104723
12;4;1;0;1;0;0;.1419276
12;13;1;1;0;0;0;.0253821
12;1;1;0;1;0;0;.1187832
12;13;1;0;0;0;1;1
12;1;1;0;0;0;1;1
12;5;1;0;0;1;0;.118966
12;9;1;0;0;0;1;1
12;7;1;0;0;1;0;.118966
12;14;1;0;0;0;1;1
12;10;1;0;0;1;0;.118966
12;10;1;1;0;0;0;.027428
12;6;1;1;0;0;0;.0335224
12;9;1;1;0;0;0;.0335224
12;2;1;0;1;0;0;.1187832
12;13;1;0;0;1;0;.1108705
12;2;1;0;0;0;1;1
12;4;1;0;0;1;0;.142421
12;8;1;1;0;0;0;.027428
12;6;1;0;0;1;0;.142421
12;5;1;0;0;0;1;1
12;8;1;0;0;1;0;.118966
12;11;1;1;0;0;0;.0253821
12;10;1;0;1;0;0;.1185426
12;14;1;0;1;0;0;.1104723
12;6;1;0;1;0;0;.1419276
12;12;1;0;0;0;1;1
12;14;1;1;0;0;0;.0253821
12;10;1;0;0;0;1;1
12;2;1;1;0;0;0;.0274895
12;12;1;1;0;0;0;.0253821
12;1;1;1;0;0;0;.0274895
12;4;1;1;0;0;0;.0335224
12;3;1;0;0;1;0;.1192074
12;8;1;0;1;0;0;.1185426
12;11;1;0;0;1;0;.1108705
12;3;1;0;1;0;0;.1187832
12;3;1;1;0;0;0;.0274895
12;9;2;0;0;1;0;.1113587
12;3;2;1;0;0;0;.0208836
12;10;2;0;0;0;1;1
12;12;2;0;0;0;1;1
12;2;2;0;0;1;0;.092661
12;10;2;0;1;0;0;.0921288
12;6;2;0;0;0;1;1
12;14;2;0;0;1;0;.0859994
12;9;2;1;0;0;0;.0255047
12;9;2;0;0;0;1;1
12;13;2;1;0;0;0;.0192726
12;2;2;0;1;0;0;.0923214
12;11;2;0;1;0;0;.0856819
12;13;2;0;1;0;0;.0856819
12;7;2;1;0;0;0;.0208366
12;9;2;0;1;0;0;.110959
12;10;2;1;0;0;0;.0208366
12;12;2;1;0;0;0;.0192726
12;7;2;0;0;1;0;.0924677
12;6;2;0;0;1;0;.1113587
12;14;2;0;0;0;1;1
12;12;2;0;0;1;0;.0859994
12;11;2;0;0;1;0;.0859994
12;7;2;0;1;0;0;.0921288
12;2;2;0;0;0;1;1
12;14;2;1;0;0;0;.0192726
12;5;2;0;0;1;0;.0924677
12;3;2;0;0;0;1;1
12;3;2;0;1;0;0;.0923214
12;11;2;0;0;0;1;1
12;6;2;0;1;0;0;.110959
12;8;2;0;0;1;0;.0924677
12;1;2;1;0;0;0;.0208836
12;4;2;0;0;1;0;.1113587
12;10;2;0;0;1;0;.0924677
12;1;2;0;0;1;0;.092661
12;8;2;0;0;0;1;1
12;1;2;0;1;0;0;.0923214
12;7;2;0;0;0;1;1
12;13;2;0;0;1;0;.0859994
12;13;2;0;0;0;1;1
12;5;2;0;0;0;1;1
12;8;2;1;0;0;0;.0208366
12;1;2;0;0;0;1;1
12;4;2;1;0;0;0;.0255047
12;2;2;1;0;0;0;.0208836
12;14;2;0;1;0;0;.0856819
12;3;2;0;0;1;0;.092661
12;5;2;0;1;0;0;.0921288
12;11;2;1;0;0;0;.0192726
12;4;2;0;1;0;0;.110959
12;5;2;1;0;0;0;.0208366
12;12;2;0;1;0;0;.0856819
12;6;2;1;0;0;0;.0255047
12;4;2;0;0;0;1;1
12;8;2;0;1;0;0;.0921288
12;6;3;1;0;0;0;.0096214
12;12;3;0;0;1;0;.0337469
12;8;3;0;0;0;1;1
12;6;3;0;0;0;1;1
12;9;3;0;0;1;0;.0444474
12;5;3;0;1;0;0;.0363001
12;13;3;0;0;0;1;1
12;9;3;1;0;0;0;.0096214
12;3;3;1;0;0;0;.0078549
12;8;3;0;0;1;0;.0364419
12;2;3;0;1;0;0;.0363806
12;12;3;0;1;0;0;.0336152
12;13;3;1;0;0;0;.0072415
12;12;3;0;0;0;1;1
12;4;3;0;0;0;1;1
12;9;3;0;0;0;1;1
12;13;3;0;0;1;0;.0337469
12;1;3;1;0;0;0;.0078549
12;4;3;0;0;1;0;.0444474
12;5;3;0;0;1;0;.0364419
12;7;3;0;0;1;0;.0364419
12;11;3;1;0;0;0;.0072415
12;7;3;0;0;0;1;1
12;6;3;0;0;1;0;.0444474
12;2;3;0;0;0;1;1
12;4;3;1;0;0;0;.0096214
12;1;3;0;0;0;1;1
12;10;3;0;0;0;1;1
12;7;3;1;0;0;0;.007837
12;2;3;1;0;0;0;.0078549
12;3;3;0;0;1;0;.0365227
12;10;3;1;0;0;0;.007837
12;11;3;0;0;0;1;1
12;3;3;0;1;0;0;.0363806
12;8;3;1;0;0;0;.007837
12;11;3;0;0;1;0;.0337469
12;3;3;0;0;0;1;1
12;1;3;0;0;1;0;.0365227
12;5;3;1;0;0;0;.007837
12;14;3;0;1;0;0;.0336152
12;14;3;0;0;1;0;.0337469
12;10;3;0;1;0;0;.0363001
12;12;3;1;0;0;0;.0072415
12;13;3;0;1;0;0;.0336152
12;11;3;0;1;0;0;.0336152
12;4;3;0;1;0;0;.0442759
12;14;3;1;0;0;0;.0072415
12;6;3;0;1;0;0;.0442759
12;7;3;0;1;0;0;.0363001
12;9;3;0;1;0;0;.0442759
12;10;3;0;0;1;0;.0364419
12;14;3;0;0;0;1;1
12;5;3;0;0;0;1;1
12;8;3;0;1;0;0;.0363001
12;1;3;0;1;0;0;.0363806
12;2;3;0;0;1;0;.0365227
13;4;1;0;1;0;0;.1592234
13;11;1;0;0;0;1;1
13;12;1;0;0;0;1;1
13;14;1;0;0;1;0;.1339087
13;10;1;0;1;0;0;.1688713
13;10;1;0;0;0;1;1
13;10;1;0;0;1;0;.2100058
13;12;1;1;0;0;0;.0233117
13;7;1;0;1;0;0;.1688713
13;5;1;0;1;0;0;.1688713
13;9;1;0;0;0;1;1
13;5;1;1;0;0;0;.0394197
13;9;1;0;1;0;0;.1592234
13;6;1;0;1;0;0;.1592234
13;9;1;1;0;0;0;.0368398
13;1;1;1;0;0;0;.0282439
13;2;1;0;1;0;0;.1258014
13;7;1;0;0;0;1;1
13;3;1;0;1;0;0;.1258014
13;7;1;0;0;1;0;.2100058
13;13;1;0;0;1;0;.1339087
13;11;1;0;0;1;0;.1339087
13;8;1;1;0;0;0;.0394197
13;4;1;0;0;1;0;.1985694
13;11;1;0;1;0;0;.1056855
13;11;1;1;0;0;0;.0233117
13;1;1;0;0;0;1;1
13;8;1;0;1;0;0;.1688713
13;5;1;0;0;1;0;.2100058
13;10;1;1;0;0;0;.0394197
13;6;1;0;0;1;0;.1985694
13;3;1;1;0;0;0;.0282439
13;13;1;1;0;0;0;.0233117
13;1;1;0;0;1;0;.1584448
13;4;1;0;0;0;1;1
13;4;1;1;0;0;0;.0368398
13;8;1;0;0;0;1;1
13;6;1;0;0;0;1;1
13;3;1;0;0;0;1;1
13;14;1;0;0;0;1;1
13;8;1;0;0;1;0;.2100058
13;14;1;1;0;0;0;.0233117
13;12;1;0;0;1;0;.1339087
13;2;1;0;0;1;0;.1584448
13;13;1;0;0;0;1;1
13;2;1;0;0;0;1;1
13;12;1;0;1;0;0;.1056855
13;14;1;0;1;0;0;.1056855
13;6;1;1;0;0;0;.0368398
13;7;1;1;0;0;0;.0394197
13;1;1;0;1;0;0;.1258014
13;9;1;0;0;1;0;.1985694
13;3;1;0;0;1;0;.1584448
13;5;1;0;0;0;1;1
13;13;1;0;1;0;0;.1056855
13;2;1;1;0;0;0;.0282439
13;3;2;1;0;0;0;.0181059
13;4;2;0;0;1;0;.1358401
13;7;2;1;0;0;0;.0253749
13;8;2;0;0;0;1;1
13;3;2;0;0;1;0;.1067035
13;2;2;0;1;0;0;.0836603
13;1;2;1;0;0;0;.0181059
13;4;2;0;1;0;0;.1072602
13;11;2;0;0;1;0;.0893294
13;2;2;1;0;0;0;.0181059
13;11;2;1;0;0;0;.0149169
13;14;2;1;0;0;0;.0149169
13;2;2;0;0;0;1;1
13;11;2;0;0;0;1;1
13;8;2;0;1;0;0;.1141871
13;5;2;1;0;0;0;.0253749
13;9;2;0;0;1;0;.1358401
13;9;2;0;0;0;1;1
13;2;2;0;0;1;0;.1067035
13;5;2;0;0;1;0;.1443143
13;9;2;0;1;0;0;.1072602
13;4;2;0;0;0;1;1
13;6;2;0;0;0;1;1
13;13;2;0;0;0;1;1
13;7;2;0;1;0;0;.1141871
13;6;2;1;0;0;0;.0236915
13;10;2;0;0;0;1;1
13;12;2;0;0;0;1;1
13;5;2;0;0;0;1;1
13;14;2;0;0;0;1;1
13;10;2;0;0;1;0;.1443143
13;4;2;1;0;0;0;.0236915
13;1;2;0;0;1;0;.1067035
13;12;2;0;0;1;0;.0893294
13;1;2;0;1;0;0;.0836603
13;13;2;1;0;0;0;.0149169
13;7;2;0;0;1;0;.1443143
13;12;2;1;0;0;0;.0149169
13;10;2;1;0;0;0;.0253749
13;12;2;0;1;0;0;.0697453
13;14;2;0;1;0;0;.0697453
13;1;2;0;0;0;1;1
13;7;2;0;0;0;1;1
13;14;2;0;0;1;0;.0893294
13;6;2;0;0;1;0;.1358401
13;3;2;0;0;0;1;1
13;13;2;0;0;1;0;.0893294
13;6;2;0;1;0;0;.1072602
13;8;2;0;0;1;0;.1443143
13;13;2;0;1;0;0;.0697453
13;8;2;1;0;0;0;.0253749
13;9;2;1;0;0;0;.0236915
13;3;2;0;1;0;0;.0836603
13;5;2;0;1;0;0;.1141871
13;11;2;0;1;0;0;.0697453
13;10;2;0;1;0;0;.1141871
13;5;3;0;0;0;1;1
13;11;3;0;0;1;0;.047547
13;5;3;1;0;0;0;.0130767
13;1;3;1;0;0;0;.009297
13;1;3;0;0;1;0;.057306
13;3;3;0;0;0;1;1
13;6;3;1;0;0;0;.0121989
13;2;3;1;0;0;0;.009297
13;14;3;1;0;0;0;.0076475
13;4;3;0;0;1;0;.0740725
13;2;3;0;0;1;0;.057306
13;7;3;1;0;0;0;.0130767
13;4;3;0;1;0;0;.0576216
13;12;3;0;1;0;0;.0367533
13;12;3;0;0;1;0;.047547
13;5;3;0;0;1;0;.0790459
13;10;3;0;1;0;0;.0615639
13;7;3;0;1;0;0;.0615639
13;13;3;1;0;0;0;.0076475
13;13;3;0;1;0;0;.0367533
13;3;3;0;0;1;0;.057306
13;10;3;1;0;0;0;.0130767
13;8;3;0;1;0;0;.0615639
13;13;3;0;0;1;0;.047547
13;4;3;1;0;0;0;.0121989
13;12;3;1;0;0;0;.0076475
13;5;3;0;1;0;0;.0615639
13;12;3;0;0;0;1;1
13;9;3;0;1;0;0;.0576216
13;7;3;0;0;1;0;.0790459
13;9;3;1;0;0;0;.0121989
13;3;3;1;0;0;0;.009297
13;13;3;0;0;0;1;1
13;4;3;0;0;0;1;1
13;6;3;0;0;0;1;1
13;10;3;0;0;0;1;1
13;8;3;0;0;0;1;1
13;1;3;0;1;0;0;.0444002
13;9;3;0;0;1;0;.0740725
13;14;3;0;0;0;1;1
13;7;3;0;0;0;1;1
13;3;3;0;1;0;0;.0444002
13;2;3;0;0;0;1;1
13;11;3;0;0;0;1;1
13;8;3;0;0;1;0;.0790459
13;2;3;0;1;0;0;.0444002
13;6;3;0;1;0;0;.0576216
13;11;3;1;0;0;0;.0076475
13;1;3;0;0;0;1;1
13;10;3;0;0;1;0;.0790459
13;8;3;1;0;0;0;.0130767
13;9;3;0;0;0;1;1
13;14;3;0;0;1;0;.047547
13;6;3;0;0;1;0;.0740725
13;11;3;0;1;0;0;.0367533
13;14;3;0;1;0;0;.0367533
14;4;1;0;0;1;0;.1985694
14;9;1;0;1;0;0;.1592234
14;10;1;0;0;0;1;1
14;5;1;0;1;0;0;.1688713
14;1;1;1;0;0;0;.0282439
14;5;1;0;0;0;1;1
14;6;1;0;0;1;0;.1985694
14;13;1;0;0;1;0;.1339087
14;4;1;1;0;0;0;.0368398
14;8;1;0;0;0;1;1
14;12;1;0;0;0;1;1
14;1;1;0;0;1;0;.1584448
14;2;1;0;0;1;0;.1584448
14;3;1;1;0;0;0;.0282439
14;14;1;0;0;1;0;.1339087
14;5;1;1;0;0;0;.0394197
14;9;1;1;0;0;0;.0368398
14;14;1;1;0;0;0;.0233117
14;9;1;0;0;1;0;.1985694
14;13;1;0;1;0;0;.1056855
14;6;1;0;1;0;0;.1592234
14;13;1;0;0;0;1;1
14;9;1;0;0;0;1;1
14;5;1;0;0;1;0;.2100058
14;14;1;0;1;0;0;.1056855
14;12;1;0;0;1;0;.1339087
14;10;1;0;0;1;0;.2100058
14;3;1;0;0;0;1;1
14;8;1;0;1;0;0;.1688713
14;7;1;0;0;1;0;.2100058
14;2;1;0;0;0;1;1
14;3;1;0;1;0;0;.1258014
14;7;1;1;0;0;0;.0394197
14;14;1;0;0;0;1;1
14;10;1;0;1;0;0;.1688713
14;7;1;0;0;0;1;1
14;11;1;0;0;0;1;1
14;12;1;1;0;0;0;.0233117
14;4;1;0;1;0;0;.1592234
14;4;1;0;0;0;1;1
14;8;1;1;0;0;0;.0394197
14;11;1;1;0;0;0;.0233117
14;1;1;0;0;0;1;1
14;2;1;1;0;0;0;.0282439
14;13;1;1;0;0;0;.0233117
14;11;1;0;0;1;0;.1339087
14;3;1;0;0;1;0;.1584448
14;6;1;1;0;0;0;.0368398
14;10;1;1;0;0;0;.0394197
14;11;1;0;1;0;0;.1056855
14;12;1;0;1;0;0;.1056855
14;6;1;0;0;0;1;1
14;1;1;0;1;0;0;.1258014
14;8;1;0;0;1;0;.2100058
14;2;1;0;1;0;0;.1258014
14;7;1;0;1;0;0;.1688713
14;4;2;0;0;0;1;1
14;9;2;0;0;1;0;.1358401
14;1;2;0;0;1;0;.1067035
14;8;2;0;0;0;1;1
14;13;2;1;0;0;0;.0149169
14;5;2;0;0;1;0;.1443143
14;9;2;1;0;0;0;.0236915
14;3;2;0;1;0;0;.0836603
14;1;2;1;0;0;0;.0181059
14;2;2;0;0;0;1;1
14;8;2;1;0;0;0;.0253749
14;12;2;0;0;1;0;.0893294
14;7;2;0;0;0;1;1
14;11;2;1;0;0;0;.0149169
14;10;2;0;0;1;0;.1443143
14;14;2;0;0;1;0;.0893294
14;13;2;0;0;1;0;.0893294
14;10;2;1;0;0;0;.0253749
14;3;2;1;0;0;0;.0181059
14;11;2;0;0;1;0;.0893294
14;13;2;0;1;0;0;.0697453
14;10;2;0;0;0;1;1
14;6;2;0;1;0;0;.1072602
14;13;2;0;0;0;1;1
14;6;2;0;0;0;1;1
14;9;2;0;0;0;1;1
14;14;2;0;0;0;1;1
14;8;2;0;0;1;0;.1443143
14;11;2;0;1;0;0;.0697453
14;7;2;0;0;1;0;.1443143
14;6;2;1;0;0;0;.0236915
14;14;2;0;1;0;0;.0697453
14;12;2;0;1;0;0;.0697453
14;11;2;0;0;0;1;1
14;2;2;0;1;0;0;.0836603
14;6;2;0;0;1;0;.1358401
14;4;2;1;0;0;0;.0236915
14;1;2;0;0;0;1;1
14;4;2;0;0;1;0;.1358401
14;3;2;0;0;0;1;1
14;7;2;0;1;0;0;.1141871
14;5;2;1;0;0;0;.0253749
14;14;2;1;0;0;0;.0149169
14;12;2;1;0;0;0;.0149169
14;10;2;0;1;0;0;.1141871
14;8;2;0;1;0;0;.1141871
14;5;2;0;0;0;1;1
14;5;2;0;1;0;0;.1141871
14;12;2;0;0;0;1;1
14;2;2;1;0;0;0;.0181059
14;9;2;0;1;0;0;.1072602
14;3;2;0;0;1;0;.1067035
14;2;2;0;0;1;0;.1067035
14;7;2;1;0;0;0;.0253749
14;1;2;0;1;0;0;.0836603
14;4;2;0;1;0;0;.1072602
14;10;3;0;1;0;0;.0615639
14;2;3;0;0;1;0;.057306
14;8;3;0;0;1;0;.0790459
14;9;3;0;1;0;0;.0576216
14;2;3;0;1;0;0;.0444002
14;9;3;0;0;0;1;1
14;14;3;0;0;0;1;1
14;10;3;0;0;1;0;.0790459
14;2;3;0;0;0;1;1
14;3;3;1;0;0;0;.009297
14;14;3;1;0;0;0;.0076475
14;13;3;1;0;0;0;.0076475
14;3;3;0;1;0;0;.0444002
14;4;3;0;0;0;1;1
14;7;3;0;0;1;0;.0790459
14;7;3;1;0;0;0;.0130767
14;11;3;0;1;0;0;.0367533
14;11;3;0;0;0;1;1
14;6;3;0;0;1;0;.0740725
14;12;3;0;0;0;1;1
14;5;3;1;0;0;0;.0130767
14;14;3;0;1;0;0;.0367533
14;5;3;0;0;0;1;1
14;5;3;0;0;1;0;.0790459
14;8;3;0;1;0;0;.0615639
14;6;3;0;0;0;1;1
14;5;3;0;1;0;0;.0615639
14;13;3;0;0;0;1;1
14;6;3;0;1;0;0;.0576216
14;1;3;0;1;0;0;.0444002
14;12;3;0;0;1;0;.047547
14;4;3;0;0;1;0;.0740725
14;10;3;0;0;0;1;1
14;1;3;0;0;1;0;.057306
14;8;3;0;0;0;1;1
14;2;3;1;0;0;0;.009297
14;7;3;0;0;0;1;1
14;4;3;0;1;0;0;.0576216
14;6;3;1;0;0;0;.0121989
14;11;3;0;0;1;0;.047547
14;9;3;1;0;0;0;.0121989
14;9;3;0;0;1;0;.0740725
14;1;3;1;0;0;0;.009297
14;12;3;1;0;0;0;.0076475
14;8;3;1;0;0;0;.0130767
14;12;3;0;1;0;0;.0367533
14;10;3;1;0;0;0;.0130767
14;14;3;0;0;1;0;.047547
14;4;3;1;0;0;0;.0121989
14;1;3;0;0;0;1;1
14;13;3;0;1;0;0;.0367533
14;11;3;1;0;0;0;.0076475
14;13;3;0;0;1;0;.047547
14;3;3;0;0;0;1;1
14;7;3;0;1;0;0;.0615639
14;3;3;0;0;1;0;.057306
15;6;1;0;0;1;0;.1985694
15;3;1;0;0;0;1;1
15;8;1;0;0;1;0;.2100058
15;8;1;1;0;0;0;.0394197
15;4;1;0;0;1;0;.1985694
15;8;1;0;1;0;0;.1688713
15;7;1;0;0;1;0;.2100058
15;4;1;1;0;0;0;.0368398
15;9;1;0;0;0;1;1
15;9;1;0;1;0;0;.1592234
15;9;1;1;0;0;0;.0368398
15;10;1;1;0;0;0;.0394197
15;14;1;1;0;0;0;.0233117
15;8;1;0;0;0;1;1
15;10;1;0;0;0;1;1
15;9;1;0;0;1;0;.1985694
15;13;1;0;0;1;0;.1339087
15;1;1;1;0;0;0;.0282439
15;6;1;0;1;0;0;.1592234
15;1;1;0;0;0;1;1
15;6;1;0;0;0;1;1
15;11;1;0;0;0;1;1
15;5;1;1;0;0;0;.0394197
15;2;1;1;0;0;0;.0282439
15;14;1;0;0;0;1;1
15;4;1;0;0;0;1;1
15;2;1;0;0;1;0;.1584448
15;13;1;1;0;0;0;.0233117
15;11;1;0;0;1;0;.1339087
15;2;1;0;0;0;1;1
15;10;1;0;0;1;0;.2100058
15;5;1;0;0;0;1;1
15;12;1;0;0;0;1;1
15;13;1;0;1;0;0;.1056855
15;7;1;1;0;0;0;.0394197
15;14;1;0;1;0;0;.1056855
15;7;1;0;1;0;0;.1688713
15;4;1;0;1;0;0;.1592234
15;12;1;0;1;0;0;.1056855
15;11;1;0;1;0;0;.1056855
15;11;1;1;0;0;0;.0233117
15;14;1;0;0;1;0;.1339087
15;6;1;1;0;0;0;.0368398
15;13;1;0;0;0;1;1
15;5;1;0;1;0;0;.1688713
15;3;1;0;1;0;0;.1258014
15;1;1;0;1;0;0;.1258014
15;2;1;0;1;0;0;.1258014
15;5;1;0;0;1;0;.2100058
15;1;1;0;0;1;0;.1584448
15;12;1;1;0;0;0;.0233117
15;7;1;0;0;0;1;1
15;3;1;1;0;0;0;.0282439
15;10;1;0;1;0;0;.1688713
15;3;1;0;0;1;0;.1584448
15;12;1;0;0;1;0;.1339087
15;10;2;0;0;1;0;.1443143
15;6;2;0;0;0;1;1
15;3;2;0;0;0;1;1
15;7;2;0;0;0;1;1
15;6;2;0;1;0;0;.1072602
15;9;2;0;0;0;1;1
15;13;2;0;0;0;1;1
15;1;2;1;0;0;0;.0181059
15;3;2;0;1;0;0;.0836603
15;8;2;0;1;0;0;.1141871
15;4;2;0;0;1;0;.1358401
15;8;2;0;0;0;1;1
15;5;2;0;1;0;0;.1141871
15;10;2;0;1;0;0;.1141871
15;12;2;0;1;0;0;.0697453
15;6;2;1;0;0;0;.0236915
15;1;2;0;1;0;0;.0836603
15;8;2;0;0;1;0;.1443143
15;1;2;0;0;0;1;1
15;5;2;1;0;0;0;.0253749
15;12;2;0;0;0;1;1
15;5;2;0;0;0;1;1
15;14;2;1;0;0;0;.0149169
15;9;2;0;1;0;0;.1072602
15;13;2;0;1;0;0;.0697453
15;11;2;0;1;0;0;.0697453
15;2;2;0;0;1;0;.1067035
15;7;2;0;1;0;0;.1141871
15;10;2;1;0;0;0;.0253749
15;2;2;0;1;0;0;.0836603
15;2;2;1;0;0;0;.0181059
15;5;2;0;0;1;0;.1443143
15;13;2;0;0;1;0;.0893294
15;4;2;0;1;0;0;.1072602
15;8;2;1;0;0;0;.0253749
15;9;2;0;0;1;0;.1358401
15;14;2;0;0;0;1;1
15;3;2;1;0;0;0;.0181059
15;12;2;1;0;0;0;.0149169
15;11;2;1;0;0;0;.0149169
15;2;2;0;0;0;1;1
15;10;2;0;0;0;1;1
15;3;2;0;0;1;0;.1067035
15;1;2;0;0;1;0;.1067035
15;7;2;1;0;0;0;.0253749
15;9;2;1;0;0;0;.0236915
15;12;2;0;0;1;0;.0893294
15;11;2;0;0;0;1;1
15;4;2;0;0;0;1;1
15;14;2;0;0;1;0;.0893294
15;14;2;0;1;0;0;.0697453
15;7;2;0;0;1;0;.1443143
15;6;2;0;0;1;0;.1358401
15;13;2;1;0;0;0;.0149169
15;4;2;1;0;0;0;.0236915
15;11;2;0;0;1;0;.0893294
15;14;3;0;0;0;1;1
15;10;3;1;0;0;0;.0130767
15;7;3;1;0;0;0;.0130767
15;5;3;0;0;1;0;.0790459
15;7;3;0;0;1;0;.0790459
15;3;3;0;0;1;0;.057306
15;13;3;0;0;0;1;1
15;1;3;0;1;0;0;.0444002
15;1;3;0;0;1;0;.057306
15;6;3;1;0;0;0;.0121989
15;12;3;0;1;0;0;.0367533
15;10;3;0;1;0;0;.0615639
15;5;3;1;0;0;0;.0130767
15;13;3;0;1;0;0;.0367533
15;7;3;0;0;0;1;1
15;3;3;1;0;0;0;.009297
15;4;3;1;0;0;0;.0121989
15;13;3;1;0;0;0;.0076475
15;5;3;0;0;0;1;1
15;11;3;0;0;1;0;.047547
15;1;3;0;0;0;1;1
15;2;3;0;1;0;0;.0444002
15;8;3;1;0;0;0;.0130767
15;3;3;0;0;0;1;1
15;14;3;1;0;0;0;.0076475
15;4;3;0;1;0;0;.0576216
15;9;3;0;1;0;0;.0576216
15;5;3;0;1;0;0;.0615639
15;12;3;0;0;1;0;.047547
15;2;3;0;0;1;0;.057306
15;14;3;0;1;0;0;.0367533
15;9;3;0;0;1;0;.0740725
15;8;3;0;0;1;0;.0790459
15;2;3;0;0;0;1;1
15;12;3;0;0;0;1;1
15;6;3;0;1;0;0;.0576216
15;4;3;0;0;0;1;1
15;9;3;1;0;0;0;.0121989
15;6;3;0;0;0;1;1
15;9;3;0;0;0;1;1
15;1;3;1;0;0;0;.009297
15;11;3;0;1;0;0;.0367533
15;10;3;0;0;0;1;1
15;7;3;0;1;0;0;.0615639
15;4;3;0;0;1;0;.0740725
15;8;3;0;0;0;1;1
15;3;3;0;1;0;0;.0444002
15;6;3;0;0;1;0;.0740725
15;11;3;1;0;0;0;.0076475
15;10;3;0;0;1;0;.0790459
15;11;3;0;0;0;1;1
15;14;3;0;0;1;0;.047547
15;12;3;1;0;0;0;.0076475
15;2;3;1;0;0;0;.009297
15;8;3;0;1;0;0;.0615639
15;13;3;0;0;1;0;.047547
16;12;1;0;0;0;1;1
16;5;1;0;0;0;1;1
16;8;1;0;1;0;0;.1688713
16;12;1;0;1;0;0;.1056855
16;9;1;0;0;0;1;1
16;1;1;1;0;0;0;.0282439
16;6;1;0;0;0;1;1
16;2;1;1;0;0;0;.0282439
16;9;1;0;1;0;0;.1592234
16;4;1;0;0;0;1;1
16;5;1;1;0;0;0;.0394197
16;11;1;1;0;0;0;.0233117
16;2;1;0;0;0;1;1
16;11;1;0;1;0;0;.1056855
16;3;1;0;0;0;1;1
16;12;1;0;0;1;0;.1339087
16;10;1;0;0;1;0;.2100058
16;2;1;0;0;1;0;.1584448
16;6;1;1;0;0;0;.0368398
16;5;1;0;0;1;0;.2100058
16;13;1;0;0;1;0;.1339087
16;10;1;0;0;0;1;1
16;4;1;1;0;0;0;.0368398
16;7;1;0;1;0;0;.1688713
16;6;1;0;1;0;0;.1592234
16;10;1;0;1;0;0;.1688713
16;6;1;0;0;1;0;.1985694
16;14;1;1;0;0;0;.0233117
16;12;1;1;0;0;0;.0233117
16;13;1;0;0;0;1;1
16;2;1;0;1;0;0;.1258014
16;7;1;0;0;1;0;.2100058
16;7;1;1;0;0;0;.0394197
16;14;1;0;1;0;0;.1056855
16;11;1;0;0;1;0;.1339087
16;10;1;1;0;0;0;.0394197
16;5;1;0;1;0;0;.1688713
16;8;1;1;0;0;0;.0394197
16;1;1;0;0;1;0;.1584448
16;3;1;0;0;1;0;.1584448
16;3;1;1;0;0;0;.0282439
16;13;1;1;0;0;0;.0233117
16;1;1;0;1;0;0;.1258014
16;4;1;0;1;0;0;.1592234
16;3;1;0;1;0;0;.1258014
16;14;1;0;0;0;1;1
16;14;1;0;0;1;0;.1339087
16;9;1;1;0;0;0;.0368398
16;8;1;0;0;0;1;1
16;1;1;0;0;0;1;1
16;7;1;0;0;0;1;1
16;8;1;0;0;1;0;.2100058
16;11;1;0;0;0;1;1
16;4;1;0;0;1;0;.1985694
16;9;1;0;0;1;0;.1985694
16;13;1;0;1;0;0;.1056855
16;5;2;0;0;0;1;1
16;9;2;0;0;1;0;.1358401
16;4;2;0;0;1;0;.1358401
16;7;2;1;0;0;0;.0253749
16;9;2;1;0;0;0;.0236915
16;8;2;1;0;0;0;.0253749
16;10;2;1;0;0;0;.0253749
16;12;2;1;0;0;0;.0149169
16;9;2;0;0;0;1;1
16;2;2;0;0;0;1;1
16;2;2;0;0;1;0;.1067035
16;3;2;0;1;0;0;.0836603
16;1;2;0;1;0;0;.0836603
16;11;2;1;0;0;0;.0149169
16;8;2;0;0;1;0;.1443143
16;12;2;0;0;0;1;1
16;11;2;0;0;0;1;1
16;8;2;0;1;0;0;.1141871
16;13;2;0;1;0;0;.0697453
16;13;2;1;0;0;0;.0149169
16;8;2;0;0;0;1;1
16;11;2;0;0;1;0;.0893294
16;2;2;0;1;0;0;.0836603
16;11;2;0;1;0;0;.0697453
16;14;2;1;0;0;0;.0149169
16;14;2;0;0;0;1;1
16;12;2;0;0;1;0;.0893294
16;3;2;0;0;0;1;1
16;10;2;0;1;0;0;.1141871
16;14;2;0;1;0;0;.0697453
16;5;2;0;1;0;0;.1141871
16;14;2;0;0;1;0;.0893294
16;6;2;0;0;1;0;.1358401
16;6;2;1;0;0;0;.0236915
16;4;2;1;0;0;0;.0236915
16;10;2;0;0;0;1;1
16;3;2;1;0;0;0;.0181059
16;1;2;0;0;0;1;1
16;13;2;0;0;0;1;1
16;7;2;0;0;1;0;.1443143
16;3;2;0;0;1;0;.1067035
16;10;2;0;0;1;0;.1443143
16;13;2;0;0;1;0;.0893294
16;1;2;0;0;1;0;.1067035
16;1;2;1;0;0;0;.0181059
16;4;2;0;1;0;0;.1072602
16;5;2;1;0;0;0;.0253749
16;9;2;0;1;0;0;.1072602
16;4;2;0;0;0;1;1
16;6;2;0;1;0;0;.1072602
16;5;2;0;0;1;0;.1443143
16;7;2;0;1;0;0;.1141871
16;6;2;0;0;0;1;1
16;7;2;0;0;0;1;1
16;2;2;1;0;0;0;.0181059
16;12;2;0;1;0;0;.0697453
16;9;3;0;0;0;1;1
16;13;3;1;0;0;0;.0076475
16;5;3;0;1;0;0;.0615639
16;7;3;0;1;0;0;.0615639
16;7;3;1;0;0;0;.0130767
16;6;3;0;0;0;1;1
16;8;3;1;0;0;0;.0130767
16;5;3;0;0;0;1;1
16;7;3;0;0;1;0;.0790459
16;9;3;1;0;0;0;.0121989
16;3;3;1;0;0;0;.009297
16;10;3;0;0;1;0;.0790459
16;9;3;0;1;0;0;.0576216
16;4;3;1;0;0;0;.0121989
16;3;3;0;0;1;0;.057306
16;2;3;0;0;0;1;1
16;10;3;1;0;0;0;.0130767
16;3;3;0;1;0;0;.0444002
16;4;3;0;0;1;0;.0740725
16;6;3;0;1;0;0;.0576216
16;1;3;1;0;0;0;.009297
16;13;3;0;0;1;0;.047547
16;10;3;0;1;0;0;.0615639
16;6;3;0;0;1;0;.0740725
16;11;3;0;0;0;1;1
16;11;3;1;0;0;0;.0076475
16;1;3;0;1;0;0;.0444002
16;12;3;0;0;1;0;.047547
16;9;3;0;0;1;0;.0740725
16;4;3;0;0;0;1;1
16;11;3;0;1;0;0;.0367533
16;2;3;0;0;1;0;.057306
16;5;3;1;0;0;0;.0130767
16;13;3;0;0;0;1;1
16;14;3;0;0;0;1;1
16;7;3;0;0;0;1;1
16;1;3;0;0;1;0;.057306
16;2;3;1;0;0;0;.009297
16;4;3;0;1;0;0;.0576216
16;11;3;0;0;1;0;.047547
16;8;3;0;1;0;0;.0615639
16;12;3;0;1;0;0;.0367533
16;12;3;1;0;0;0;.0076475
16;1;3;0;0;0;1;1
16;2;3;0;1;0;0;.0444002
16;13;3;0;1;0;0;.0367533
16;14;3;0;0;1;0;.047547
16;14;3;1;0;0;0;.0076475
16;6;3;1;0;0;0;.0121989
16;14;3;0;1;0;0;.0367533
16;8;3;0;0;0;1;1
16;3;3;0;0;0;1;1
16;8;3;0;0;1;0;.0790459
16;5;3;0;0;1;0;.0790459
16;10;3;0;0;0;1;1
16;12;3;0;0;0;1;1
17;3;1;0;1;0;0;0
17;4;1;0;1;0;0;0
17;4;1;1;0;0;0;0
17;8;1;0;0;1;0;0
17;6;1;0;1;0;0;0
17;7;1;0;1;0;0;0
17;5;1;0;1;0;0;0
17;4;1;0;0;1;0;0
17;14;1;0;1;0;0;0
17;5;1;1;0;0;0;0
17;9;1;0;0;1;0;0
17;8;1;0;1;0;0;0
17;6;1;0;0;1;0;0
17;5;1;0;0;0;1;1
17;10;1;1;0;0;0;0
17;10;1;0;0;1;0;0
17;14;1;0;0;1;0;0
17;13;1;0;0;0;1;1
17;3;1;1;0;0;0;0
17;2;1;0;1;0;0;0
17;9;1;0;1;0;0;0
17;12;1;1;0;0;0;0
17;12;1;0;1;0;0;0
17;8;1;1;0;0;0;0
17;11;1;1;0;0;0;0
17;6;1;1;0;0;0;0
17;7;1;0;0;1;0;0
17;11;1;0;0;1;0;0
17;11;1;0;0;0;1;1
17;9;1;0;0;0;1;1
17;1;1;1;0;0;0;0
17;2;1;1;0;0;0;0
17;6;1;0;0;0;1;1
17;4;1;0;0;0;1;1
17;3;1;0;0;1;0;0
17;14;1;1;0;0;0;0
17;8;1;0;0;0;1;1
17;5;1;0;0;1;0;0
17;2;1;0;0;0;1;1
17;12;1;0;0;1;0;0
17;1;1;0;0;1;0;0
17;13;1;0;1;0;0;0
17;7;1;1;0;0;0;0
17;10;1;0;0;0;1;1
17;11;1;0;1;0;0;0
17;7;1;0;0;0;1;1
17;3;1;0;0;0;1;1
17;13;1;0;0;1;0;0
17;14;1;0;0;0;1;1
17;1;1;0;0;0;1;1
17;13;1;1;0;0;0;0
17;1;1;0;1;0;0;0
17;12;1;0;0;0;1;1
17;10;1;0;1;0;0;0
17;9;1;1;0;0;0;0
17;2;1;0;0;1;0;0
17;3;2;0;0;0;1;1
17;1;2;0;1;0;0;0
17;11;2;0;1;0;0;0
17;11;2;0;0;0;1;1
17;9;2;0;0;1;0;0
17;7;2;1;0;0;0;0
17;9;2;0;0;0;1;1
17;11;2;0;0;1;0;0
17;13;2;0;0;0;1;1
17;13;2;1;0;0;0;0
17;6;2;1;0;0;0;0
17;10;2;0;1;0;0;0
17;5;2;1;0;0;0;0
17;8;2;0;0;0;1;1
17;6;2;0;1;0;0;0
17;10;2;0;0;0;1;1
17;12;2;0;1;0;0;0
17;12;2;0;0;0;1;1
17;7;2;0;0;0;1;1
17;8;2;0;0;1;0;0
17;6;2;0;0;1;0;0
17;2;2;0;0;1;0;0
17;4;2;0;0;1;0;0
17;10;2;0;0;1;0;0
17;2;2;1;0;0;0;0
17;14;2;1;0;0;0;0
17;4;2;0;1;0;0;0
17;8;2;0;1;0;0;0
17;5;2;0;0;0;1;1
17;1;2;0;0;1;0;0
17;4;2;1;0;0;0;0
17;8;2;1;0;0;0;0
17;3;2;0;1;0;0;0
17;7;2;0;1;0;0;0
17;12;2;1;0;0;0;0
17;11;2;1;0;0;0;0
17;1;2;1;0;0;0;0
17;13;2;0;0;1;0;0
17;14;2;0;0;1;0;0
17;9;2;0;1;0;0;0
17;5;2;0;1;0;0;0
17;4;2;0;0;0;1;1
17;2;2;0;0;0;1;1
17;2;2;0;1;0;0;0
17;6;2;0;0;0;1;1
17;9;2;1;0;0;0;0
17;5;2;0;0;1;0;0
17;14;2;0;0;0;1;1
17;3;2;1;0;0;0;0
17;14;2;0;1;0;0;0
17;10;2;1;0;0;0;0
17;1;2;0;0;0;1;1
17;7;2;0;0;1;0;0
17;13;2;0;1;0;0;0
17;3;2;0;0;1;0;0
17;12;2;0;0;1;0;0
17;13;3;1;0;0;0;0
17;14;3;0;0;0;1;1
17;14;3;0;0;1;0;0
17;13;3;0;1;0;0;0
17;10;3;0;0;0;1;1
17;12;3;0;0;1;0;0
17;11;3;0;1;0;0;0
17;8;3;0;0;0;1;1
17;12;3;0;1;0;0;0
17;2;3;0;0;0;1;1
17;5;3;1;0;0;0;0
17;14;3;1;0;0;0;0
17;13;3;0;0;1;0;0
17;14;3;0;1;0;0;0
17;9;3;0;0;1;0;0
17;10;3;1;0;0;0;0
17;9;3;1;0;0;0;0
17;2;3;0;0;1;0;0
17;5;3;0;0;1;0;0
17;3;3;0;0;1;0;0
17;8;3;1;0;0;0;0
17;7;3;0;1;0;0;0
17;6;3;1;0;0;0;0
17;1;3;0;0;1;0;0
17;12;3;0;0;0;1;1
17;9;3;0;1;0;0;0
17;11;3;0;0;0;1;1
17;6;3;0;1;0;0;0
17;3;3;0;1;0;0;0
17;4;3;1;0;0;0;0
17;3;3;0;0;0;1;1
17;4;3;0;0;1;0;0
17;2;3;0;1;0;0;0
17;4;3;0;1;0;0;0
17;3;3;1;0;0;0;0
17;10;3;0;0;1;0;0
17;6;3;0;0;1;0;0
17;9;3;0;0;0;1;1
17;13;3;0;0;0;1;1
17;8;3;0;0;1;0;0
17;11;3;1;0;0;0;0
17;5;3;0;0;0;1;1
17;7;3;0;0;1;0;0
17;1;3;0;0;0;1;1
17;5;3;0;1;0;0;0
17;1;3;1;0;0;0;0
17;7;3;0;0;0;1;1
17;11;3;0;0;1;0;0
17;12;3;1;0;0;0;0
17;1;3;0;1;0;0;0
17;8;3;0;1;0;0;0
17;7;3;1;0;0;0;0
17;6;3;0;0;0;1;1
17;2;3;1;0;0;0;0
17;10;3;0;1;0;0;0
17;4;3;0;0;0;1;1
18;11;1;0;1;0;0;0
18;5;1;1;0;0;0;0
18;13;1;0;0;1;0;0
18;8;1;0;0;1;0;0
18;9;1;0;1;0;0;0
18;3;1;0;0;1;0;0
18;5;1;0;0;1;0;0
18;14;1;1;0;0;0;0
18;13;1;0;1;0;0;0
18;3;1;1;0;0;0;0
18;2;1;0;0;1;0;0
18;7;1;0;0;1;0;0
18;6;1;1;0;0;0;0
18;14;1;0;1;0;0;0
18;11;1;0;0;0;1;1
18;8;1;1;0;0;0;0
18;12;1;0;1;0;0;0
18;3;1;0;0;0;1;1
18;6;1;0;1;0;0;0
18;7;1;0;0;0;1;1
18;10;1;0;1;0;0;0
18;1;1;0;0;0;1;1
18;12;1;1;0;0;0;0
18;13;1;1;0;0;0;0
18;2;1;0;0;0;1;1
18;8;1;0;1;0;0;0
18;13;1;0;0;0;1;1
18;10;1;1;0;0;0;0
18;4;1;0;1;0;0;0
18;4;1;1;0;0;0;0
18;1;1;0;1;0;0;0
18;7;1;0;1;0;0;0
18;1;1;0;0;1;0;0
18;2;1;1;0;0;0;0
18;14;1;0;0;0;1;1
18;4;1;0;0;0;1;1
18;10;1;0;0;0;1;1
18;6;1;0;0;0;1;1
18;10;1;0;0;1;0;0
18;6;1;0;0;1;0;0
18;8;1;0;0;0;1;1
18;11;1;0;0;1;0;0
18;11;1;1;0;0;0;0
18;2;1;0;1;0;0;0
18;14;1;0;0;1;0;0
18;12;1;0;0;1;0;0
18;5;1;0;1;0;0;0
18;9;1;1;0;0;0;0
18;1;1;1;0;0;0;0
18;4;1;0;0;1;0;0
18;12;1;0;0;0;1;1
18;9;1;0;0;0;1;1
18;5;1;0;0;0;1;1
18;3;1;0;1;0;0;0
18;7;1;1;0;0;0;0
18;9;1;0;0;1;0;0
18;7;2;0;0;1;0;0
18;9;2;0;0;1;0;0
18;1;2;0;0;1;0;0
18;8;2;0;1;0;0;0
18;1;2;1;0;0;0;0
18;14;2;0;1;0;0;0
18;4;2;0;1;0;0;0
18;2;2;0;1;0;0;0
18;4;2;0;0;0;1;1
18;8;2;0;0;1;0;0
18;7;2;0;1;0;0;0
18;12;2;0;0;1;0;0
18;10;2;0;0;1;0;0
18;9;2;0;1;0;0;0
18;9;2;1;0;0;0;0
18;13;2;0;0;0;1;1
18;13;2;0;1;0;0;0
18;11;2;0;1;0;0;0
18;3;2;0;0;1;0;0
18;12;2;1;0;0;0;0
18;6;2;0;0;1;0;0
18;8;2;0;0;0;1;1
18;9;2;0;0;0;1;1
18;1;2;0;0;0;1;1
18;10;2;0;0;0;1;1
18;14;2;1;0;0;0;0
18;13;2;0;0;1;0;0
18;8;2;1;0;0;0;0
18;11;2;1;0;0;0;0
18;11;2;0;0;0;1;1
18;5;2;0;0;0;1;1
18;11;2;0;0;1;0;0
18;14;2;0;0;0;1;1
18;5;2;0;0;1;0;0
18;14;2;0;0;1;0;0
18;3;2;0;0;0;1;1
18;12;2;0;1;0;0;0
18;3;2;0;1;0;0;0
18;7;2;1;0;0;0;0
18;1;2;0;1;0;0;0
18;2;2;0;0;0;1;1
18;4;2;0;0;1;0;0
18;10;2;1;0;0;0;0
18;4;2;1;0;0;0;0
18;12;2;0;0;0;1;1
18;2;2;1;0;0;0;0
18;10;2;0;1;0;0;0
18;5;2;1;0;0;0;0
18;6;2;0;0;0;1;1
18;2;2;0;0;1;0;0
18;5;2;0;1;0;0;0
18;6;2;1;0;0;0;0
18;3;2;1;0;0;0;0
18;6;2;0;1;0;0;0
18;7;2;0;0;0;1;1
18;13;2;1;0;0;0;0
18;9;3;1;0;0;0;0
18;13;3;0;0;0;1;1
18;9;3;0;0;0;1;1
18;8;3;0;0;1;0;0
18;7;3;0;0;1;0;0
18;3;3;0;0;1;0;0
18;4;3;0;1;0;0;0
18;10;3;0;0;0;1;1
18;4;3;0;0;0;1;1
18;2;3;0;1;0;0;0
18;7;3;0;0;0;1;1
18;1;3;0;1;0;0;0
18;2;3;0;0;1;0;0
18;6;3;0;0;1;0;0
18;14;3;0;0;0;1;1
18;2;3;1;0;0;0;0
18;11;3;0;1;0;0;0
18;8;3;0;0;0;1;1
18;1;3;0;0;1;0;0
18;6;3;1;0;0;0;0
18;6;3;0;0;0;1;1
18;12;3;0;1;0;0;0
18;8;3;1;0;0;0;0
18;1;3;1;0;0;0;0
18;3;3;1;0;0;0;0
18;5;3;0;0;1;0;0
18;4;3;0;0;1;0;0
18;11;3;0;0;1;0;0
18;9;3;0;0;1;0;0
18;13;3;0;0;1;0;0
18;5;3;0;0;0;1;1
18;2;3;0;0;0;1;1
18;1;3;0;0;0;1;1
18;5;3;0;1;0;0;0
18;7;3;0;1;0;0;0
18;13;3;0;1;0;0;0
18;10;3;0;1;0;0;0
18;6;3;0;1;0;0;0
18;11;3;1;0;0;0;0
18;5;3;1;0;0;0;0
18;14;3;0;1;0;0;0
18;11;3;0;0;0;1;1
18;10;3;1;0;0;0;0
18;4;3;1;0;0;0;0
18;7;3;1;0;0;0;0
18;13;3;1;0;0;0;0
18;10;3;0;0;1;0;0
18;3;3;0;0;0;1;1
18;12;3;1;0;0;0;0
18;12;3;0;0;0;1;1
18;12;3;0;0;1;0;0
18;9;3;0;1;0;0;0
18;8;3;0;1;0;0;0
18;3;3;0;1;0;0;0
18;14;3;1;0;0;0;0
18;14;3;0;0;1;0;0
