region_id;annee;gr_age;inf_chsld;avq_chsld;inf_clsc;avq_clsc
1;2015;1;.00013019;.00156855;0;.00003262
1;2016;1;.00014296;.00156743;0;.00001289
1;2017;1;.00001164;.00204776;0;.00007203
1;2018;1;.00013061;.00197332;0;.00003309
1;2019;1;0;.00223287;0;.00002817
1;2020;1;0;.00397528;0;.00006489
1;2021;1;6.884e-06;.00282554;0;.00008564
1;2015;2;.00363488;.00450086;.0001822;.00016562
1;2016;2;.0032787;.00441846;.00024059;.00015633
1;2017;2;.00254386;.005049;.00032614;.00023862
1;2018;2;.00305907;.00558863;.00032527;.00006512
1;2019;2;.00359168;.00546031;.00021578;.00016043
1;2020;2;.00371462;.00734634;.00053294;.00012992
1;2021;2;.00326385;.00659213;.00057138;.00017164
1;2015;3;.00332973;.00472726;.00029079;.0000752
1;2016;3;.00352174;.00503588;.00042057;.00001621
1;2017;3;.00425282;.00527162;.00084104;.00004788
1;2018;3;.00424524;.00494537;.00074394;.00021659
1;2019;3;.00430245;.00466031;.0011912;.00027782
1;2020;3;.00471486;.00529236;.00173675;.00031996
1;2021;3;.00370152;.00555451;.00124828;.00057702
1;2015;4;.00384066;.00449819;.00084811;.00010886
1;2016;4;.00395414;.00404062;.00090149;.00030101
1;2017;4;.00419702;.00376974;.0019124;.00060295
1;2018;4;.00368512;.00457126;.00166435;.0006891
1;2019;4;.00394351;.00526198;.00153716;.00052463
1;2020;4;.00409415;.00627931;.0013928;.00033033
1;2021;4;.0034742;.00655753;.00143283;.00020774
1;2015;5;.00295675;.00395563;.00064514;.00011066
1;2016;5;.00284191;.00392302;.00066249;.00013287
1;2017;5;.00278887;.00376002;.00140763;.00039023
1;2018;5;.00324146;.00361701;.00130224;.00059788
1;2019;5;.00348547;.00334514;.00164206;.00069368
1;2020;5;.00364818;.00493765;.00234687;.00074048
1;2021;5;.00371848;.00423008;.00208935;.00083929
1;2015;6;.00393236;.0052742;.00143112;.00038742
1;2016;6;.00371044;.00466226;.00130744;.00026186
1;2017;6;.00372808;.00496049;.0010978;.00091467
1;2018;6;.00301703;.00463843;.00121679;.00085421
1;2019;6;.00266797;.00430985;.00116868;.00093444
1;2020;6;.00302452;.00483326;.00137503;.00089424
1;2021;6;.00285164;.0053663;.00157168;.0008575
1;2015;7;.0024725;.00466453;.00109231;.00055946
1;2016;7;.003043;.00495622;.00139716;.0004869
1;2017;7;.00324325;.00521837;.0016952;.00103162
1;2018;7;.00343843;.00497542;.00162956;.00089282
1;2019;7;.00305472;.00484628;.0014286;.00066482
1;2020;7;.00336228;.00679932;.00155581;.00096089
1;2021;7;.0029865;.00770104;.00152769;.00108825
1;2015;8;.00326903;.00567481;.00057185;.00062523
1;2016;8;.0033169;.00527764;.000798;.0007356
1;2017;8;.00320524;.00463858;.00119273;.00139474
1;2018;8;.00325168;.00454357;.00113889;.00136356
1;2019;8;.00303092;.00443571;.00131198;.0013742
1;2020;8;.00274919;.00590879;.00116663;.00113029
1;2021;8;.00336758;.00759842;.00130549;.00114185
1;2015;9;.00119153;.00264162;.00018618;.00026782
1;2016;9;.00104711;.00274433;.00016114;.00028428
1;2017;9;.00106118;.00276087;.0002903;.00078087
1;2018;9;.0011346;.00266855;.00028899;.00068954
1;2019;9;.00111285;.00271507;.00030521;.00068921
1;2020;9;.00116274;.00318557;.00036521;.00088517
1;2021;9;.00103285;.00330845;.00032542;.00108522
2;2015;1;0;.00038719;0;0
2;2016;1;.00002534;.00039863;0;0
2;2017;1;.00002152;.00082805;0;0
2;2018;1;0;.00083862;0;0
2;2019;1;.00002705;.00138908;.00001862;0
2;2020;1;.00006182;.00303993;0;0
2;2021;1;.00002699;.00159148;0;0
2;2015;2;.00125893;.00281559;.0003044;0
2;2016;2;.00124721;.0032964;.00026351;0
2;2017;2;.00146226;.003516;.00011024;0
2;2018;2;.0015854;.00325569;.00013213;0
2;2019;2;.00136023;.00314383;.00018726;0
2;2020;2;.00219097;.0042923;.00003388;0
2;2021;2;.00197575;.00370348;.00007872;0
2;2015;3;.00220991;.00386769;.00088185;0
2;2016;3;.00236021;.00362876;.00084;0
2;2017;3;.00266396;.00393372;.00069032;0
2;2018;3;.00325559;.00392575;.00088476;0
2;2019;3;.0030304;.00410304;.00111941;0
2;2020;3;.00338605;.00529708;.00085223;0
2;2021;3;.00312729;.00430293;.00043679;0
2;2015;4;.00194332;.0038962;.00156359;0
2;2016;4;.00212589;.00412675;.00169087;0
2;2017;4;.00223341;.00467173;.00149858;0
2;2018;4;.00236243;.00461183;.00123808;0
2;2019;4;.00262797;.00398084;.0007992;0
2;2020;4;.00346445;.00439411;.00089228;0
2;2021;4;.00337729;.00430699;.00082831;0
2;2015;5;.00210578;.00405406;.00124811;0
2;2016;5;.00236266;.00346768;.00140619;0
2;2017;5;.00253637;.00325355;.0016101;0
2;2018;5;.00261334;.00323201;.00168868;0
2;2019;5;.00247554;.0032806;.00188528;0
2;2020;5;.00276786;.00468082;.00188891;0
2;2021;5;.00249589;.0047858;.00189743;0
2;2015;6;.00249079;.00410965;.00138827;0
2;2016;6;.00230204;.00439717;.00152369;0
2;2017;6;.00197677;.00410905;.00139294;0
2;2018;6;.00223393;.00386586;.00121882;0
2;2019;6;.00244116;.00392793;.00098943;0
2;2020;6;.0025424;.00523771;.00100543;0
2;2021;6;.00260326;.00591133;.00113004;0
2;2015;7;.00298448;.00428149;.00146914;0
2;2016;7;.00295204;.00414141;.00156173;0
2;2017;7;.00309938;.00429804;.00132418;0
2;2018;7;.00284119;.00430921;.00138762;0
2;2019;7;.00270628;.00395947;.00143348;0
2;2020;7;.0029015;.00522602;.00141333;0
2;2021;7;.00259503;.00570072;.00154214;0
2;2015;8;.00317156;.00435927;.00086432;0
2;2016;8;.00299551;.00446605;.00099771;0
2;2017;8;.0029032;.00444593;.00115539;0
2;2018;8;.00327436;.00431465;.00123591;0
2;2019;8;.00335339;.00442233;.0011119;0
2;2020;8;.00311775;.0053768;.00121104;0
2;2021;8;.00305442;.00578553;.00129202;0
2;2015;9;.00131686;.00160391;.00050404;0
2;2016;9;.00133361;.0017721;.00035239;0
2;2017;9;.00135916;.00192788;.00032917;0
2;2018;9;.00122035;.00210421;.00034355;0
2;2019;9;.00115606;.00203894;.00038425;0
2;2020;9;.00122969;.00252631;.00036628;0
2;2021;9;.00116811;.00284938;.00037445;0
3;2015;1;9.165e-06;.00059252;0;0
3;2016;1;8.829e-06;.00048567;0;5.537e-07
3;2017;1;.00005744;.00068469;1.573e-07;0
3;2018;1;.00006676;.00066132;0;8.052e-06
3;2019;1;.00001685;.00047646;0;7.347e-06
3;2020;1;0;.00086326;0;.00006618
3;2021;1;4.903e-06;.00051677;0;.00003677
3;2015;2;.00142992;.00312506;.00028483;.00010636
3;2016;2;.00156774;.00312865;.00026917;.00009172
3;2017;2;.00169432;.00284136;.0004519;.00007877
3;2018;2;.00159226;.00229813;.00030775;.00010361
3;2019;2;.00123762;.00207388;.00037353;.00009933
3;2020;2;.00082283;.00270438;.00042272;.00005222
3;2021;2;.0007413;.00249227;.00027984;.00004181
3;2015;3;.00223431;.00275896;.00101085;.00023463
3;2016;3;.00239699;.00305164;.00110033;.00025265
3;2017;3;.00255619;.00346039;.00099656;.00025932
3;2018;3;.00255884;.00288096;.00097282;.00021259
3;2019;3;.0024123;.00248955;.00094268;.0001717
3;2020;3;.00220784;.00273473;.00096155;.00018895
3;2021;3;.00156407;.00242276;.0011913;.00017372
3;2015;4;.00229069;.00334232;.00109956;.0003638
3;2016;4;.00242246;.00334857;.00128367;.00027937
3;2017;4;.00269966;.00349124;.0014746;.00026741
3;2018;4;.0026029;.00339621;.00150976;.00024435
3;2019;4;.00255481;.00318891;.0015269;.0002155
3;2020;4;.00249973;.00340698;.00151971;.00027487
3;2021;4;.0021576;.00327928;.00149976;.00032605
3;2015;5;.00223567;.00423972;.00100443;.00065835
3;2016;5;.00257586;.00427289;.0010522;.00061697
3;2017;5;.00290479;.00468506;.00113959;.00058018
3;2018;5;.0031299;.00425622;.00132457;.00059502
3;2019;5;.00333752;.00362927;.00145498;.00052292
3;2020;5;.00323926;.00390995;.00145709;.00043255
3;2021;5;.00263976;.00420708;.00161954;.0004145
3;2015;6;.00341185;.00426539;.00108009;.0005363
3;2016;6;.00334874;.00451569;.00125994;.0006374
3;2017;6;.00350489;.00490213;.0013135;.00068472
3;2018;6;.00358651;.00470633;.00118461;.00073187
3;2019;6;.00349515;.00459906;.00137702;.00075725
3;2020;6;.003313;.00552916;.00141094;.00074186
3;2021;6;.00317321;.0054529;.0014089;.00075463
3;2015;7;.00365316;.00523417;.00081373;.00054829
3;2016;7;.00343182;.00496004;.00101994;.00049927
3;2017;7;.00342916;.0050496;.00110747;.00062849
3;2018;7;.00374523;.00488853;.00130185;.00078309
3;2019;7;.00419608;.00481461;.00133329;.00077007
3;2020;7;.00416567;.00520918;.00142634;.00080055
3;2021;7;.00394654;.00571765;.00161123;.00080264
3;2015;8;.00354258;.00548718;.00052939;.00070097
3;2016;8;.0036153;.00539923;.00055123;.00064051
3;2017;8;.00359219;.00549218;.0006795;.00062624
3;2018;8;.0035127;.00540157;.00071004;.00062407
3;2019;8;.00362378;.00536899;.00084879;.0005802
3;2020;8;.00344057;.00573371;.000948;.00065746
3;2021;8;.00330085;.00600458;.00104979;.00067004
3;2015;9;.00152162;.00312217;.00030734;.00051219
3;2016;9;.0015011;.0031733;.00024394;.00054656
3;2017;9;.00135594;.00332032;.0002152;.00057105
3;2018;9;.00131825;.0032931;.00027767;.00067652
3;2019;9;.00126914;.00322806;.00027272;.00071528
3;2020;9;.00123693;.00337821;.00023815;.00067988
3;2021;9;.00131233;.00353601;.00026487;.00065546
4;2015;1;.00008096;.00101035;0;5.367e-06
4;2016;1;.0000318;.00095909;0;2.720e-06
4;2017;1;.00003435;.00137964;0;.00001361
4;2018;1;.00007486;.00121707;0;3.556e-06
4;2019;1;.00008478;.00127077;0;9.316e-06
4;2020;1;.00015567;.00236456;0;7.991e-07
4;2021;1;.00004708;.00165412;0;.00003947
4;2015;2;.00245571;.00354289;.00042835;.00009021
4;2016;2;.00213596;.00382128;.00039765;.00007196
4;2017;2;.00247544;.00413258;.00025238;.00008322
4;2018;2;.00220335;.00378908;.00021665;.00007735
4;2019;2;.00199107;.00333952;.00033507;.00008628
4;2020;2;.00188446;.0040763;.00015218;.00008983
4;2021;2;.00151694;.00346629;.00007382;.00009921
4;2015;3;.00286239;.0041771;.00102677;.00038366
4;2016;3;.00315311;.00410207;.00093004;.00038008
4;2017;3;.00351942;.00442081;.00075947;.00052183
4;2018;3;.00352881;.0045641;.0008628;.00058869
4;2019;3;.00368613;.00401472;.00079562;.00039721
4;2020;3;.00336391;.00391551;.00087929;.00032409
4;2021;3;.00307035;.00317224;.00086778;.00034737
4;2015;4;.00261659;.00367756;.00150083;.00040613
4;2016;4;.00303186;.00379976;.00152847;.00038094
4;2017;4;.0034483;.00428772;.0016923;.00043459
4;2018;4;.00320277;.00470862;.00164142;.00066378
4;2019;4;.00295095;.00484857;.00132427;.00102706
4;2020;4;.00294964;.00469675;.00122148;.00095052
4;2021;4;.00253908;.00417854;.00127555;.00080878
4;2015;5;.00242643;.00412305;.00108354;.00080735
4;2016;5;.00264596;.00402962;.00115083;.00087024
4;2017;5;.00262099;.00380225;.00123679;.00087503
4;2018;5;.00288796;.00395911;.00123542;.00095374
4;2019;5;.00325176;.00419001;.00138721;.00110024
4;2020;5;.00339618;.00470505;.00149072;.00099741
4;2021;5;.00313879;.0047333;.00185249;.00120164
4;2015;6;.00248469;.00439749;.00114396;.00072666
4;2016;6;.00252811;.00436126;.00116826;.00082618
4;2017;6;.00269988;.0043521;.00123477;.00093029
4;2018;6;.00262452;.00415786;.00142211;.00125724
4;2019;6;.0025031;.00411508;.00138026;.00156539
4;2020;6;.00278929;.00485125;.00164295;.00178054
4;2021;6;.0026689;.00544499;.00176174;.00164023
4;2015;7;.00297451;.0052201;.00106178;.00051877
4;2016;7;.00297374;.00521336;.00116783;.00062844
4;2017;7;.00285123;.00511411;.0012323;.00075255
4;2018;7;.002723;.00488825;.00116445;.00099108
4;2019;7;.00275755;.00475803;.00122956;.00158588
4;2020;7;.00284928;.00554119;.00134555;.00187958
4;2021;7;.00267184;.00597401;.00149018;.00207838
4;2015;8;.00318791;.00506357;.00083903;.00087593
4;2016;8;.0032018;.0051616;.00088521;.00089342
4;2017;8;.00310422;.00529395;.00095542;.00076243
4;2018;8;.0029114;.00547996;.00117422;.00101887
4;2019;8;.00268992;.0054394;.00142791;.00111145
4;2020;8;.00280315;.00615469;.00138585;.00106078
4;2021;8;.00285763;.00667179;.00122582;.001134
4;2015;9;.00124385;.00301507;.00036746;.00055778
4;2016;9;.00121607;.00298907;.0003918;.00063998
4;2017;9;.0011811;.00302742;.00037622;.00065343
4;2018;9;.00123658;.00305012;.00036151;.00068434
4;2019;9;.00118983;.00306237;.0003599;.00083987
4;2020;9;.00107535;.00329641;.00040149;.00080575
4;2021;9;.00106258;.00353088;.00038536;.00081773
5;2015;1;.00002261;.00094841;0;3.066e-06
5;2016;1;.0000109;.00087577;0;0
5;2017;1;6.340e-07;.00089505;0;0
5;2018;1;.00008881;.00118919;0;0
5;2019;1;.00003952;.00135154;0;0
5;2020;1;.00002067;.00145283;0;0
5;2021;1;.00009308;.00085775;0;0
5;2015;2;.00122773;.00354044;.00024356;.0000357
5;2016;2;.00116243;.00383107;.00015814;.00003745
5;2017;2;.00135245;.00412326;.00020236;.00007885
5;2018;2;.00185821;.00393132;.00032521;.00016531
5;2019;2;.00183403;.00372505;.00039236;.00020099
5;2020;2;.00223318;.00387375;.00023234;.00017131
5;2021;2;.00197233;.00425448;.00007584;.00015694
5;2015;3;.00232961;.00397039;.00089313;.00014501
5;2016;3;.00244445;.00430803;.00091176;.00018275
5;2017;3;.00245886;.00417628;.00081289;.00015396
5;2018;3;.00228948;.00420135;.00098164;.00045521
5;2019;3;.00238353;.00434512;.00102671;.00055063
5;2020;3;.0033652;.00412455;.00116036;.00050164
5;2021;3;.00308742;.00399384;.00084413;.00056557
5;2015;4;.00168328;.00333933;.00086331;.00013068
5;2016;4;.00175646;.00369987;.00096798;.00008826
5;2017;4;.00204385;.00414547;.00095846;.00014071
5;2018;4;.00261247;.00411266;.00122894;.0004184
5;2019;4;.00297741;.00425597;.00124199;.0005087
5;2020;4;.00371566;.00479374;.00147552;.00061782
5;2021;4;.00329927;.00456334;.00136491;.00074545
5;2015;5;.00189756;.00424583;.00085591;.00034999
5;2016;5;.00191824;.00406132;.0007227;.00037681
5;2017;5;.00182174;.00413897;.00078495;.00036425
5;2018;5;.00172777;.0038282;.00119205;.00086599
5;2019;5;.0016746;.00354756;.00140961;.00076673
5;2020;5;.00300799;.00421613;.00160686;.00069477
5;2021;5;.00290438;.00449169;.00150307;.00068932
5;2015;6;.00143137;.00483686;.00086736;.00033471
5;2016;6;.00150945;.00505063;.00094408;.00035729
5;2017;6;.00191691;.0053044;.00098821;.00037436
5;2018;6;.0020398;.00515026;.00109948;.00118885
5;2019;6;.00231925;.00469378;.00120303;.00115636
5;2020;6;.00337703;.00518117;.00128248;.00099677
5;2021;6;.00329855;.0055686;.00110628;.00102447
5;2015;7;.00165272;.00537911;.00061092;.00034008
5;2016;7;.00164256;.00492575;.00060384;.00027539
5;2017;7;.00173659;.00477099;.0006249;.00020247
5;2018;7;.00188733;.00488928;.00125444;.00116889
5;2019;7;.00219795;.00466086;.00116366;.00136673
5;2020;7;.00338697;.0053594;.00119306;.00134752
5;2021;7;.00326859;.00644268;.00140583;.00148084
5;2015;8;.0020042;.0053377;.00059454;.00033104
5;2016;8;.00192667;.00542271;.0005853;.00039549
5;2017;8;.00174589;.00546246;.00062821;.00042296
5;2018;8;.00172884;.00510594;.00093082;.00135139
5;2019;8;.00184965;.0050309;.00095622;.00130037
5;2020;8;.00250335;.00593899;.00097596;.00131014
5;2021;8;.00247026;.00604229;.00081634;.0013741
5;2015;9;.00094262;.00346762;.00019351;.00010735
5;2016;9;.00087035;.00344884;.00017704;.00010263
5;2017;9;.00087465;.00348379;.0001431;.00011152
5;2018;9;.00089063;.00345506;.00020162;.00087948
5;2019;9;.00088684;.00333441;.00020007;.0008638
5;2020;9;.00120968;.00361494;.00029821;.00092238
5;2021;9;.00103923;.00407834;.00032554;.00089258
6;2015;1;1.457e-06;.00008019;0;0
6;2016;1;9.984e-07;.00009817;0;0
6;2017;1;1.133e-07;.0001467;0;6.660e-06
6;2018;1;3.495e-06;.00013867;0;8.199e-06
6;2019;1;4.849e-08;.00013424;0;6.114e-07
6;2020;1;0;.00031104;0;6.557e-07
6;2021;1;0;.00023178;0;3.196e-06
6;2015;2;.00040935;.00079669;.0000666;.00005411
6;2016;2;.00032633;.0007734;.00006968;.00003989
6;2017;2;.0003071;.00092929;.00007405;.00005338
6;2018;2;.00026904;.00091445;.00009235;.00005934
6;2019;2;.00020222;.0007965;.00006278;.00007624
6;2020;2;.00019433;.00144025;.00006214;.00007124
6;2021;2;.00015711;.00125291;.00006055;.00009195
6;2015;3;.00090825;.00160444;.00028729;.00010141
6;2016;3;.0009437;.00175475;.00029825;.00010389
6;2017;3;.00096714;.00194972;.00028839;.00023141
6;2018;3;.00088155;.00184913;.00028573;.00030557
6;2019;3;.0006997;.00170911;.000299;.00029134
6;2020;3;.00066507;.00220904;.00025833;.00023249
6;2021;3;.00049955;.00218748;.00022132;.00024061
6;2015;4;.00137876;.00275109;.00060193;.00012906
6;2016;4;.00145614;.0028603;.00058521;.00016629
6;2017;4;.00143853;.00311895;.00049101;.00038367
6;2018;4;.0013236;.00299641;.00055627;.00055809
6;2019;4;.0012665;.00281095;.00049081;.0005827
6;2020;4;.00141098;.00371155;.00045018;.00054473
6;2021;4;.00128965;.00393187;.00044503;.00060895
6;2015;5;.00239202;.00484718;.00079464;.0002431
6;2016;5;.00240931;.00500658;.00080619;.00026226
6;2017;5;.00249889;.00517205;.00084921;.00066416
6;2018;5;.00232684;.00500406;.00092454;.00092066
6;2019;5;.00212683;.00459271;.00094494;.00092337
6;2020;5;.00213051;.00525518;.00085384;.0009896
6;2021;5;.0020091;.00568151;.00081359;.00109324
6;2015;6;.00393201;.00702909;.0010385;.00033892
6;2016;6;.00423184;.00741454;.00106951;.00037642
6;2017;6;.00420443;.00780073;.00111365;.00081453
6;2018;6;.00399519;.00766249;.00123257;.00131592
6;2019;6;.00385879;.00729403;.0012154;.00142697
6;2020;6;.00375604;.0079209;.00132247;.00152977
6;2021;6;.00361981;.00827983;.00137445;.0017439
6;2015;7;.00420113;.00782016;.00086965;.00030459
6;2016;7;.00451788;.00801124;.00086283;.00035501
6;2017;7;.00501194;.00839504;.00093755;.00096754
6;2018;7;.00516859;.00858472;.0012408;.00155496
6;2019;7;.00519574;.00852086;.0012413;.00170566
6;2020;7;.00550092;.00986201;.00137385;.00184289
6;2021;7;.00540198;.01074319;.00152951;.0019628
6;2015;8;.0037632;.00775501;.00073249;.00038093
6;2016;8;.00387374;.00799909;.00077122;.00042051
6;2017;8;.00424998;.00843663;.00076152;.00088826
6;2018;8;.00451621;.00861994;.00083272;.00133102
6;2019;8;.00473904;.00868459;.00096737;.00149847
6;2020;8;.00498732;.00955729;.00105524;.00156552
6;2021;8;.00526488;.01035074;.00109084;.00176225
6;2015;9;.00250998;.00541412;.00035838;.00021862
6;2016;9;.00252369;.00556522;.00035738;.00023721
6;2017;9;.00255319;.00579589;.00037861;.00067518
6;2018;9;.00263266;.00597659;.00045905;.0010985
6;2019;9;.00257229;.00602684;.00045154;.001087
6;2020;9;.00270205;.00640625;.00046948;.00109387
6;2021;9;.00285355;.00722297;.00050652;.00111962
7;2015;1;0;.0003249;0;0
7;2016;1;0;.00036795;0;9.599e-06
7;2017;1;0;.00042075;0;0
7;2018;1;0;.00033699;0;0
7;2019;1;2.563e-06;.00022395;0;0
7;2020;1;0;.00059824;0;6.717e-06
7;2021;1;0;.00070237;0;.00003507
7;2015;2;.00064533;.00217923;.00005026;.00004143
7;2016;2;.0006398;.00235425;.00007543;.00002339
7;2017;2;.00058117;.00242193;.00006619;.00004416
7;2018;2;.00060487;.00227868;.00006928;.00005174
7;2019;2;.00034684;.00197195;.00004104;.00009401
7;2020;2;.00028933;.00145855;.00003921;.00010078
7;2021;2;.00020045;.00146484;0;.00009501
7;2015;3;.00106964;.00265555;.00022882;.00011887
7;2016;3;.0010816;.00258997;.00026993;.00012192
7;2017;3;.00105401;.00248171;.00019359;.0000706
7;2018;3;.00103144;.00263456;.00021474;.00014679
7;2019;3;.00088747;.0029327;.00019692;.00023782
7;2020;3;.00074255;.0030221;.0002447;.00023593
7;2021;3;.00046942;.00266414;.00024055;.00021098
7;2015;4;.00126023;.00282004;.00079937;.00016295
7;2016;4;.0012524;.00291654;.00074628;.00018827
7;2017;4;.00154967;.00292643;.00071307;.00020707
7;2018;4;.0014447;.00292116;.00057002;.00022118
7;2019;4;.00136323;.00249612;.00060828;.00034127
7;2020;4;.00112289;.00280944;.00055033;.00026922
7;2021;4;.00100658;.00292631;.0006122;.00029562
7;2015;5;.00180031;.00283799;.00065797;.00006501
7;2016;5;.00145906;.00278129;.00075832;.00006237
7;2017;5;.00150755;.00335869;.00093529;.00004933
7;2018;5;.00159988;.00336263;.00108026;.00020166
7;2019;5;.0015205;.00309085;.00090707;.00034956
7;2020;5;.00156202;.00291971;.00099165;.00034299
7;2021;5;.00175557;.00300337;.00112463;.00036323
7;2015;6;.0017997;.00318211;.00079571;.00015969
7;2016;6;.00189896;.00351055;.00076356;.00018081
7;2017;6;.0020867;.003955;.00065707;.00021234
7;2018;6;.00237332;.00395353;.00080147;.00037531
7;2019;6;.00232681;.00384779;.00103168;.00054883
7;2020;6;.00232117;.00422781;.00089699;.00055089
7;2021;6;.00206858;.0040039;.00094746;.00058954
7;2015;7;.00232397;.0030444;.00060901;.0001443
7;2016;7;.00234397;.00295387;.00053419;.00017584
7;2017;7;.00236346;.0030248;.00059189;.0002149
7;2018;7;.00236826;.00319301;.00048606;.00038872
7;2019;7;.00243085;.00343694;.00073077;.00066123
7;2020;7;.00269119;.00418504;.000969;.0006027
7;2021;7;.00266323;.00469675;.00094845;.0006747
7;2015;8;.00187435;.00350313;.00049583;.00034077
7;2016;8;.00194393;.00342991;.00056579;.0003452
7;2017;8;.0020768;.00352639;.0006294;.0003643
7;2018;8;.00211374;.00370915;.0007082;.00058573
7;2019;8;.00240071;.00335143;.00063986;.00075842
7;2020;8;.00255081;.00348111;.00065986;.00062503
7;2021;8;.00241783;.00382109;.00061255;.00061557
7;2015;9;.00085702;.00170252;.00022717;.0002712
7;2016;9;.00094359;.00184837;.00016186;.00024716
7;2017;9;.00100285;.00193403;.00016738;.00023801
7;2018;9;.00094415;.00205088;.00024978;.0003921
7;2019;9;.00099074;.0021918;.00030994;.0006002
7;2020;9;.00095769;.00227068;.00031316;.00066908
7;2021;9;.00096063;.00228015;.00032543;.00064827
8;2015;1;.00013706;.00154294;0;0
8;2016;1;.0001821;.00190091;0;0
8;2017;1;.00005279;.00139563;2.655e-07;0
8;2018;1;.00020281;.00180117;0;.00014824
8;2019;1;.00023641;.00159041;2.556e-06;1.825e-06
8;2020;1;.00009709;.00317098;.00001449;.00005252
8;2021;1;.00009771;.00227123;0;.00008122
8;2015;2;.00276953;.00486558;.00040581;0
8;2016;2;.00307876;.00514798;.0003723;.00002588
8;2017;2;.00274838;.00454498;.00016213;.00031023
8;2018;2;.00192614;.00402906;.00013492;.00036692
8;2019;2;.00127272;.00378794;.00012046;.00046336
8;2020;2;.00143424;.00465853;.00018366;.00042955
8;2021;2;.00150704;.00394961;.00005482;.00062665
8;2015;3;.00247464;.00401102;.00090158;.00002601
8;2016;3;.00324404;.0045157;.00101191;.00003122
8;2017;3;.00365616;.00524463;.00115372;.00032935
8;2018;3;.00358529;.00518959;.00128128;.00040535
8;2019;3;.00301149;.00452657;.00125255;.00051594
8;2020;3;.00250554;.00488502;.00129984;.00069271
8;2021;3;.00260777;.00419981;.00078743;.00050277
8;2015;4;.00299719;.00438243;.00078476;.00024235
8;2016;4;.00245242;.00434621;.00088949;.00020119
8;2017;4;.00242149;.00485914;.00101261;.00061564
8;2018;4;.00227487;.00439832;.00104303;.00055413
8;2019;4;.00179631;.00459403;.00118365;.00059973
8;2020;4;.00226351;.00486135;.00177777;.00065515
8;2021;4;.00292854;.00444614;.00193182;.00068174
8;2015;5;.00360842;.00427225;.0015798;.00006872
8;2016;5;.00374339;.00448974;.00113946;.00009839
8;2017;5;.00351593;.00452052;.00107248;.00047406
8;2018;5;.00342119;.00432071;.00120119;.00056711
8;2019;5;.00343578;.00387069;.00096668;.00053308
8;2020;5;.00300412;.00437473;.0012763;.00046949
8;2021;5;.00227972;.00412114;.00136461;.0006089
8;2015;6;.00322462;.00406706;.00113949;.00016114
8;2016;6;.00331229;.00505356;.00138708;.00017721
8;2017;6;.00291119;.00550463;.00157369;.00075246
8;2018;6;.00262395;.00569367;.00147341;.00068557
8;2019;6;.00250224;.00532039;.00133411;.00042763
8;2020;6;.00358935;.00597664;.00148347;.0004485
8;2021;6;.00419174;.00589337;.0012136;.00042106
8;2015;7;.00280175;.00391928;.00077258;.00013638
8;2016;7;.00258158;.00399066;.00102301;.00013035
8;2017;7;.0028556;.00397985;.0015909;.00037231
8;2018;7;.00297231;.00419126;.0012089;.00032067
8;2019;7;.00268099;.00451545;.00088528;.00031568
8;2020;7;.00239945;.0052351;.00077021;.00043597
8;2021;7;.0025896;.00631173;.0009875;.00021992
8;2015;8;.002304;.00491158;.0008169;.00027222
8;2016;8;.00240242;.00474427;.00085371;.00029655
8;2017;8;.00238783;.00526176;.00089928;.00054488
8;2018;8;.00211574;.00465338;.00130775;.00061233
8;2019;8;.00249279;.00413318;.00140647;.00052661
8;2020;8;.00250455;.00512722;.00072581;.00039045
8;2021;8;.0021979;.00543172;.00071911;.00065774
8;2015;9;.00092961;.00223635;.00008988;.00012106
8;2016;9;.00108499;.00226902;.00007664;.00020523
8;2017;9;.00118136;.0023296;.0001477;.00046153
8;2018;9;.00105702;.00239578;.00016936;.00048826
8;2019;9;.0006978;.00202091;.0002493;.00047491
8;2020;9;.00079634;.00241554;.00032384;.00047417
8;2021;9;.00091321;.00257093;.00035331;.0004379
9;2015;1;0;.00106525;0;0
9;2016;1;0;.00090328;0;0
9;2017;1;.00002213;.00182681;0;0
9;2018;1;0;.00181693;0;8.590e-06
9;2019;1;.00023601;.00112099;0;0
9;2020;1;.00004432;.00180252;0;5.917e-08
9;2021;1;0;.00044568;0;0
9;2015;2;.00148537;.00220033;.00012857;.00001619
9;2016;2;.00175521;.00251867;.00044068;.00006418
9;2017;2;.0028165;.00339631;.00063729;.00023121
9;2018;2;.0034538;.00354385;.00055881;.00039754
9;2019;2;.00287195;.00377792;.00047114;.00043703
9;2020;2;.00290879;.00485389;.00022994;.00039922
9;2021;2;.00272783;.00389464;.0000607;.00021737
9;2015;3;.00262073;.00301025;.00076551;.00008837
9;2016;3;.00309623;.00339642;.00081781;0
9;2017;3;.00299987;.00407302;.00083449;.00025638
9;2018;3;.00365294;.00400775;.00064083;.00033331
9;2019;3;.00293431;.00320862;.00055307;.00059232
9;2020;3;.00301163;.00538006;.00084489;.00060199
9;2021;3;.00266578;.00509502;.00055778;.0007661
9;2015;4;.00326674;.00275292;.00072347;.00008007
9;2016;4;.00390112;.00257884;.00053579;.00033225
9;2017;4;.00405157;.00182811;.00049892;.00063383
9;2018;4;.00359039;.00221435;.00075455;.00080193
9;2019;4;.0037915;.00326732;.00112806;.00099681
9;2020;4;.00400226;.00385942;.00105831;.00088684
9;2021;4;.00304813;.00384546;.00122284;.00050341
9;2015;5;.00335102;.00212077;.00071914;.00013754
9;2016;5;.00323163;.00238643;.00065904;.00032486
9;2017;5;.00364674;.00303121;.00082326;.00037906
9;2018;5;.00401877;.00282828;.00113788;.00059648
9;2019;5;.00354236;.00343988;.001261;.00121632
9;2020;5;.00385908;.00481278;.00113792;.00167827
9;2021;5;.00368361;.00451422;.00095333;.00151423
9;2015;6;.00263192;.00240523;.00067321;.00038339
9;2016;6;.00265137;.00296044;.00057926;.00019189
9;2017;6;.00258021;.00343324;.00041001;.00009665
9;2018;6;.00299695;.0024787;.00091652;.00038936
9;2019;6;.0039089;.00195461;.00120287;.00030022
9;2020;6;.00413539;.00357856;.00126528;.00084942
9;2021;6;.00399017;.00468529;.00109433;.00113953
9;2015;7;.00264586;.00405627;.00190291;.00100731
9;2016;7;.00297559;.0041604;.00212098;.00088644
9;2017;7;.00241178;.00401652;.00186995;.000542
9;2018;7;.00225019;.00346195;.0014416;.00064451
9;2019;7;.0021753;.00326139;.00136044;.00115394
9;2020;7;.00265097;.00503067;.00167603;.00099442
9;2021;7;.00208548;.00576202;.00143924;.00105116
9;2015;8;.00248472;.00273443;.00094845;.00087937
9;2016;8;.00206325;.00315726;.0009856;.00118999
9;2017;8;.00211447;.00434866;.00134028;.00096464
9;2018;8;.00187094;.00453345;.00119696;.00162125
9;2019;8;.00192594;.00473155;.00106528;.00288731
9;2020;8;.00254321;.00595861;.00149117;.0028773
9;2021;8;.00255662;.00657058;.00172087;.00252032
9;2015;9;.00078439;.00150955;.00013648;.0003465
9;2016;9;.00102269;.00138206;.00017447;.00031852
9;2017;9;.00120327;.00160506;.00025679;.00040064
9;2018;9;.00107825;.00167691;.00045602;.00063964
9;2019;9;.00101538;.00185926;.00050084;.00072132
9;2020;9;.00098418;.00265097;.00052718;.00094846
9;2021;9;.00097344;.00312871;.00051114;.00108423
10;2015;1;0;.0007287;0;0
10;2016;1;0;.00014026;0;0
10;2017;1;0;0;0;0
10;2018;1;0;.00110135;0;0
10;2019;1;0;.00290874;0;0
10;2020;1;.00014553;.00317531;0;0
10;2021;1;0;.00219644;0;0
10;2015;2;.00215577;.00149208;.00010038;0
10;2016;2;.0013527;.00270475;.00019172;0
10;2017;2;.00136787;.00580181;.00002075;0
10;2018;2;.0013981;.00481847;.0002375;0
10;2019;2;.00086985;.00254908;.00098701;0
10;2020;2;.00100435;.00502914;.00022287;0
10;2021;2;.00183151;.00166409;.00002872;0
10;2015;3;.00360183;.00038837;.00008684;0
10;2016;3;.00432879;.0003079;6.335e-06;0
10;2017;3;.00445656;.00049309;0;0
10;2018;3;.00277684;.00181216;0;0
10;2019;3;.00209873;.00300861;.00001722;0
10;2020;3;.0032477;.00229285;.00037054;0
10;2021;3;.00312851;.00445881;.00024283;0
10;2015;4;.00282003;.00198909;.00069311;0
10;2016;4;.00256332;.00037997;.00141728;0
10;2017;4;.00177172;.00113132;.00144775;0
10;2018;4;.00273379;.00241195;.00074883;0
10;2019;4;.00463536;.00293043;.00006454;0
10;2020;4;.00483145;.00269278;4.806e-06;0
10;2021;4;.00363318;.00195217;.00130768;0
10;2015;5;.00361475;.00143215;.00175102;0
10;2016;5;.0034948;.00057183;.00125449;0
10;2017;5;.00326443;.001151;.00130368;0
10;2018;5;.00465377;.001019;.00237499;0
10;2019;5;.00387127;.00163608;.00336674;0
10;2020;5;.00118624;.00405121;.00153851;0
10;2021;5;.00107159;.00302857;.00055399;0
10;2015;6;.00041138;.00271;.00220408;0
10;2016;6;.0014614;.00334546;.00305792;0
10;2017;6;.00154451;.00285452;.00349714;0
10;2018;6;.00417862;.00201671;.00215522;0
10;2019;6;.00278691;.00230568;.00097706;0
10;2020;6;.00441428;.00417139;.00155617;0
10;2021;6;.00346863;.0044523;.00248177;0
10;2015;7;.00311243;.00112463;.00192539;0
10;2016;7;.00213597;.00193704;.00208452;0
10;2017;7;.00237706;.00212461;.00228977;0
10;2018;7;.00048694;.00376342;.00319419;0
10;2019;7;.00114779;.0031602;.00178503;0
10;2020;7;.00225526;.00235456;.00281127;0
10;2021;7;.00263818;.00669406;.00369498;0
10;2015;8;.00475931;.00252707;.00219664;0
10;2016;8;.00462927;.00200957;.00195815;0
10;2017;8;.00294202;.00158621;.00225852;0
10;2018;8;.00393839;.00120357;.00139775;0
10;2019;8;.00314367;.0006929;.00274314;0
10;2020;8;.00348516;.00149145;.00272073;0
10;2021;8;.00337309;.00361184;.0016731;0
10;2015;9;.00080069;.00302155;.00060866;0
10;2016;9;.00135881;.00312235;.00062307;0
10;2017;9;.00132771;.00298958;.00036362;0
10;2018;9;.00152868;.00255601;.00067348;0
10;2019;9;.00180127;.00277935;.0008258;0
10;2020;9;.00224623;.002817;.00045176;0
10;2021;9;.00263472;.00199243;.00025181;0
11;2015;1;.00003083;.00029827;0;0
11;2016;1;0;.00084939;0;0
11;2017;1;0;.00133358;0;0
11;2018;1;.00003753;.00147615;0;.0001317
11;2019;1;0;.00264979;0;0
11;2020;1;.00021507;.0032009;0;.00002908
11;2021;1;.00018736;.00220758;0;.00007905
11;2015;2;.0021806;.00574122;.00020931;0
11;2016;2;.00234841;.00556288;.00022266;.00008605
11;2017;2;.0027471;.00476493;.00007902;.00007101
11;2018;2;.00181475;.00507423;.00016538;.00055442
11;2019;2;.00191349;.00510424;.00020755;.00115165
11;2020;2;.00145337;.0063686;.00014255;.00061124
11;2021;2;.00142204;.00454464;0;.00088235
11;2015;3;.00280029;.00770327;.00089471;.00035808
11;2016;3;.00241365;.0082;.00110872;.00054743
11;2017;3;.00331658;.00765381;.00111806;.00043163
11;2018;3;.00355761;.00886993;.001377;.00157821
11;2019;3;.00342256;.00697954;.00204039;.00192555
11;2020;3;.00396466;.00616484;.00234852;.00183975
11;2021;3;.00265876;.00502376;.00187948;.00158088
11;2015;4;.0029412;.00669042;.00139031;.00013089
11;2016;4;.00292192;.00604313;.00222986;.00039781
11;2017;4;.00307827;.00597595;.00230366;.00071987
11;2018;4;.00322329;.00646586;.00253049;.00081593
11;2019;4;.00341117;.00645801;.002114;.00166637
11;2020;4;.00339182;.00774926;.00198197;.00190504
11;2021;4;.00290347;.00688968;.00164507;.00234196
11;2015;5;.00357321;.00576134;.00042663;.00037226
11;2016;5;.00360762;.00683036;.00097789;.00027938
11;2017;5;.00369111;.0074031;.00137038;.0007369
11;2018;5;.0031331;.00700602;.00275072;.00113274
11;2019;5;.00289358;.00711188;.0028724;.00160242
11;2020;5;.00306486;.00805557;.00347085;.00069245
11;2021;5;.00290793;.0075124;.00270826;.00071109
11;2015;6;.00315827;.00419037;.00088886;.00002146
11;2016;6;.00348698;.00432033;.00070693;.0005684
11;2017;6;.00371429;.00486439;.00085135;.00072938
11;2018;6;.00449369;.0058867;.00172418;.00164448
11;2019;6;.00436639;.00596409;.0020213;.00219125
11;2020;6;.00426353;.00653733;.00159059;.0018655
11;2021;6;.00443278;.0064086;.00129739;.00181165
11;2015;7;.00393959;.00733646;.00103657;.00005942
11;2016;7;.00438483;.00619956;.00149824;.00026728
11;2017;7;.00364088;.00500034;.0012735;.00017333
11;2018;7;.00341509;.00445926;.00180917;.00145975
11;2019;7;.00397244;.00405242;.00173582;.00253778
11;2020;7;.00366537;.00528803;.00201696;.00307852
11;2021;7;.00330648;.00504271;.00238226;.00247151
11;2015;8;.00539426;.00779477;.0012555;.00015294
11;2016;8;.00459603;.00828493;.00124604;.00023813
11;2017;8;.00472879;.00890705;.00147021;.00033877
11;2018;8;.00433327;.00940964;.00178204;.00074522
11;2019;8;.00398443;.00801138;.00165895;.00122656
11;2020;8;.00396116;.00842999;.0020893;.00089444
11;2021;8;.00447579;.00828808;.00236544;.00128059
11;2015;9;.00133443;.00287604;.00033012;.0003235
11;2016;9;.00146603;.00299915;.00045418;.00033607
11;2017;9;.00141233;.00336411;.00040623;.00019754
11;2018;9;.00134346;.00381747;.00069371;.0003512
11;2019;9;.00143775;.00372522;.00086309;.0005533
11;2020;9;.00155551;.0042221;.00074643;.00068575
11;2021;9;.00143345;.00427391;.00062325;.00077423
12;2015;1;.0001224;.00132567;0;5.075e-07
12;2016;1;.00007604;.00126024;0;1.780e-07
12;2017;1;.00002109;.00141387;0;9.276e-07
12;2018;1;.00003915;.00154744;0;7.267e-06
12;2019;1;.00007918;.00114979;0;1.841e-06
12;2020;1;.00008016;.00172612;0;1.208e-06
12;2021;1;.0001266;.00142285;0;.000029
12;2015;2;.00237351;.00369492;.00015444;.00003296
12;2016;2;.00243506;.00387083;.00019237;.00003796
12;2017;2;.00251518;.00443222;.0001941;.00004522
12;2018;2;.00282479;.00407315;.00028542;.00007671
12;2019;2;.00262816;.00417566;.00021255;.00005931
12;2020;2;.00256647;.0040114;.00020924;.00001101
12;2021;2;.00198991;.00351233;.00020007;.00005869
12;2015;3;.00272157;.0030821;.00068805;.0001431
12;2016;3;.00310883;.00333187;.00064867;.00011539
12;2017;3;.00362825;.00376069;.00072949;.00022022
12;2018;3;.00376433;.00364244;.00082838;.00017771
12;2019;3;.00397158;.00356824;.00089484;.00016742
12;2020;3;.00381208;.00395129;.00055185;.00011358
12;2021;3;.00293587;.00361859;.00068501;.00008128
12;2015;4;.00224258;.00339081;.00082525;.00022094
12;2016;4;.00259588;.00366089;.00085598;.00016857
12;2017;4;.00284774;.00409384;.00094799;.00006555
12;2018;4;.00291518;.00470787;.00093473;.00009593
12;2019;4;.00332612;.00439954;.00106443;.00013683
12;2020;4;.00330146;.00482373;.00096858;.00020281
12;2021;4;.0032149;.00447416;.00086358;.00024643
12;2015;5;.00175973;.00361221;.00065174;.00055209
12;2016;5;.00182529;.00350347;.00070651;.00052417
12;2017;5;.00202844;.00330029;.00073568;.00050508
12;2018;5;.00245324;.00340927;.00084352;.00052705
12;2019;5;.00268036;.0034227;.00091631;.00048759
12;2020;5;.0027858;.00383667;.00112339;.0003978
12;2021;5;.00289342;.00453665;.00135305;.00033698
12;2015;6;.00262331;.00353763;.00091167;.00046881
12;2016;6;.00244269;.00361946;.00100408;.00056444
12;2017;6;.00264075;.00387069;.00116566;.00056461
12;2018;6;.00255273;.00392389;.00112453;.00052688
12;2019;6;.00244197;.00398098;.00074319;.00052176
12;2020;6;.00256511;.00476309;.00062162;.00045411
12;2021;6;.00236671;.00497241;.00068092;.00057948
12;2015;7;.0034209;.00453729;.00123755;.00078989
12;2016;7;.00326239;.00440405;.0012737;.000701
12;2017;7;.00333827;.00430064;.00102649;.00058081
12;2018;7;.00326903;.00446125;.00101667;.0005319
12;2019;7;.00303795;.00444289;.00126069;.00064144
12;2020;7;.0031035;.00460324;.00127263;.0007374
12;2021;7;.0029558;.00545987;.00118875;.00092937
12;2015;8;.00341529;.00588091;.00087137;.00056242
12;2016;8;.00337531;.00555169;.00088802;.00056358
12;2017;8;.00314003;.00524463;.00096407;.00076771
12;2018;8;.00341854;.00503767;.0010889;.00087596
12;2019;8;.00369294;.00451529;.0011888;.0006787
12;2020;8;.00356393;.00459859;.0012941;.0007166
12;2021;8;.00355162;.00509623;.00132504;.00077314
12;2015;9;.00183897;.00324804;.00023312;.0004706
12;2016;9;.00176048;.00330272;.00020356;.00049236
12;2017;9;.00156967;.0034253;.00025334;.00040755
12;2018;9;.00135312;.00360965;.00029236;.00038523
12;2019;9;.00113817;.00374151;.00028478;.00039757
12;2020;9;.00118158;.00413064;.00030811;.00036318
12;2021;9;.00129812;.00454344;.00030257;.00041073
13;2015;1;.00001095;.00006065;0;0
13;2016;1;7.482e-06;.00007195;0;3.731e-06
13;2017;1;0;.00005855;0;0
13;2018;1;0;.00018737;0;0
13;2019;1;0;.00021442;0;0
13;2020;1;0;.00037202;0;-1.611e-07
13;2021;1;0;.00039278;0;8.354e-06
13;2015;2;.00028421;.00135756;.00003646;.00017468
13;2016;2;.00027408;.00118259;0;.00023241
13;2017;2;.00031611;.00120765;.00005865;.00029263
13;2018;2;.00027094;.00088117;.00003923;.00022119
13;2019;2;.00016433;.00076869;.00012239;.00020059
13;2020;2;.00026812;.00139414;.00007212;.00017587
13;2021;2;.00012731;.00184947;.00010215;.00009115
13;2015;3;.00074836;.00202947;.00020855;.00047176
13;2016;3;.00088561;.00226681;.00016977;.00051197
13;2017;3;.00079142;.00279758;.00011675;.00077833
13;2018;3;.00075617;.00236551;.00039305;.00076257
13;2019;3;.00073951;.00202766;.00047618;.00066484
13;2020;3;.000849;.00266952;.00053005;.00051143
13;2021;3;.00051576;.00305198;.00058354;.00053503
13;2015;4;.00093796;.00250768;.00071346;.00088872
13;2016;4;.00100845;.00262244;.0006602;.00083626
13;2017;4;.00128732;.00251877;.00056297;.00081653
13;2018;4;.00132789;.00257388;.00059249;.00090011
13;2019;4;.00109655;.00271141;.00072063;.00103511
13;2020;4;.00116086;.00352753;.00088868;.00094842
13;2021;4;.00096831;.00468368;.00093476;.00107841
13;2015;5;.0015369;.00292877;.00068445;.0011795
13;2016;5;.00152065;.00325292;.0008072;.00117095
13;2017;5;.00154708;.00348936;.00085914;.00119816
13;2018;5;.00142797;.00348286;.00114742;.00125674
13;2019;5;.00146739;.00328791;.00112962;.00131073
13;2020;5;.00156089;.00346239;.00086093;.00110043
13;2021;5;.00155821;.00411004;.00096399;.0010354
13;2015;6;.00191727;.00309542;.00132343;.00114898
13;2016;6;.00204944;.0033427;.00114771;.00108949
13;2017;6;.00191228;.00357366;.00101399;.00117137
13;2018;6;.00186188;.0036413;.00084296;.00138602
13;2019;6;.00183146;.00395935;.00089204;.00132289
13;2020;6;.00219045;.00481985;.00100881;.00156078
13;2021;6;.00200576;.00562165;.00119561;.00142173
13;2015;7;.0019679;.00320864;.00113099;.00091092
13;2016;7;.00186037;.00330696;.00110963;.00100114
13;2017;7;.00183596;.00355523;.00107545;.00106617
13;2018;7;.00215268;.00359787;.0012493;.00103539
13;2019;7;.00226047;.00338063;.00129635;.00130283
13;2020;7;.00244457;.0042738;.00133182;.00138106
13;2021;7;.00251136;.00523035;.00125015;.00142273
13;2015;8;.00150774;.00315738;.00063082;.00135809
13;2016;8;.00147074;.00325253;.00066473;.00112371
13;2017;8;.00171832;.00320619;.00085318;.0010235
13;2018;8;.00179203;.00331213;.000757;.00105903
13;2019;8;.0019897;.00343572;.00073977;.0009116
13;2020;8;.00242281;.00413789;.00079908;.00086298
13;2021;8;.0024095;.0052755;.00093826;.00093452
13;2015;9;.00085359;.002098;.00035901;.00105075
13;2016;9;.00094417;.00210331;.00043984;.00111247
13;2017;9;.0009421;.00227129;.00040718;.00117823
13;2018;9;.00095459;.00227101;.00033563;.00112279
13;2019;9;.00099205;.0022843;.00029839;.00102765
13;2020;9;.00113231;.00248516;.00032028;.00107384
13;2021;9;.00122012;.00309926;.00036597;.0009528
14;2015;1;1.954e-06;.00051956;0;0
14;2016;1;9.344e-07;.00047631;0;0
14;2017;1;6.709e-06;.00062479;0;9.952e-06
14;2018;1;.00004702;.00056989;0;.00002768
14;2019;1;.00001505;.00044363;0;.00003183
14;2020;1;3.701e-06;.00123526;0;1.267e-06
14;2021;1;.00001347;.00054246;0;.00003398
14;2015;2;.00087094;.00244807;.00005558;.00021683
14;2016;2;.0008508;.00239648;.0000436;.00022039
14;2017;2;.00108891;.00311073;.00008187;.00021631
14;2018;2;.00094147;.0027144;.00009177;.00024795
14;2019;2;.00065609;.0024977;.00010621;.00025731
14;2020;2;.00072541;.00330963;.00009853;.00035914
14;2021;2;.00039105;.00251485;.0000769;.0004097
14;2015;3;.00102558;.00243187;.00057621;.00029361
14;2016;3;.00113955;.00279083;.00040976;.0003431
14;2017;3;.00135494;.00308379;.0004015;.00043841
14;2018;3;.00154497;.00326793;.00054267;.00062064
14;2019;3;.00158868;.00331733;.0005038;.00078314
14;2020;3;.0018725;.00388414;.00067425;.00084548
14;2021;3;.00146805;.00351872;.00055121;.00091042
14;2015;4;.00152799;.00239297;.00080593;.00060469
14;2016;4;.00152835;.00251084;.00082956;.00063544
14;2017;4;.00150363;.00306581;.00097461;.00068995
14;2018;4;.00159957;.00304204;.00103944;.00079277
14;2019;4;.00156579;.00290207;.00098991;.00088807
14;2020;4;.00153853;.00368821;.00099233;.00082865
14;2021;4;.00112394;.00377786;.00094808;.00093035
14;2015;5;.00168701;.00265626;.00076244;.00071291
14;2016;5;.00166866;.00282089;.00090417;.00067336
14;2017;5;.0018166;.00306544;.00103307;.00080023
14;2018;5;.00166642;.0033964;.00103949;.00087656
14;2019;5;.0017016;.00335709;.00111007;.00109888
14;2020;5;.00233787;.0042864;.00115898;.00089998
14;2021;5;.00206509;.00415314;.00122833;.00098617
14;2015;6;.0019195;.00242155;.00090383;.00057268
14;2016;6;.00181069;.00231199;.0008638;.000522
14;2017;6;.00180281;.00283288;.00094764;.00063726
14;2018;6;.00197056;.00338106;.00104488;.00079018
14;2019;6;.00220842;.00380513;.00105837;.00101779
14;2020;6;.00262278;.00507113;.00107473;.00113932
14;2021;6;.00249268;.00528417;.00098972;.00142159
14;2015;7;.0017774;.00318254;.00075328;.00097013
14;2016;7;.00181355;.00294617;.00080667;.00089938
14;2017;7;.00188715;.00286492;.00077233;.00091811
14;2018;7;.00196178;.00293822;.00090988;.00097453
14;2019;7;.00221586;.00306928;.00118338;.00110776
14;2020;7;.00252648;.00504232;.00117603;.00114435
14;2021;7;.00259875;.0058438;.00115565;.00128602
14;2015;8;.00212064;.00378069;.00039021;.00075997
14;2016;8;.00207939;.00394552;.00043323;.00085536
14;2017;8;.00222055;.00401403;.00049308;.00095704
14;2018;8;.00240683;.00396314;.0006194;.00108396
14;2019;8;.00223406;.00398757;.00065753;.00136636
14;2020;8;.00224554;.00509374;.00087256;.00158204
14;2021;8;.00228472;.00558938;.0008569;.00156491
14;2015;9;.00073349;.00200786;.00012092;.00045621
14;2016;9;.00076927;.00186656;.00014632;.00046674
14;2017;9;.00078845;.00186004;.00012369;.00046092
14;2018;9;.00081177;.00201776;.00011198;.00058569
14;2019;9;.00084026;.00198739;.00011123;.00063398
14;2020;9;.00098492;.00259349;.00009681;.00060649
14;2021;9;.00100984;.00305486;.00010847;.00065496
15;2015;1;.00001856;.00049332;0;.00003756
15;2016;1;2.396e-06;.00043242;0;1.519e-07
15;2017;1;8.086e-06;.00057219;0;0
15;2018;1;6.236e-06;.00067965;0;0
15;2019;1;.00001691;.000837;0;0
15;2020;1;.00002383;.00116989;0;6.244e-06
15;2021;1;0;.00052026;0;1.200e-06
15;2015;2;.00105573;.00238982;.00004504;.00023547
15;2016;2;.00105408;.00265193;.00007228;.00029588
15;2017;2;.00101199;.0028521;.00006706;.00047934
15;2018;2;.00088406;.0029744;.00011969;.00042488
15;2019;2;.0009506;.00265132;.00017583;.0003007
15;2020;2;.00083122;.00316135;.0001506;.00022996
15;2021;2;.00063908;.00238954;.00010842;.00028226
15;2015;3;.00170359;.00294596;.00053645;.00034709
15;2016;3;.00175857;.00293862;.00046886;.00037977
15;2017;3;.00196829;.00312175;.00061007;.00067286
15;2018;3;.00210386;.00305847;.0005984;.00077385
15;2019;3;.00193434;.00327053;.00069293;.00095402
15;2020;3;.0018846;.00349148;.00073868;.0008421
15;2021;3;.0013914;.00331696;.0006383;.00070748
15;2015;4;.00156183;.00232809;.0009549;.00046716
15;2016;4;.00161879;.00253835;.00080385;.00046235
15;2017;4;.00156543;.00264604;.00096831;.00063316
15;2018;4;.00156389;.00294509;.00100853;.00087165
15;2019;4;.00176903;.00293709;.0010543;.00083473
15;2020;4;.00179099;.00346164;.00121234;.00078929
15;2021;4;.00162853;.0033885;.00138781;.00072504
15;2015;5;.00181729;.00277376;.00094821;.00056521
15;2016;5;.00181201;.00273545;.0009871;.00063559
15;2017;5;.00180384;.002748;.00129498;.00083197
15;2018;5;.00168806;.00287635;.00164957;.00088335
15;2019;5;.00161095;.00286421;.00188861;.00103268
15;2020;5;.00170995;.00355437;.00158831;.00093987
15;2021;5;.00142571;.0033947;.00162346;.00088866
15;2015;6;.00159994;.00276578;.00064906;.00064079
15;2016;6;.00166022;.00278489;.00083274;.00075841
15;2017;6;.00160632;.00304228;.00104594;.00093785
15;2018;6;.00158215;.00318037;.00109343;.00095773
15;2019;6;.00177631;.00333534;.00113406;.00088133
15;2020;6;.00189028;.00409185;.00131365;.00090585
15;2021;6;.00185301;.00438096;.00130744;.00115108
15;2015;7;.00169385;.00304558;.0006168;.00065439
15;2016;7;.00192732;.00285334;.00069223;.00062169
15;2017;7;.00188112;.0028824;.00075813;.00079785
15;2018;7;.00183478;.00310653;.00085646;.00097982
15;2019;7;.00173158;.00298668;.00093935;.00093193
15;2020;7;.0017766;.00418763;.00087874;.00074943
15;2021;7;.00179879;.00451039;.00087065;.00092846
15;2015;8;.00187129;.0035753;.0004026;.00072244
15;2016;8;.00179535;.00346495;.00038993;.00071456
15;2017;8;.00155059;.00342518;.00055943;.00079923
15;2018;8;.00166778;.00336151;.00071687;.00081224
15;2019;8;.00172109;.00317229;.00079243;.00077306
15;2020;8;.00157533;.0039671;.00080519;.00074712
15;2021;8;.00170552;.00429248;.00069834;.00081552
15;2015;9;.00093164;.00192339;.00017988;.00039926
15;2016;9;.00081071;.00205983;.00021133;.00042937
15;2017;9;.00084174;.00214497;.0002599;.00049115
15;2018;9;.00084494;.00213646;.00024045;.00047392
15;2019;9;.00078983;.00220549;.00025551;.00050317
15;2020;9;.00080142;.00251835;.00024174;.00049265
15;2021;9;.00075312;.00276124;.00021086;.00051208
16;2015;1;1.158e-06;.00061373;1.241e-07;5.159e-06
16;2016;1;3.683e-06;.00063897;0;3.275e-07
16;2017;1;2.834e-06;.00053297;0;.00001407
16;2018;1;7.033e-06;.00056758;0;.00001351
16;2019;1;.00002412;.00059284;0;7.728e-07
16;2020;1;.00001991;.00073865;1.921e-08;.0000152
16;2021;1;1.822e-06;.00050246;0;.00005102
16;2015;2;.0006882;.00251117;.00017618;.00010594
16;2016;2;.00072881;.00270165;.0001353;.0001008
16;2017;2;.0007339;.00283533;.00020171;.00013187
16;2018;2;.00077733;.00263637;.00019672;.00017424
16;2019;2;.00059188;.0022647;.00022848;.00018833
16;2020;2;.00062832;.00246757;.00022569;.00012462
16;2021;2;.00042013;.00215257;.0001107;.00023652
16;2015;3;.00116933;.00285965;.00035275;.00020308
16;2016;3;.00127631;.00296354;.0004137;.00020129
16;2017;3;.00134464;.00306942;.00053212;.00021489
16;2018;3;.00145575;.00307362;.00063542;.00020403
16;2019;3;.00144353;.00307127;.00072787;.00035354
16;2020;3;.00125299;.00337212;.00082607;.00035628
16;2021;3;.00105461;.00308489;.00090465;.00040113
16;2015;4;.00108591;.00238933;.00074841;.00021718
16;2016;4;.00114953;.00244193;.00077018;.0002712
16;2017;4;.00123128;.00270304;.00079443;.00031213
16;2018;4;.0012167;.00287553;.00078938;.00036635
16;2019;4;.0012773;.00273729;.00075537;.00045922
16;2020;4;.0014121;.00319961;.00082482;.00046494
16;2021;4;.00143757;.0032859;.00082892;.0005013
16;2015;5;.00136503;.00275347;.00063142;.00044131
16;2016;5;.00133521;.00283559;.00062695;.00041545
16;2017;5;.00142583;.00301656;.0006632;.00040366
16;2018;5;.00137183;.00297374;.00074837;.00037874
16;2019;5;.00133288;.00279286;.00079556;.00051646
16;2020;5;.00134917;.00350476;.00086612;.00048624
16;2021;5;.00129012;.0037765;.00084413;.00062315
16;2015;6;.00138463;.0029393;.00098755;.0003288
16;2016;6;.00155772;.00303929;.00087958;.00036657
16;2017;6;.00169107;.00307158;.00079101;.00039691
16;2018;6;.00177578;.00310786;.00080944;.00043448
16;2019;6;.00174892;.00300521;.00081149;.00060011
16;2020;6;.00179646;.00377268;.00081496;.00064898
16;2021;6;.00170534;.00428882;.00078489;.00077375
16;2015;7;.00151516;.00313351;.0007769;.00037409
16;2016;7;.00149118;.00297683;.0008258;.00038437
16;2017;7;.00145902;.00305399;.00083084;.00036346
16;2018;7;.00146536;.00322036;.00085021;.0004005
16;2019;7;.00158325;.00311821;.00085908;.00059048
16;2020;7;.00169663;.00413594;.00097087;.00055513
16;2021;7;.00174095;.00456666;.00091101;.00068506
16;2015;8;.00118709;.00339903;.00056059;.00040076
16;2016;8;.00117576;.00334837;.00060175;.00036
16;2017;8;.00126438;.00336082;.00053368;.00038812
16;2018;8;.00141071;.00329119;.00061022;.00042227
16;2019;8;.00142959;.00329075;.00059316;.00056392
16;2020;8;.00162531;.00393451;.0006229;.00065238
16;2021;8;.00172214;.0045139;.0007581;.00079384
16;2015;9;.00064844;.00227511;.00020936;.00029385
16;2016;9;.0006555;.00220122;.0002156;.00030926
16;2017;9;.00066232;.00225719;.00022442;.00030602
16;2018;9;.00068465;.00223156;.00024184;.00030532
16;2019;9;.00069178;.00214247;.00026257;.00037882
16;2020;9;.00074587;.00255428;.0002551;.00036427
16;2021;9;.00074697;.00283723;.00022503;.00041483
17;2015;1;0;.00194201;0;.00002171
17;2016;1;0;.00146387;0;.00034259
17;2017;1;0;.00087495;0;.00012026
17;2018;1;0;.00047339;0;.00010203
17;2019;1;0;.00024803;0;.00014371
17;2020;1;0;.00012973;0;.00022404
17;2021;1;0;.00008022;0;0
17;2015;2;0;.00047182;0;.00051732
17;2016;2;0;.00093005;0;.0006794
17;2017;2;0;.00114199;.0001939;.00055177
17;2018;2;0;.00115127;.00001371;.00092969
17;2019;2;0;.00124351;.00008306;.00063423
17;2020;2;0;.00072607;0;.00040249
17;2021;2;0;.00001605;0;.00047819
17;2015;3;0;.00031711;.00054008;.00028106
17;2016;3;0;.00044723;.00010784;.00102226
17;2017;3;0;.00014629;0;.00064896
17;2018;3;0;.00041383;.00012349;.00060477
17;2019;3;0;.00155217;.00057839;.00074011
17;2020;3;0;.00092014;.00132967;.00025953
17;2021;3;0;.00120474;.0012637;.00004494
17;2015;4;0;.00044918;.00057985;.0008191
17;2016;4;0;.00061376;.00098535;.00097317
17;2017;4;0;.00026614;.00166066;.00111528
17;2018;4;0;.00059844;.00165847;.0017906
17;2019;4;0;.00047467;.00152479;.00232992
17;2020;4;0;.00120432;.00048067;.00173168
17;2021;4;0;.00182963;.000363;.00103003
17;2015;5;0;.00037528;.00139867;.00067598
17;2016;5;0;.00019132;.00247735;.00047696
17;2017;5;0;.00001098;.00200486;.00217684
17;2018;5;0;.00011603;.0003578;.00219079
17;2019;5;0;.00083194;.00032265;.0011261
17;2020;5;0;.00187464;.00056194;.00043509
17;2021;5;0;.00091867;.00037471;.0010267
17;2015;6;0;.00153002;0;.00224637
17;2016;6;0;.00175152;3.117e-06;.00143663
17;2017;6;0;.00152721;.00061288;.00126302
17;2018;6;0;.00179459;.00200987;.0016085
17;2019;6;0;.00124363;.00120234;.00128379
17;2020;6;0;.00019923;.00127047;.00085404
17;2021;6;0;.00120467;.0016123;.0001447
17;2015;7;0;.00368816;.00138141;.00297896
17;2016;7;0;.00322149;.00042586;.00336003
17;2017;7;0;.00217516;.00102896;.00497717
17;2018;7;0;.00190108;.00248818;.00329821
17;2019;7;0;.00126531;.00205765;.00193962
17;2020;7;0;.00094568;.00043316;.00100502
17;2021;7;0;.00083438;0;.0010541
17;2015;8;0;.00250553;.00480553;.00169307
17;2016;8;0;.00267261;.00225811;.00120065
17;2017;8;0;.00459115;.00122103;.00287238
17;2018;8;0;.00432649;.00076207;.00210454
17;2019;8;0;.00434821;.00052476;.00239751
17;2020;8;0;.00213379;.00280155;.00184585
17;2021;8;0;.00056717;.00419559;.0014223
17;2015;9;0;.00137195;.0053933;.0019958
17;2016;9;0;.00160331;.00648281;.00124632
17;2017;9;0;.00118927;.00736844;.00141116
17;2018;9;0;.00165686;.00555776;.00178584
17;2019;9;0;.00226195;.00372605;.00222787
17;2020;9;0;.00215895;.00351152;.00282989
17;2021;9;0;.00143457;.00335389;.00357015
18;2015;1;0;0;0;0
18;2016;1;0;0;0;.00006925
18;2017;1;0;0;0;.00002339
18;2018;1;0;0;0;0
18;2019;1;0;0;0;0
18;2020;1;0;0;0;0
18;2021;1;0;6.932e-06;0;.00003614
18;2015;2;0;0;0;.00003816
18;2016;2;0;0;0;.00005142
18;2017;2;0;0;0;.00011452
18;2018;2;0;0;0;.00004906
18;2019;2;0;0;0;.00012908
18;2020;2;0;9.611e-06;0;.00017485
18;2021;2;0;.00072201;0;.0005113
18;2015;3;0;0;0;.0001331
18;2016;3;0;0;0;.00016574
18;2017;3;0;0;0;.00073141
18;2018;3;0;0;0;.00074331
18;2019;3;0;0;.00008065;.00111343
18;2020;3;0;0;0;.00092905
18;2021;3;0;.0000422;0;.00071718
18;2015;4;0;0;0;.00131066
18;2016;4;0;0;0;.00055424
18;2017;4;0;0;0;.0007712
18;2018;4;0;0;0;.00146308
18;2019;4;0;0;0;.00149736
18;2020;4;0;0;0;.00220039
18;2021;4;0;.00001598;0;.00167813
18;2015;5;0;0;0;.0006711
18;2016;5;0;0;0;.00103083
18;2017;5;0;0;0;.00171206
18;2018;5;0;0;0;.00151763
18;2019;5;0;0;0;.00228536
18;2020;5;0;0;0;.0035358
18;2021;5;.00138376;0;0;.00268252
18;2015;6;0;0;0;.00409546
18;2016;6;0;0;0;.00367831
18;2017;6;0;0;0;.00403098
18;2018;6;0;0;0;.00368986
18;2019;6;0;0;0;.00326944
18;2020;6;0;0;.00001582;.00448331
18;2021;6;.00009;0;0;.00391805
18;2015;7;0;0;0;.00324986
18;2016;7;0;0;0;.00444335
18;2017;7;0;0;0;.00482073
18;2018;7;0;0;.00021036;.00447129
18;2019;7;0;0;.00130549;.00421889
18;2020;7;0;.00001177;.00012359;.00778278
18;2021;7;0;.00062572;0;.00470486
18;2015;8;0;0;0;.00624553
18;2016;8;0;0;0;.00697636
18;2017;8;0;0;0;.00710331
18;2018;8;0;0;0;.00469815
18;2019;8;0;0;.00050403;.00351155
18;2020;8;0;0;.00062391;.00429894
18;2021;8;0;.00100482;0;.00276266
18;2015;9;0;0;0;.00266965
18;2016;9;0;0;0;.00293409
18;2017;9;0;0;0;.00396006
18;2018;9;0;0;0;.00485469
18;2019;9;0;0;.00005133;.00428357
18;2020;9;0;0;0;.00437147
18;2021;9;.0002977;4.694e-06;0;.00262253
