region_id;annee;nb_places_pub;nb_installations;nb_places_nc;nb_etc_avq;nb_etc_inf;heures_tot_trav_avq;heures_tot_trav_inf;nb_usagers_pub;nb_usagers_nc;iso_smaf_pub1;iso_smaf_pub2;iso_smaf_pub3;iso_smaf_pub4;iso_smaf_pub5;iso_smaf_pub6;iso_smaf_pub7;iso_smaf_pub8;iso_smaf_pub9;iso_smaf_pub10;iso_smaf_pub11;iso_smaf_pub12;iso_smaf_pub13;iso_smaf_pub14;iso_smaf_nc1;iso_smaf_nc2;iso_smaf_nc3;iso_smaf_nc4;iso_smaf_nc5;iso_smaf_nc6;iso_smaf_nc7;iso_smaf_nc8;iso_smaf_nc9;iso_smaf_nc10;iso_smaf_nc11;iso_smaf_nc12;iso_smaf_nc13;iso_smaf_nc14;nb_en_attente;duree_attente;iso_smaf_attente1;iso_smaf_attente2;iso_smaf_attente3;iso_smaf_attente4;iso_smaf_attente5;iso_smaf_attente6;iso_smaf_attente7;iso_smaf_attente8;iso_smaf_attente9;iso_smaf_attente10;iso_smaf_attente11;iso_smaf_attente12;iso_smaf_attente13;iso_smaf_attente14;sans_iso_smaf_attente;age_en_attente0_64;age_en_attente65_74;age_en_attente75_84;age_en_attente85_94;age_en_attente95_plus
1;2015;989;14;0;1102.3468;501.26632;1493489.5;758253.25;833.3333;2;.000899;0;0;.002398;.000699;.007794;.013289;.032774;.101419;.113809;.180655;.157174;.205635;.183453;0;0;0;0;0;0;0;0;0;.285714;.214286;.428571;.071429;0;8;46.4;0;0;0;0;0;0;0;0;0;.125;.125;.25;.125;.375;0;0;.125;.5;.375;0
1;2016;980;14;0;1064.4146;487.2096;1451135;749047.84;799.1667;1;.000626;.000417;0;.004171;.00292;.004171;.010845;.028154;.073827;.102607;.179666;.176434;.246507;.169656;0;0;0;0;0;0;0;0;0;0;1;0;0;0;8;80.775;0;0;0;0;0;0;0;0;0;.125;.375;.125;.25;.125;0;0;.125;.375;.5;0
1;2017;959;14;0;1050.7244;485.19919;1430303.4;751356.21;776.5;1.25;.000107;.000966;0;.004829;.005259;.005688;.009659;.033162;.080811;.100021;.198218;.144452;.23299;.183838;0;0;0;0;0;0;0;0;.2;0;.8;0;0;0;0;0;0;0;0;0;0;0;0;0;0;0;0;0;0;0;0;0;0;0;0;0
1;2018;942;15;0;1033.0958;487.98704;1462113.9;765091.13;800.0833;2.666667;.002393;.000937;.000624;.004579;.005723;.006348;.013632;.02539;.062851;.120604;.220916;.149532;.218626;.167846;0;0;0;0;0;0;0;.342857;0;0;.542857;.114286;0;0;5;40.32;0;0;0;0;0;0;0;.2;0;.4;0;.2;.2;0;0;0;.4;.4;.2;0
1;2019;945;16;0;1016.0071;488.47649;1475901.3;789058.36;869.5;5;.001054;.000383;.000767;.002779;.004121;.010638;.01773;.032777;.064788;.12833;.222733;.160533;.191681;.161683;0;0;0;0;0;0;0;.2;0;.133333;.333333;.133333;.2;0;35;135.4;0;0;0;0;0;0;0;.028571;0;.085714;.342857;.428571;.114286;0;0;0;.1142857;.2857143;.4857143;.1142857
1;2020;945;16;0;1278.3022;534.29798;1888911.9;876676.93;0;0;0;0;0;0;0;0;0;0;0;0;0;0;0;0;0;0;0;0;0;0;0;0;0;0;0;0;0;0;58;208.22414;0;0;0;0;0;.017241;0;.017241;.137931;.189655;.293103;.275862;.034483;.034483;0;.1034483;.1034483;.2758621;.4310345;.0862069
2;2015;1203;20;0;612.72896;284.31638;825561.35;434106.56;1088.167;1;.003523;.000077;.000919;.001378;.012942;.027876;.040512;.074437;.131643;.183412;.117093;.167254;.133941;.104993;0;0;0;0;0;0;0;0;0;0;1;0;0;0;32;122.8625;0;0;0;0;0;.03125;0;.0625;.21875;.125;.09375;.3125;.125;.03125;0;.125;.03125;.40625;.34375;.09375
2;2016;1194;20;0;610.22053;283.4946;826909.54;435245.92;1087.417;1.583333;.002681;.000153;.001072;.002298;.015781;.028344;.042209;.072392;.10311;.187759;.144553;.167228;.131684;.100735;0;0;0;0;0;0;0;.363636;0;0;.545455;0;0;.090909;32;299.24375;0;0;0;0;0;.03125;0;.03125;.125;.28125;.09375;.21875;.15625;0;.0625;.09375;.0625;.25;.53125;.0625
2;2017;1204;20;0;625.21941;285.87138;854063.19;443689;1070.417;2.583333;.00327;.000545;.003348;.001635;.011211;.026158;.041339;.061269;.091787;.20109;.136785;.178279;.139821;.103464;0;0;0;.129032;0;.032258;0;.387097;0;.290323;.16129;0;0;0;32;136.4;0;0;0;0;0;0;.03125;.03125;.09375;.34375;.15625;.3125;.03125;0;0;.03125;.15625;.25;.5;.0625
2;2018;1218;20;0;615.99116;293.9133;834270.37;453711.85;1070.25;4.25;.003192;.000078;.003348;.001635;.006541;.022814;.02842;.058164;.103403;.200498;.153547;.217317;.118742;.082302;0;0;0;0;0;0;0;.235294;.235294;.254902;.039216;0;.235294;0;17;61;0;0;0;0;0;0;0;0;.117647;.117647;.058824;.588235;0;.117647;0;.1176471;.1176471;.2941177;.2352941;.2352941
2;2019;1225;20;20;601.56414;285.35315;850214.61;463392.92;1114.5;1.333333;.002841;.000299;.002467;.002019;.006057;.015179;.03118;.05892;.090325;.183042;.163377;.218185;.136982;.089128;0;0;0;0;0;0;0;.0625;0;0;.1875;0;.75;0;38;62.142105;0;0;0;0;0;0;0;0;.078947;.289474;.210526;.315789;.105263;0;0;0;.131579;.2368421;.5263158;.1052632
2;2020;1225;20;20;762.75449;326.2204;1055812.2;522571.67;0;0;0;0;0;0;0;0;0;0;0;0;0;0;0;0;0;0;0;0;0;0;0;0;0;0;0;0;0;0;33;72.557576;0;0;0;0;0;0;0;0;.181818;.272727;.212121;.333333;0;0;0;0;.0606061;.3333333;.6060606;0
3;2015;3414;46;0;2029.5408;942.28128;2728637;1433475.9;3372.417;377;.003701;.000686;.007427;.003309;.01679;.046768;.029414;.086943;.139667;.124789;.109248;.13724;.150991;.143025;.001207;0;.001006;.003421;.024145;.043662;.071831;.117706;.14668;.189537;.141449;.112877;.091549;.05493;563;465.86394;0;0;0;.005329;0;.008881;.031972;.030195;.182948;.246892;.161634;.211368;.0746;.046181;0;.0746004;.1083481;.294849;.4404973;.0817052
3;2016;3523;46;0;2029.3739;961.19037;2733689.5;1478241;3334.333;375.4167;.002746;.000816;.006284;.003612;.015959;.039513;.027192;.089987;.14145;.126457;.119752;.137541;.151991;.1367;.003563;0;.000838;.004192;.012366;.022637;.064137;.084469;.160553;.193041;.169985;.131;.100817;.0524;552;306.71449;0;0;0;.001812;.005435;.014493;.027174;.043478;.177536;.226449;.139493;.201087;.106884;.056159;0;.067029;.1358696;.2753623;.4221014;.0996377
3;2017;3415;45;0;2110.1989;989.61224;2857408.8;1521710.1;3279.75;378.6667;.003691;.001281;.00565;.004671;.015544;.038873;.028351;.084677;.130179;.139395;.119858;.144619;.15833;.124881;.00243;.00243;0;.005063;.004455;.027136;.078777;.069461;.160996;.18307;.163224;.143783;.102876;.056298;420;306.45;0;0;0;0;.002381;.011905;.019048;.030952;.130952;.247619;.195238;.216667;.104762;.040476;0;.0571429;.0952381;.3357143;.4166667;.0952381
3;2018;3379;46;0;2009.6116;994.88506;2738453.6;1547689.2;3152.25;396.1667;.004197;.001017;.007846;.002972;.015119;.033992;.02698;.086231;.128278;.146082;.126245;.153798;.157056;.110187;.004925;0;0;.008077;.010244;.020686;.068164;.072695;.173956;.177108;.168046;.152482;.095745;.047872;769;315.4684;.002601;0;0;0;.0013;.0013;.031209;.03251;.156047;.226268;.202861;.180754;.113134;.052016;0;.0585176;.0897269;.3120936;.4395319;.10013
3;2019;3508;47;746;1956.2061;1005.3736;2681536.2;1602600.1;3139.167;406.75;.003298;.001754;.007094;.002827;.013821;.033741;.035913;.076905;.124938;.137869;.141481;.149439;.160982;.109939;.001114;.002229;.002229;.00873;.010215;.023588;.077823;.069651;.134473;.187221;.16159;.166048;.106612;.048477;831;280.39976;0;0;0;.001203;.002407;.006017;.031288;.043321;.149218;.22864;.197353;.186522;.105897;.048135;0;.0601685;.0914561;.3056558;.4308062;.1119134
3;2020;3595;47;746;2262.0856;1034.5367;3144187;1667248;0;0;0;0;0;0;0;0;0;0;0;0;0;0;0;0;0;0;0;0;0;0;0;0;0;0;0;0;0;0;914;326.38818;0;0;.001094;.001094;.001094;.010941;.035011;.047046;.149891;.222101;.207877;.19256;.105033;.026258;0;.0448578;.1170678;.2964989;.4277899;.1137856
4;2015;2564;37;0;1342.11;580.56502;1874327.1;900394.54;2306.083;4.166667;.001409;.000325;.00224;.003216;.006938;.018249;.021537;.048134;.12037;.113468;.141799;.147075;.208759;.16648;0;0;0;0;.04;0;0;.24;.24;.06;0;.06;.24;.12;113;112.44956;0;0;0;0;0;0;.017699;.017699;.079646;.238938;.212389;.185841;.141593;.106195;0;.0265487;.1150443;.3539823;.4247788;.079646
4;2016;2552;37;0;1343.7102;588.65995;1872320.6;916558.15;2297.833;3.416667;.001487;.000689;.001269;.003626;.008776;.016464;.02466;.034379;.109447;.123481;.134397;.158513;.198803;.184007;0;0;0;0;0;0;0;0;.340426;.255319;0;.148936;0;.255319;93;117.68387;0;0;0;0;0;.010753;.053763;0;.096774;.16129;.215054;.225806;.150538;.086022;0;.0860215;.0752688;.344086;.4301075;.0645161
4;2017;2562;37;0;1382.3931;606.67147;1943848.5;944222.35;2284.083;6.666667;.002662;.000438;.001933;.002881;.007366;.013455;.023263;.03887;.106946;.126892;.150118;.14629;.200985;.177903;0;0;0;0;0;.023256;.05814;0;0;.139535;0;.325581;.197674;.255814;98;133.01224;0;0;0;0;0;.010204;.020408;.010204;.153061;.153061;.265306;.122449;.153061;.112245;0;.0612245;.0918367;.2653061;.4795918;.1020408
4;2018;2566;38;0;1389.143;594.83703;1973674.6;956526.48;2303.25;6.416667;.00199;.000796;.001411;.002171;.007344;.013712;.020839;.038712;.107019;.126737;.156946;.161107;.194682;.166534;0;0;0;.011765;0;.035294;.023529;.082353;0;.282353;0;.423529;0;.141176;152;108.89737;0;0;0;0;0;.006579;.059211;.006579;.111842;.138158;.190789;.256579;.171053;.059211;0;.0921053;.1052632;.2631579;.4407895;.0986842
4;2019;2587;33;0;1367.469;588.62471;1939172.2;958818.21;2309.75;7.916667;.002237;.000289;.001191;.002381;.004654;.014539;.027383;.043257;.111841;.137203;.143156;.172992;.193124;.145754;0;0;0;0;.103774;0;0;0;.113208;.330189;.113208;.226415;0;.113208;116;115.82759;0;0;0;.008621;.008621;0;.017241;.034483;.155172;.163793;.232759;.181034;.12931;.068966;0;.0517241;.1206897;.2586207;.4396552;.1293103
4;2020;2676;33;0;1535.8642;633.56601;2229450.2;1015514.6;0;0;0;0;0;0;0;0;0;0;0;0;0;0;0;0;0;0;0;0;0;0;0;0;0;0;0;0;0;0;180;121.77333;0;0;.005556;0;.005556;0;.044444;.033333;.127778;.172222;.166667;.227778;.15;.066667;0;.05;.1333333;.3333333;.3833333;.1
5;2015;2184;33;0;1257.8502;356.16779;1766702.6;533677.11;1456.75;3.5;.002403;.00103;.00246;.004062;.011041;.025056;.029747;.051027;.10417;.172988;.150277;.161947;.166123;.117671;0;0;0;0;0;.333333;0;0;0;.095238;0;.285714;.285714;0;141;154.30355;0;0;0;.007092;0;0;.06383;.028369;.092199;.184397;.184397;.234043;.134752;.070922;0;.0992908;.0921986;.2978723;.3829787;.1276596
5;2016;2217;33;0;1277.0102;356.25407;1796773.5;540326.33;1488.75;7.083333;.001399;.00235;.00207;.00235;.010463;.022046;.027249;.056513;.097135;.163608;.164727;.167021;.16288;.120188;0;0;0;0;.137931;0;.034483;0;.137931;0;.275862;.195402;.103448;.114943;216;198.2213;0;0;0;0;0;0;.009259;.013889;.087963;.24537;.175926;.259259;.162037;.046296;0;.0601852;.1481481;.2962963;.3796296;.1157407
5;2017;2229;33;0;1307.9005;375.32133;1841459.2;575492.86;1512.667;52.75;.001485;.000495;.001375;.003025;.006711;.018593;.023434;.051323;.105891;.170691;.155839;.174542;.174927;.111667;.037209;0;0;.049612;.037209;.037209;.062016;.093023;.165891;.133333;.162791;.116279;.086822;.018605;187;170.9123;0;0;0;0;0;.005348;.010695;.010695;.085561;.235294;.229947;.256684;.117647;.048128;0;.0588235;.1122995;.2941177;.4331551;.1016043
5;2018;2237;33;0;1297.1232;400.64806;1838924.6;617253.31;1552.167;75.16667;.001341;.000107;.000697;.004131;.005794;.022477;.019259;.070061;.104769;.128427;.157985;.169465;.184539;.130948;.032258;.009677;0;.051613;.012903;.021505;.102151;.033333;.136559;.174194;.160215;.117204;.063441;.084946;263;203.31331;0;0;0;0;.003802;0;.026616;.007605;.129278;.231939;.197719;.231939;.129278;.041825;0;.0646388;.148289;.2889734;.4106464;.0874525
5;2019;2279;33;162;1276.7926;431.0319;1817879.7;683804.97;1549.75;83.25;.001612;.000752;.001075;.004675;.007094;.019347;.018917;.066799;.116778;.152676;.151118;.139456;.187016;.132685;.014808;0;0;.025666;0;.020731;.068115;.043435;.109576;.25074;.157947;.088845;.099704;.120434;255;215.36392;0;0;0;0;0;0;.047059;.007843;.098039;.211765;.188235;.25098;.156863;.039216;0;.0431373;.1333333;.2588235;.4509804;.1137255
5;2020;2366;33;162;1433.3478;615.46291;1990959.9;1003728.7;0;0;0;0;0;0;0;0;0;0;0;0;0;0;0;0;0;0;0;0;0;0;0;0;0;0;0;0;0;0;458;229.7869;0;0;0;0;0;0;.050218;.015284;.069869;.30786;.179039;.266376;.085153;.024017;.002183;.0327511;.0917031;.2751092;.4803493;.1200873
6;2015;12382;100;0;6897.3801;2704.708;9662236.3;4260723.4;11972.58;74.16667;.004125;.001437;.004673;.009117;.016887;.055036;.031309;.099996;.160989;.097003;.096475;.10987;.188035;.125049;.004299;0;0;.006879;0;.019776;.030095;.078246;.187446;.122098;.123818;.11092;.195185;.121238;1165;302.08223;0;.000858;.000858;.009442;.016309;.028326;.069528;.075536;.172532;.136481;.113305;.135622;.111588;.053219;.076395;.1030043;.1244635;.2763948;.4309013;.0652361
6;2016;12821;99;0;7098.1396;2857.464;10043312;4576354.7;11874.75;41.33333;.002853;.001304;.004346;.007297;.014257;.051209;.029747;.09684;.157231;.095473;.097863;.111307;.201656;.128619;.001427;.001427;.005706;.042796;.024251;.021398;.035663;.044223;.156919;.088445;.191155;.1398;.136947;.109843;1216;283.91036;.000822;.001645;.001645;.002467;.012336;.01398;.052632;.054276;.17352;.162829;.108553;.154605;.141447;.085526;.033717;.0912829;.1077303;.2606908;.4555921;.0847039
6;2017;12758;100;0;7534.1472;3023.9014;10735236;4859048.3;11686.42;79.83333;.003155;.001025;.00376;.007015;.01336;.047044;.026784;.095107;.147499;.095855;.107242;.118508;.208516;.125131;.015228;.007614;.005076;.021997;.021151;.016074;.041455;.086294;.209814;.115905;.164975;.106599;.121827;.06599;785;293.28713;0;.001274;.002548;.007643;.017834;.02293;.040764;.050955;.136306;.164331;.128662;.179618;.136306;.08535;.025478;.056051;.1006369;.2522293;.4713376;.1197452
6;2018;12444;101;0;7592.7065;3024.2271;10902561;4875544.7;11629.75;146.8333;.002724;.000865;.004411;.006412;.013453;.043247;.025713;.093886;.141558;.09894;.108533;.126046;.209653;.124559;.00816;.002267;0;.021306;.029918;.037171;.05485;.101541;.163645;.118767;.109701;.135086;.18223;.035358;1775;284.62558;0;0;.001127;.002254;.009577;.016338;.076056;.070423;.155493;.147042;.11831;.150986;.171831;.073239;.007324;.0647887;.1149296;.2856338;.435493;.0991549
6;2019;12588;101;683;7492.4369;2972.682;10997569;4927541.6;11734.83;235.8333;.003618;.001034;.004396;.005246;.012248;.044418;.021876;.092815;.132943;.10451;.111838;.125573;.212157;.127328;.005448;.000605;.005751;.017252;.01816;.033898;.073245;.107143;.164346;.094431;.160412;.147094;.144976;.02724;1832;278.91692;0;0;.000546;.002183;.008734;.014192;.068777;.088428;.172489;.131004;.132642;.157205;.159934;.062227;.001638;.0622271;.1157205;.2898472;.4312227;.1009825
6;2020;12276;101;717;8660.0026;3173.1729;12791348;5293367.7;0;0;0;0;0;0;0;0;0;0;0;0;0;0;0;0;0;0;0;0;0;0;0;0;0;0;0;0;0;0;1796;337.70891;.000557;0;.00167;.002227;.007795;.015033;.074053;.075167;.163697;.154232;.111359;.174833;.164811;.052339;.002227;.0640312;.107461;.2967706;.4387528;.0929844
7;2015;1305;16;0;709.49317;279.58253;957718.11;434505.31;1231.667;2;.001421;.001556;.000744;.001353;.00433;.02111;.025846;.04134;.106834;.141543;.146211;.176996;.174019;.156698;0;0;0;0;0;0;0;0;0;0;0;.5;.5;0;112;214.42321;0;0;0;0;0;0;.008929;0;.142857;.267857;.178571;.214286;.107143;.071429;.008929;.0446429;.1428571;.3571429;.4196429;.0357143
7;2016;1313;16;0;726.00544;278.83696;959249.01;436068.87;1237.667;2;.002222;.000471;.000808;.001481;.003973;.011312;.014342;.041543;.085174;.139712;.161392;.184285;.192163;.161123;0;0;0;0;0;0;0;0;0;0;0;.5;.5;0;93;255.28387;0;0;0;0;0;0;0;.010753;.064516;.247312;.172043;.27957;.139785;.075269;.010753;.1290323;.0322581;.2688172;.5053763;.0645161
7;2017;1305;16;0;766.69969;298.63769;1025745.3;476797.18;1222.667;1.666667;.000954;.000273;.000409;.002317;.006066;.010224;.01479;.038032;.069452;.156148;.157306;.187909;.193975;.162146;0;0;0;0;0;0;0;0;0;.4;0;0;.6;0;91;148.57143;0;0;0;0;0;0;0;0;.054945;.274725;.131868;.307692;.175824;.054945;0;.021978;.1428571;.3076923;.4285714;.0989011
7;2018;1304;16;0;786.99594;305.26322;1053689.8;485693.24;1230.417;1.833333;.000609;.000542;.000339;.00088;.00088;.013066;.012186;.031074;.059915;.171959;.161533;.200867;.202356;.143795;0;0;0;.121212;0;0;0;0;.151515;0;.363636;0;.363636;0;159;141.38365;0;0;0;0;0;0;.006289;0;.031447;.27044;.220126;.232704;.157233;.081761;0;.0628931;.1509434;.3333333;.3899371;.0628931
7;2019;1321;18;0;776.09166;312.31688;1048490.6;486412.99;1222.917;1.833333;.000613;.000409;.000136;.000818;.004429;.009131;.010358;.033186;.056559;.148211;.177922;.211175;.197411;.149642;0;0;0;0;0;0;.272727;0;0;.181818;0;0;.545455;0;113;232.56106;0;0;0;0;0;0;0;0;.035398;.238938;.221239;.327434;.150442;.026549;0;.0088496;.1504425;.2566372;.5132743;.0707965
7;2020;1314;18;0;823.25388;320.30829;1136240.3;511145.46;0;0;0;0;0;0;0;0;0;0;0;0;0;0;0;0;0;0;0;0;0;0;0;0;0;0;0;0;0;0;151;222.73907;0;0;0;0;0;0;0;.013245;.046358;.218543;.18543;.271523;.205298;.059603;0;.0596026;.1125828;.3576159;.4039735;.0662252
8;2015;676;12;0;400.39732;169.96205;525317.7;260986.11;606;0;.00055;.000413;.00055;.004813;.019527;.016227;.047305;.088146;.132838;.134351;.12115;.156903;.136826;.140402;0;0;0;0;0;0;0;0;0;0;0;0;0;0;106;266.63208;0;0;0;.009434;.018868;.009434;.056604;.028302;.179245;.235849;.179245;.207547;.037736;.028302;.009434;.0566038;.1226415;.245283;.490566;.0849057
8;2016;709;12;0;422.331;181.87343;536684.35;278623.32;607.3333;.4166667;.001647;.000412;.000274;.002195;.013996;.022503;.035812;.081915;.107162;.157108;.123353;.148326;.164517;.140779;0;0;0;0;0;0;1;0;0;0;0;0;0;0;118;392.92712;0;0;0;.008475;.016949;.016949;.025424;.033898;.177966;.237288;.144068;.20339;.09322;.042373;0;.0932203;.1694915;.2542373;.3813559;.1016949
8;2017;675;12;0;432.92222;186.59358;562469.65;288372.08;580.3333;.0833333;.00201;0;.00201;.004164;.00919;.012349;.03633;.065767;.119472;.162119;.117318;.185813;.151493;.131964;0;0;0;0;0;0;0;0;0;0;1;0;0;0;56;239.70714;0;0;0;0;.017857;0;.107143;.017857;.071429;.303571;.178571;.214286;.053571;.035714;0;.0892857;.1428571;.2678571;.4285714;.0714286
8;2018;674;12;0;425.5295;193.09299;571277.9;297243.88;578.5833;.6666666;.001728;.000432;.001584;.003457;.02074;.014259;.042201;.052427;.118825;.189976;.116664;.169811;.158145;.109751;0;0;0;0;0;0;0;0;0;0;.125;0;0;.875;60;328.19;0;0;0;0;.016667;0;.05;0;.166667;.283333;.183333;.233333;.05;.016667;0;.0666667;.15;.2;.5;.0833333
8;2019;669;12;20;432.79706;201.19197;598582.29;313601.01;580.75;0;.003444;0;0;.006027;.01478;.010905;.053523;.067298;.119816;.150811;.135027;.171043;.162434;.104893;0;0;0;0;0;0;0;0;0;0;0;0;0;0;89;370.6;0;0;0;0;.011236;0;.089888;0;.179775;.247191;.202247;.179775;.05618;.022472;.011236;.0674157;.1123596;.2696629;.4494382;.1011236
8;2020;669;12;20;534.16091;218.56732;744777.83;356148.01;0;0;0;0;0;0;0;0;0;0;0;0;0;0;0;0;0;0;0;0;0;0;0;0;0;0;0;0;0;0;88;234.71591;0;0;0;0;.034091;0;.113636;.022727;.136364;.340909;.125;.170455;.034091;.011364;.011364;.1136364;.0909091;.3977273;.3181818;.0795455
9;2015;419;6;0;169.77654;104.67148;206183.06;157161.44;307.9167;.1666667;.001083;0;.003518;.000812;.018945;.053045;.02977;.084168;.077131;.208119;.124493;.108254;.148309;.142355;0;0;0;0;0;0;0;0;0;0;1;0;0;0;90;448.83556;0;0;0;.011111;.011111;.022222;.077778;0;.166667;.333333;.144444;.144444;.066667;.022222;0;.0777778;.0888889;.3555556;.3333333;.1444445
9;2016;413;6;0;179.28761;106.50943;218564.47;161569.63;301.0833;0;0;.001107;.001107;.00083;.012732;.04982;.026294;.071409;.07473;.153335;.177968;.143648;.134791;.152228;0;0;0;0;0;0;0;0;0;0;0;0;0;0;42;679.07143;0;0;0;.02381;.02381;.047619;.047619;.047619;.142857;.285714;.095238;.142857;.095238;.047619;0;.1190476;.0952381;.3095238;.3571429;.1190476
9;2017;420;6;0;201.68127;112.01291;251758.95;177616.35;300.6667;0;0;0;.003326;.000831;.011086;.028271;.017738;.060421;.080654;.200388;.173503;.155211;.124723;.143847;0;0;0;0;0;0;0;0;0;0;0;0;0;0;12;181.66667;0;0;0;.083333;0;.166667;.083333;.083333;0;.083333;.25;.166667;.083333;0;0;.0833333;.25;.25;.4166667;0
9;2018;434;6;0;195.04568;118.98443;249211.73;192970.76;296.4167;0;.00253;0;.003374;.000843;.00731;.031768;.042452;.050323;.090807;.139162;.171212;.170931;.121451;.167838;0;0;0;0;0;0;0;0;0;0;0;0;0;0;20;243.67;0;0;0;.05;.1;.05;.1;0;.1;.15;.2;.2;0;.05;0;.1;0;.4;.45;.05
9;2019;411;11;0;226.783;124.27344;289653.92;197414.19;301.5;.4166667;0;.007739;0;.005528;.006633;.019071;.042289;.049475;.088447;.127695;.149254;.212548;.148701;.14262;0;0;0;0;0;0;0;0;0;1;0;0;0;0;44;252.57727;0;0;0;0;.022727;0;.068182;.022727;.204545;.181818;.068182;.386364;.022727;.022727;0;.0909091;.1136364;.2272727;.4772727;.0909091
9;2020;477;11;0;315.28933;148.80219;422287.98;237806.29;0;0;0;0;0;0;0;0;0;0;0;0;0;0;0;0;0;0;0;0;0;0;0;0;0;0;0;0;0;0;44;260.08182;0;0;0;0;.045455;0;.022727;.045455;.090909;.25;.090909;.318182;.090909;.045455;0;.0681818;.1136364;.3636364;.3863636;.0681818
10;2015;38;3;0;24.607465;17.630762;23437.852;24340.541;38.41667;.9166667;.010846;.002169;.02603;0;.017354;.002169;.184382;.078091;.201735;.171367;.004338;.110629;.075922;.114967;0;0;0;0;0;0;0;0;0;0;0;0;0;1;0;0;0;0;0;0;0;0;0;0;0;0;0;0;0;0;0;0;0;0;0;0
10;2016;39;3;0;24.05089;17.774218;24229.542;24422.445;35.75;0;0;0;.027972;.011655;.032634;.030303;.083916;.072261;.151515;.146853;.034965;.095571;.219114;.09324;0;0;0;0;0;0;0;0;0;0;0;0;0;0;0;0;0;0;0;0;0;0;0;0;0;0;0;0;0;0;0;0;0;0;0;0
10;2017;39;3;0;25.748388;15.506862;31446.739;24814.633;30.91667;0;0;0;.005391;.002695;0;.032345;.03504;.105121;.105121;.16442;.070081;.145553;.237197;.097035;0;0;0;0;0;0;0;0;0;0;0;0;0;0;0;0;0;0;0;0;0;0;0;0;0;0;0;0;0;0;0;0;0;0;0;0
10;2018;39;3;0;29.782279;17.576009;32784.071;26821.472;29.58333;.75;.002817;0;0;0;0;.014085;.149296;.070423;.149296;.177465;0;.171831;.23662;.028169;0;0;0;0;0;0;0;0;1;0;0;0;0;0;0;0;0;0;0;0;0;0;0;0;0;0;0;0;0;0;0;0;0;0;0;0
10;2019;47;3;0;30.423944;20.689726;33515.394;31229.603;33.66667;0;0;0;0;0;.002475;0;.111386;.128713;.116337;.136139;.09901;.158416;.247525;0;0;0;0;0;0;0;0;0;0;0;0;0;0;0;0;0;0;0;0;0;0;0;0;0;0;0;0;0;0;0;0;0;0;0;0;0
10;2020;47;4;0;36.040888;23.049174;47176.484;36357.9;0;0;0;0;0;0;0;0;0;0;0;0;0;0;0;0;0;0;0;0;0;0;0;0;0;0;0;0;0;0;0;0;0;0;0;0;0;0;0;0;0;0;0;0;0;0;0;0;0;0;0;0
11;2015;502;10;0;322.18253;128.21748;424869.24;195946.47;390;1;.000214;0;0;.002778;.005983;.007051;.014103;.027778;.101068;.126923;.109402;.200855;.245726;.15812;0;0;0;0;0;0;0;0;0;0;1;0;0;0;7;115.22857;0;0;0;0;0;0;0;0;0;.142857;0;.714286;.142857;0;0;0;0;.4285714;.5714286;0
11;2016;508;10;0;320.15436;123.39869;416049.87;191785.98;386.0833;0;.001079;0;0;.002806;.000863;.009929;.019642;.018994;.094971;.111159;.133175;.194474;.237859;.175049;0;0;0;0;0;0;0;0;0;0;0;0;0;0;27;160.78519;0;0;0;0;0;0;0;0;0;.259259;.296296;.296296;.111111;.037037;0;.1111111;.0740741;.1481481;.4444444;.2222222
11;2017;500;10;0;322.84367;123.89891;439448.21;195979.61;388.3333;0;.002575;.000429;.000429;.001288;.003433;.004506;.012876;.020601;.06309;.138841;.141416;.192489;.253648;.164378;0;0;0;0;0;0;0;0;0;0;0;0;0;0;19;149.03158;0;0;0;0;0;0;0;0;0;.368421;.210526;.421053;0;0;0;0;0;.4210526;.5789474;0
11;2018;503;10;0;334.71039;117.69204;466389.65;194868.77;403;.25;0;0;0;.000414;.003515;.002895;.025434;.013441;.059967;.125103;.148263;.172663;.301902;.146402;0;0;0;0;0;0;0;0;1;0;0;0;0;0;29;263.4069;0;0;0;0;0;0;0;0;.034483;.241379;.310345;.310345;.103448;0;0;.0689655;.1034483;.2413793;.5172414;.0689655
11;2019;507;10;0;316.45984;118.96221;450723.91;200046.87;395;1.083333;0;0;0;.000633;.002532;.005696;.017932;.017089;.049156;.133122;.154641;.212236;.277637;.129325;0;0;0;0;0;0;0;0;1;0;0;0;0;0;46;203.68261;0;0;0;0;0;0;0;0;.043478;.173913;.304348;.326087;.108696;.043478;0;.0434783;.1304348;.2826087;.4782609;.0652174
11;2020;537;10;0;381.7397;136.68953;549732.47;233912.94;0;0;0;0;0;0;0;0;0;0;0;0;0;0;0;0;0;0;0;0;0;0;0;0;0;0;0;0;0;0;54;303.19259;0;0;0;0;0;0;.018519;0;.074074;.203704;.351852;.222222;.111111;.018519;0;.0925926;.0555556;.2777778;.462963;.1111111
12;2015;1804;34;0;1183.665;552.30969;1605690;842175.64;1690.25;4.25;.000887;.000049;.000345;.001183;.008131;.016164;.035088;.036468;.112015;.122708;.176276;.130643;.20136;.158683;0;0;0;0;0;0;.222222;0;.222222;0;.111111;.222222;0;.222222;161;230.66584;0;0;0;.018634;0;.006211;.031056;.024845;.111801;.223602;.180124;.267081;.093168;.043478;0;.0745342;.1055901;.2360248;.4534161;.1304348
12;2016;1998;34;0;1169.9488;553.73627;1613631.9;853442.81;1633.25;3.083333;.000816;0;.001071;.001633;.005969;.01102;.035866;.038212;.105811;.120096;.180807;.132187;.209734;.156778;0;0;0;0;0;0;0;.106383;.255319;0;.255319;.382979;0;0;113;214.26549;0;0;0;0;0;.00885;.035398;.026549;.141593;.141593;.185841;.283186;.132743;.035398;.00885;.0707965;.1238938;.2566372;.4778761;.0707965
12;2017;1998;34;0;1202.0975;559.65884;1675437.9;860077.67;1568.583;4.083333;.000478;.000584;.000318;.001592;.00345;.009873;.03328;.045223;.114384;.119321;.178875;.146391;.209289;.136943;0;0;0;0;0;0;0;0;.181818;.127273;0;.490909;0;.2;67;290.43582;0;0;0;0;0;.014925;.059701;.014925;.164179;.19403;.134328;.268657;.074627;.059701;.014925;.0447761;.119403;.2835821;.4179105;.1343284
12;2018;1963;34;0;1242.9468;570.81014;1782013.2;885110.12;1557.417;2.583333;.000321;.000321;.000214;.002247;.005885;.008292;.027017;.041569;.123689;.125615;.174353;.157233;.196234;.13701;0;0;0;0;0;0;.205882;0;0;.441176;0;.352941;0;0;156;112.59103;0;0;0;0;.012821;.00641;.025641;.00641;.102564;.205128;.269231;.192308;.089744;.083333;.00641;.0641026;.0961538;.2820513;.4679487;.0897436
12;2019;1965;37;0;1257.5741;575.78652;1783859.3;915172.16;1554.583;3.083333;.000911;0;.000107;.001662;.002412;.007826;.024712;.040525;.112249;.120879;.190298;.160172;.205897;.132351;0;0;0;0;0;0;.027027;0;.351351;.621622;0;0;0;0;154;95.007792;0;0;0;0;0;0;.032468;.012987;.123377;.155844;.292208;.207792;.11039;.064935;0;.0519481;.0844156;.3181818;.4675325;.0779221
12;2020;1967;37;0;1398.87;603.40409;1975779;979363.75;0;0;0;0;0;0;0;0;0;0;0;0;0;0;0;0;0;0;0;0;0;0;0;0;0;0;0;0;0;0;334;157.43054;0;0;0;0;0;.002994;.041916;.032934;.116766;.176647;.236527;.230539;.122754;.038922;0;.0479042;.1077844;.3413174;.4251497;.0778443
13;2015;1379;14;0;765.11784;296.03647;1053546.4;449489.46;1488;111.5;.004405;.000167;.002119;.005575;.011653;.019737;.021409;.040421;.14089;.10911;.152096;.173227;.174509;.144681;0;0;0;.010424;.009729;.021543;.059069;.017373;.157054;.125087;.132731;.177901;.184156;.104934;149;346.28725;0;0;0;0;0;0;0;.013423;.127517;.114094;.208054;.322148;.120805;.09396;0;.0268456;.0872483;.3691275;.4765101;.0402685
13;2016;1415;14;0;794.6012;300.46678;1081185.2;467106.63;1528.917;105.4167;.003518;.001083;.002165;.007849;.011476;.020461;.017484;.046877;.140089;.113511;.155408;.177493;.184638;.11795;.003674;0;.002939;.011021;.003674;.027186;.026451;.028655;.152094;.116091;.177076;.212344;.163115;.07568;195;259.97744;0;0;0;0;0;0;.035897;.051282;.092308;.220513;.123077;.241026;.169231;.066667;0;.025641;.1128205;.348718;.4410256;.0717949
13;2017;1399;14;0;843.17832;304.81483;1167720.8;489066.8;1550.417;104.5;.005827;.001924;.001978;.007911;.007484;.017106;.022879;.032875;.139573;.126156;.153846;.181697;.170738;.130005;.006737;0;0;.008982;.013473;.010479;.034431;.041916;.174401;.145958;.139222;.181886;.147455;.09506;137;214.68467;0;0;0;0;.007299;0;.065693;.021898;.116788;.189781;.145985;.277372;.094891;.065693;.014599;.0072993;.0656934;.3138686;.5328467;.080292
13;2018;1409;14;0;850.15347;315.22008;1201709.6;502197.85;1581.417;97.5;.005135;.001205;.001886;.006916;.007492;.018024;.0186;.037829;.136959;.127109;.145918;.203133;.167453;.122341;.004792;0;0;.009585;.011981;.005591;.038339;.043131;.179712;.055112;.136581;.234824;.210863;.069489;395;235.42684;0;0;.002532;0;.002532;.002532;.025316;.025316;.144304;.159494;.159494;.250633;.16962;.055696;.002532;.0455696;.0911392;.2759494;.4911392;.0962025
13;2019;1409;14;609;864.16551;327.78648;1212286.4;517946.06;1609;98.25;.004328;.000928;.000361;.004277;.008605;.014943;.01922;.039213;.118565;.132323;.152213;.194002;.182563;.128459;0;0;0;.014354;0;.013557;0;.053429;.153907;.093301;.160287;.255183;.161882;.094099;618;279.70097;0;0;0;0;.006472;.014563;.043689;.027508;.153722;.173139;.165049;.220065;.121359;.072816;.001618;.0339806;.0987055;.2702265;.4967638;.1003236
13;2020;1428;14;609;1043.8554;381.31543;1474891.9;606175.69;0;0;0;0;0;0;0;0;0;0;0;0;0;0;0;0;0;0;0;0;0;0;0;0;0;0;0;0;0;0;813;357.14662;.00123;0;.00123;0;.00246;.01107;.0492;.03075;.151292;.173432;.146371;.215252;.154982;.061501;.00123;.0430504;.098401;.2742927;.4809348;.103321
14;2015;1707;16;0;941.7013;395.72309;1286509.8;624727.35;1632.833;193.6667;.002688;.000609;.004108;.002029;.010093;.029264;.023685;.060455;.144089;.15195;.14135;.137394;.168585;.1237;.005236;.002416;.002014;.001611;.00443;.010068;.002416;.02054;.091422;.247684;.242851;.231977;.074909;.062424;170;334.77647;0;0;0;0;0;.005882;.029412;0;.164706;.235294;.129412;.182353;.164706;.088235;0;.1176471;.1176471;.3176471;.4058824;.0411765
14;2016;1742;16;0;941.45689;401.75829;1304018.1;639335.71;1649.083;191.0833;.003312;.000853;.003562;.001957;.009634;.019368;.028199;.065128;.152835;.164676;.128299;.15153;.153186;.117461;.001239;0;0;0;.003304;.008261;.012392;.027261;.087154;.255679;.1867;.208591;.132177;.077241;154;475.65584;0;0;0;0;0;.006494;.012987;0;.11039;.227273;.155844;.175325;.188312;.123377;0;.0779221;.1168831;.3246753;.4220779;.0584416
14;2017;1742;16;0;1026.9841;413.21182;1459145.5;665455.82;1641.667;176.0833;.001611;.000302;.003575;.001964;.009416;.014854;.025529;.051007;.136959;.18283;.135448;.159214;.158459;.118832;.003583;0;0;0;.008061;.011196;.005374;.018361;.081953;.315719;.136588;.246305;.13614;.036722;148;411.91216;0;0;0;0;0;0;0;0;.054054;.256757;.189189;.236486;.148649;.114865;0;.0743243;.1351351;.2702703;.4662162;.0540541
14;2018;1727;16;0;1068.3083;422.88251;1529124.6;680124.06;1640.25;177.75;.002321;.001867;.004289;.001312;.008377;.015088;.029217;.056265;.124186;.179997;.14316;.173992;.158248;.10168;0;0;0;.000424;.007634;.008482;.007634;.032655;.084818;.343511;.174724;.187023;.101357;.051739;256;263.61875;0;.003906;0;0;0;0;.003906;.011719;.050781;.257813;.191406;.253906;.144531;.078125;.003906;.0273438;.1171875;.296875;.4570313;.1015625
14;2019;1794;19;244;1066.7299;423.25369;1531411.5;709366.54;1632.25;182.5;.001166;.000608;.003295;.00223;.008465;.014953;.025495;.065386;.112727;.172791;.133053;.172082;.17639;.111359;0;.00085;0;.001276;.002126;.005527;.001701;.056122;.071429;.306548;.165391;.201956;.141156;.045918;332;266.08675;0;0;0;0;0;.009036;.006024;.012048;.075301;.295181;.162651;.228916;.150602;.057229;.003012;.0512048;.1325301;.310241;.4006024;.1054217
14;2020;1775;20;244;1394.3246;490.04241;1985031.2;793409.2;0;0;0;0;0;0;0;0;0;0;0;0;0;0;0;0;0;0;0;0;0;0;0;0;0;0;0;0;0;0;390;355.53487;.005128;0;0;0;0;.002564;.005128;.007692;.074359;.258974;.169231;.241026;.158974;.071795;.005128;.0692308;.1051282;.3282051;.4128205;.0846154
15;2015;1930;16;0;1088.8622;448.06409;1472678.1;673278.06;1728.25;64.41667;.001486;.00139;.000335;.002732;.006326;.01845;.023195;.035223;.156036;.11535;.13495;.172042;.197633;.134854;.001068;.001068;0;.002137;.018162;.019231;.034188;.040598;.107906;.175214;.144231;.159188;.251068;.04594;351;330.03818;0;0;0;.002849;0;.002849;.019943;.011396;.17094;.242165;.105413;.225071;.136752;.065527;.017094;.048433;.1595442;.2905983;.4245014;.0769231
15;2016;1450;16;0;1101.47;453.63969;1486623.4;679571.1;1743;89.08333;.001606;.000803;.000614;.00189;.010582;.019558;.022392;.037415;.15788;.120512;.132748;.169265;.184854;.139881;.006173;.002743;.002743;.013717;.015775;.042524;.028807;.089849;.172154;.155693;.104252;.193416;.131687;.040466;334;361.90359;0;0;0;.002994;0;0;.008982;.005988;.140719;.212575;.158683;.248503;.137725;.071856;.011976;.0419162;.1287425;.3023952;.4401198;.0868263
15;2017;1917;16;0;1152.01;449.03311;1566218.7;684001.71;1768;111.25;.001817;.00028;.000652;.003215;.013745;.016261;.024648;.033361;.146585;.133771;.127714;.164943;.19467;.138338;.006966;.003167;0;.010766;.008866;.020266;.025966;.075997;.248892;.145662;.179861;.153262;.100697;.019633;286;373.04545;.003497;0;0;.003497;0;0;.006993;.013986;.104895;.22028;.153846;.255245;.153846;.066434;.017483;.0734266;.1223776;.3216783;.3986014;.0839161
15;2018;1925;16;0;1187.9963;455.55428;1624827.3;700178.43;1788;148.8333;.002637;.001064;.000231;.00273;.01189;.017025;.019431;.040342;.152255;.124774;.128059;.183854;.176868;.138839;.008277;.002069;.002069;.019141;.005691;.031557;.032074;.118986;.195551;.078117;.166063;.174858;.130885;.034661;384;293.54635;0;0;0;0;0;.005208;.007813;.020833;.117188;.216146;.171875;.21875;.182292;.054688;.005208;.0651042;.1171875;.28125;.4427083;.09375
15;2019;2000;18;356;1226.936;481.06179;1672291.7;743086.08;1813.417;212.3333;.002783;.001049;.000684;.00397;.015149;.01451;.024731;.042572;.150575;.130498;.127624;.195747;.167001;.123106;.003316;.002579;0;.006632;.008843;.032424;.01916;.040531;.22255;.140752;.17465;.149963;.134488;.064112;433;212.73857;.002309;.004619;0;0;0;.006928;.016166;.023095;.124711;.235566;.136259;.25866;.145497;.046189;0;.0484988;.113164;.3163972;.4364896;.0854503
15;2020;2000;19;586;1567.0303;603.0449;2161033.5;906890.53;0;0;0;0;0;0;0;0;0;0;0;0;0;0;0;0;0;0;0;0;0;0;0;0;0;0;0;0;0;0;545;265.53028;.001835;.00367;.001835;.001835;.005505;.011009;.033028;.029358;.13211;.207339;.152294;.211009;.141284;.06422;.00367;.0385321;.1045872;.3266055;.4275229;.1027523
16;2015;4645;51;0;2495.0679;769.35691;3526445.8;1197274.3;5089.167;383.5;.00173;.000653;.002514;.00431;.01288;.020096;.017713;.043359;.144802;.105704;.14157;.124755;.201352;.178562;0;.00381;.001693;.008891;.013124;.02011;.010584;.041067;.177815;.103937;.181837;.179297;.177815;.080017;806;313.84119;0;0;.001241;.004963;.004963;.007444;.014888;.026055;.174938;.173697;.16129;.207196;.14268;.080645;0;.0806452;.1141439;.3238213;.4081886;.073201
16;2016;4636;51;0;2512.3689;795.99399;3541259.3;1252545.8;5072.5;381.3333;.00159;.000623;.002524;.002884;.011489;.018241;.01888;.04035;.146142;.10648;.14034;.134702;.200915;.174839;.000639;0;0;.009802;.012146;.010015;.019177;.046239;.161304;.115491;.1873;.193267;.186661;.057959;852;349.25211;0;0;0;.001174;.002347;.007042;.015258;.019953;.133803;.212441;.159624;.241784;.149061;.056338;.001174;.0798122;.1056338;.2852113;.4448357;.084507
16;2017;4711;51;0;2596.9033;854.6184;3694005.2;1350964.4;5087.167;406.25;.001634;.000866;.001847;.003596;.011342;.01886;.019906;.046007;.144099;.111805;.135225;.137774;.200402;.166637;.001208;.000403;.000201;.007452;.010876;.009668;.025176;.033031;.160926;.113998;.187311;.150655;.213897;.085196;756;345.14101;.001323;0;0;0;.003968;.007937;.019841;.01455;.112434;.228836;.189153;.232804;.125661;.062169;.001323;.0582011;.1190476;.2910053;.4325397;.0992064
16;2018;4697;52;0;2623.6384;889.62026;3773859.8;1413803.3;5090.667;446.4167;.001599;.000571;.001762;.003949;.008566;.019939;.022435;.044577;.140536;.116844;.13471;.139442;.203599;.16147;.001791;.000537;.001254;.013434;.007344;.015404;.023464;.036898;.149382;.12556;.194161;.173383;.197743;.059645;1078;351.57069;.000928;0;.000928;0;.003711;.002783;.010204;.014842;.093692;.248609;.170686;.221707;.151206;.079777;.000928;.0565863;.1085343;.3089054;.4276438;.0983302
16;2019;4692;52;892;2578.7637;897.62035;3751207.6;1457015.2;5159.833;524.5833;.001304;.000853;.002238;.003896;.009305;.022843;.022537;.044479;.130009;.115874;.13619;.15055;.203802;.15612;.002012;0;0;.009286;.004334;.008203;.029872;.026931;.134035;.159418;.22009;.169478;.177372;.058969;1146;302.13874;0;0;0;.002618;.002618;.001745;.017452;.015707;.102094;.247818;.181501;.212914;.156195;.058464;.000873;.0575916;.1020942;.3228621;.4232112;.0942408
16;2020;4678;52;877;3130.381;989.37926;4503217.5;1636349.6;0;0;0;0;0;0;0;0;0;0;0;0;0;0;0;0;0;0;0;0;0;0;0;0;0;0;0;0;0;0;1067;344.97563;.000937;0;.000937;.000937;.002812;.001874;.021556;.018744;.107779;.223055;.151828;.239925;.159325;.069353;.000937;.0618557;.1068416;.3205248;.4076851;.1030928
17;2015;24;3;0;30.414235;0;45425.43;0;15.5;0;0;0;0;0;.064516;.064516;0;.048387;0;.112903;.064516;.322581;.193548;.129032;0;0;0;0;0;0;0;0;0;0;0;0;0;0;0;0;0;0;0;0;0;0;0;0;0;0;0;0;0;0;0;0;0;0;0;0
17;2016;24;3;0;32.233982;0;47072.55;0;15.08333;0;0;0;0;0;.082873;.038674;0;.066298;.104972;.077348;.154696;.071823;.20442;.198895;0;0;0;0;0;0;0;0;0;0;0;0;0;0;0;0;0;0;0;0;0;0;0;0;0;0;0;0;0;0;0;0;0;0;0;0
17;2017;24;3;0;29.112004;0;43199.55;0;17.58333;0;0;0;0;0;0;.066351;.056872;.033175;.113744;.14218;.056872;.066351;.180095;.28436;0;0;0;0;0;0;0;0;0;0;0;0;0;0;0;0;0;0;0;0;0;0;0;0;0;0;0;0;0;0;0;0;0;0;0;0
17;2018;8;3;0;31.184422;0;41267.94;0;19.33333;0;0;0;0;0;.103448;0;.155172;0;.258621;.051724;.068966;.051724;.103448;.206897;0;0;0;0;0;0;0;0;0;0;0;0;0;0;0;0;0;0;0;0;0;0;0;0;0;0;0;0;0;0;0;0;0;0;0;0
17;2019;30;3;0;36.191339;0;46517.28;0;17.66667;0;0;0;0;0;0;.018868;0;.028302;.386792;0;.09434;.066038;.113208;.292453;0;0;0;0;0;0;0;0;0;0;0;0;0;0;0;0;0;0;0;0;0;0;0;0;0;0;0;0;0;0;0;0;0;0;0;0
17;2020;28;3;0;29.502196;0;41086.32;0;0;0;0;0;0;0;0;0;0;0;0;0;0;0;0;0;0;0;0;0;0;0;0;0;0;0;0;0;0;0;0;0;0;0;0;0;0;0;0;0;0;0;0;0;0;0;0;0;0;0;0;0
18;2015;0;0;0;0;0;0;0;0;0;0;0;0;0;0;0;0;0;0;0;0;0;0;0;0;0;0;0;0;0;0;0;0;0;0;0;0;0;0;0;0;0;0;0;0;0;0;0;0;0;0;0;0;0;0;0;0;0;0;0
18;2016;0;0;0;0;0;0;0;0;0;0;0;0;0;0;0;0;0;0;0;0;0;0;0;0;0;0;0;0;0;0;0;0;0;0;0;0;0;0;0;0;0;0;0;0;0;0;0;0;0;0;0;0;0;0;0;0;0;0;0
18;2017;0;0;0;0;0;0;0;0;0;0;0;0;0;0;0;0;0;0;0;0;0;0;0;0;0;0;0;0;0;0;0;0;0;0;0;0;0;0;0;0;0;0;0;0;0;0;0;0;0;0;0;0;0;0;0;0;0;0;0
18;2018;0;0;0;0;0;0;0;0;0;0;0;0;0;0;0;0;0;0;0;0;0;0;0;0;0;0;0;0;0;0;0;0;0;0;0;0;0;0;0;0;0;0;0;0;0;0;0;0;0;0;0;0;0;0;0;0;0;0;0
18;2019;0;0;0;0;0;0;0;0;0;0;0;0;0;0;0;0;0;0;0;0;0;0;0;0;0;0;0;0;0;0;0;0;0;0;0;0;0;0;0;0;0;0;0;0;0;0;0;0;0;0;0;0;0;0;0;0;0;0;0
18;2020;0;0;0;0;0;0;0;0;0;0;0;0;0;0;0;0;0;0;0;0;0;0;0;0;0;0;0;0;0;0;0;0;0;0;0;0;0;0;0;0;0;0;0;0;0;0;0;0;0;0;0;0;0;0;0;0;0;0;0
