region_id;annee;nb_places;nb_installations;nb_usagers;tx_occupation;nb_etc_ri_avq;nb_etc_ri_avd;nb_etc_sad_inf;nb_etc_sad_avq;nb_etc_sad_avd;heures_tot_trav_ri_avq;heures_tot_trav_ri_avd;heures_tot_trav_sad_inf;heures_tot_trav_sad_avq;heures_tot_trav_sad_avd;iso_smaf1;iso_smaf2;iso_smaf3;iso_smaf4;iso_smaf5;iso_smaf6;iso_smaf7;iso_smaf8;iso_smaf9;iso_smaf10;iso_smaf11;iso_smaf12;iso_smaf13;iso_smaf14;nb_en_attente;duree_attente;iso_smaf_attente1;iso_smaf_attente2;iso_smaf_attente3;iso_smaf_attente4;iso_smaf_attente5;iso_smaf_attente6;iso_smaf_attente7;iso_smaf_attente8;iso_smaf_attente9;iso_smaf_attente10;iso_smaf_attente11;iso_smaf_attente12;iso_smaf_attente13;iso_smaf_attente14;sans_iso_smaf_attente;age_en_attente0_64;age_en_attente65_74;age_en_attente75_84;age_en_attente85_94;age_en_attente95_plus
1;2015;0;0;736;0;331.2;147.2;11.58431;.992103;.0008783;578275.3;257011.2;16229.59;1428.183;1.264399;.016418;.001585;.022532;.012568;.078125;.060349;.169044;.105865;.176178;.141418;.065331;.087296;.030231;.033062;40;115.815;0;0;0;0;.05;0;.425;.225;.15;.1;0;.05;0;0;0;.1;.1;.3;.45;.05
1;2016;0;0;741.75;0;333.7875;148.35;12.16817;.822803;0;582793;259019.1;17563.4;1247.548;0;.010785;.009662;.01438;.005954;.064712;.050893;.143804;.10819;.184361;.170093;.069655;.101786;.023593;.04213;22;170.36364;0;0;0;0;0;0;.227273;.136364;.272727;.181818;.090909;.090909;0;0;0;0;.0909091;.4090909;.4545455;.0454545
1;2017;0;0;730.9167;0;328.9125;146.1833;18.97433;1.492836;0;574281.3;255236.1;26954.32;2171.799;0;.012769;.003534;.01562;.012085;.057348;.043667;.1546;.076502;.193022;.189146;.070345;.105689;.023829;.041842;0;0;0;0;0;0;0;0;0;0;0;0;0;0;0;0;0;0;0;0;0;0
1;2018;0;0;720.8333;0;324.375;144.1667;16.38424;2.915857;0;566358.8;251715;23823.85;4346.474;0;.019769;.005202;.021503;.011445;.060116;.039422;.184624;.08104;.174913;.166705;.067514;.102543;.025665;.039538;15;64.506667;0;0;0;0;0;0;.066667;.266667;.266667;.4;0;0;0;0;0;.0666667;.1333333;.1333333;.6;.0666667
1;2019;787;150.5833;733.5;1.077093;330.075;146.7;15.65655;23.42873;0;576311;256138.2;23440.61;35816.2;0;.027153;.011702;.020223;.0192;.076574;.033856;.155192;.116564;.162463;.169621;.062827;.090548;.0217;.032379;57;151.89123;0;0;0;0;0;0;.192982;.22807;.280702;.263158;.017544;.017544;0;0;0;.0701754;.1754386;.1929825;.5263158;.0350877
2;2015;0;0;634;0;285.3;126.8;9.212862;.0559524;.0150761;498133.8;221392.8;13017.33;80.13891;21.59303;.009464;.002234;.015904;.016824;.126577;.068349;.233833;.184148;.132361;.09214;.020505;.048107;.023002;.026551;105;290.41143;.019048;0;.019048;.028571;.095238;.066667;.352381;.295238;.057143;.028571;0;.009524;0;0;.028571;.0952381;.1428571;.3333333;.3714286;.0571429
2;2016;0;0;647.25;0;291.2625;129.45;10.64538;.0160528;.0003409;508544.3;226019.7;15202.05;23.54333;.5;.015579;.00206;.022531;.022917;.115875;.063087;.241406;.147161;.124501;.118321;.02781;.058066;.021759;.018926;131;365.34198;.007634;0;.007634;.015267;.099237;.061069;.366412;.259542;.10687;.030534;0;.007634;0;0;.038168;.0992366;.0992366;.3587786;.3816794;.0610687
2;2017;0;0;649;0;292.05;129.8;12.08956;.1245681;0;509919.3;226630.8;16681.21;173.5625;0;.014766;.007704;.026836;.010015;.097201;.045326;.235876;.162173;.13508;.112738;.0434;.064715;.020159;.024011;88;367.48409;.011364;0;0;0;.090909;.022727;.454545;.284091;.102273;.022727;0;0;0;0;.011364;.1363636;.1136364;.2840909;.4090909;.0568182
2;2018;0;0;647.6667;0;291.45;129.5333;10.81696;.0034204;0;508871.7;226165.2;14477.41;4.929167;0;.016598;.007205;.014668;.011323;.142048;.038343;.220021;.165852;.122362;.102934;.035383;.072568;.028049;.022645;35;211.89714;0;0;0;0;.028571;.028571;.257143;.371429;.228571;.057143;.028571;0;0;0;0;.0285714;.0285714;.3714286;.5142857;.0571429
2;2019;709;65.25;639.75;.9520089;287.8875;127.95;9.828087;.0011157;.0002263;502651.6;223400.7;13069.72;1.643333;.3333333;.011463;.005992;.016152;.005341;.112544;.031132;.240589;.162303;.155529;.104598;.044028;.073336;.02019;.016803;68;171.07941;0;0;0;0;0;.014706;.485294;.294118;.161765;.044118;0;0;0;0;0;.0147059;.1176471;.4411765;.3676471;.0588235
3;2015;0;0;1593.417;0;717.0375;318.6833;7.760426;.0431748;.004229;1251947;556421.1;10850.14;58.6479;5.744632;.032582;.018514;.078918;.025626;.176769;.101773;.157837;.104231;.077088;.092516;.025469;.052612;.022593;.033471;300;507.84533;0;0;.003333;.01;.063333;.136667;.27;.373333;.123333;.013333;0;0;.006667;0;0;.09;.1366667;.3;.3966667;.0766667
3;2016;0;0;1716.083;0;772.2375;343.2167;39.76868;.0860247;.0261055;1348327;599256.3;54893.52;119.4556;36.25056;.030739;.017967;.070364;.020298;.17943;.086;.166124;.126791;.08668;.075657;.020929;.053708;.028019;.037294;287;314.36655;0;0;0;0;.038328;.108014;.320558;.358885;.163763;.010453;0;0;0;0;0;.0557491;.1428571;.3275261;.4320557;.0418118
3;2017;0;0;1747.333;0;786.3;349.4667;42.42022;.5773808;.0599268;1372880;610168.8;59488.3;817.419;84.84058;.026135;.011684;.074018;.017312;.168256;.088277;.147272;.134395;.094239;.090233;.023369;.053224;.025658;.045927;216;281.38981;0;0;0;.00463;.027778;.092593;.310185;.365741;.199074;0;0;0;0;0;0;.0509259;.1064815;.3611111;.4305556;.0509259
3;2018;0;0;1728.917;0;778.0125;345.7833;38.13406;.0728563;0;1358410;603737.7;55405.17;103.6759;0;.035571;.011134;.080976;.016147;.151106;.084301;.139201;.152552;.097894;.090134;.024775;.052008;.024148;.040054;245;267.60408;0;0;0;0;.012245;.093878;.306122;.379592;.195918;.012245;0;0;0;0;0;.0897959;.1102041;.3346939;.3959184;.0693878
3;2019;1898;125.5833;1696.417;.933636;763.3875;339.2833;47.2207;.243124;.0050732;1332875;592388.7;70135.49;355.6298;7.420807;.03812;.012723;.075208;.024169;.165594;.079039;.143489;.146387;.098246;.086751;.025888;.047256;.01793;.0392;210;205.76381;0;0;0;0;.042857;.066667;.347619;.37619;.161905;.004762;0;0;0;0;0;.0714286;.1428571;.4;.3142857;.0714286
4;2015;0;0;1632.583;0;734.6625;326.5167;12.80619;.5347908;.0045745;1282721;570098.1;19176.74;781.414;6.684071;.016691;.004237;.045531;.008626;.095248;.081568;.171252;.144301;.150273;.098157;.0391;.090143;.026645;.028227;103;163.61165;0;0;.009709;0;.048544;.058252;.242718;.262136;.281553;.067961;0;.009709;.019417;0;0;.0873786;.1747573;.3009709;.3786408;.0582524
4;2016;0;0;1635.917;0;736.1625;327.1833;18.97021;.2038689;.0046055;1285340;571262.1;28207.65;301.2182;6.804686;.01574;.008303;.041516;.01029;.100453;.080077;.135296;.146045;.172126;.116958;.041771;.075798;.025164;.030462;116;164.72069;0;0;0;0;.086207;.043103;.336207;.198276;.241379;.068966;0;.025862;0;0;0;.1465517;.1465517;.3275862;.362069;.0172414
4;2017;0;0;1618.917;0;728.5125;323.7833;21.9441;.7162727;.023361;1271983;565325.7;32903.05;1052.236;34.3184;.014619;.006743;.037216;.011427;.116848;.06841;.148402;.134452;.17347;.121377;.031657;.075668;.028054;.031657;135;166.09037;0;0;.007407;.022222;.02963;.044444;.296296;.288889;.2;.103704;.007407;0;0;0;0;.0888889;.1407407;.3333333;.3777778;.0592593
4;2018;0;0;1675.083;0;753.7875;335.0167;29.36783;.8151218;0;1316113;584939.1;45007.61;1231.196;0;.016268;.00398;.036317;.009751;.105268;.068554;.155664;.136262;.147555;.128551;.03955;.083827;.032138;.036317;143;156.3007;0;0;.013986;.048951;.06993;.076923;.307692;.181818;.202797;.06993;.013986;.006993;.006993;0;0;.1188811;.1818182;.3076923;.3496504;.041958
4;2019;1862;174.75;1579;.9069501;710.55;315.8;32.50145;1.000672;0;1240620;551386.8;49800.42;1509.336;0;.020055;.004697;.035202;.012983;.090669;.072989;.163764;.141598;.141598;.124024;.041271;.086078;.033302;.031771;186;161.88925;.005376;0;.005376;.026882;.05914;.096774;.295699;.241935;.16129;.080645;.005376;.021505;0;0;0;.0913979;.1397849;.2903226;.3817204;.0967742
5;2015;0;0;314.8333;0;141.675;62.96667;2.093663;0;0;247364.6;109939.8;3030.947;0;0;.02594;.008999;.023028;.020911;.176019;.045527;.185283;.096347;.144521;.095818;.031498;.083907;.021175;.041027;135;196.67852;0;0;.014815;.051852;.125926;.140741;.222222;.214815;.222222;.007407;0;0;0;0;0;.0962963;.1185185;.3037037;.4074074;.0740741
5;2016;0;0;330.25;0;148.6125;66.05;2.498179;.005034;0;259477.4;115323.3;3622.705;7;0;.038607;.009084;.032046;.012112;.138531;.055766;.206157;.093616;.107494;.112541;.035074;.084532;.016402;.058037;148;269.52568;0;0;.006757;.006757;.101351;.162162;.236486;.243243;.216216;.027027;0;0;0;0;0;.0743243;.1756757;.25;.4256757;.0743243
5;2017;0;0;324.6667;0;146.1;64.93333;2.492902;1.191876;0;255090.6;113373.6;3514.131;1586.229;0;.018737;.014887;.032341;.017967;.175051;.025411;.223306;.101386;.094456;.083162;.035678;.096253;.032341;.049025;133;250.79098;0;0;0;.030075;.06015;.142857;.218045;.203008;.315789;.030075;0;0;0;0;0;.0676692;.1729323;.2781955;.406015;.075188
5;2018;0;0;323.5833;0;145.6125;64.71667;2.673565;.0000346;0;254239.4;112995.3;3945.528;.0498346;0;.03554;.008241;.050992;.012619;.134947;.027041;.221993;.083956;.124388;.130569;.027556;.061035;.022405;.058717;157;277.32357;0;0;0;.019108;.050955;.11465;.267516;.312102;.210191;.019108;0;0;.006369;0;0;.0700637;.1974522;.2484076;.4203822;.0636943
5;2019;581;46.5;403.75;.7158688;181.6875;80.75;3.487208;.0177535;.0015087;317226.4;140989.5;5274.808;26.27402;2.232829;.038184;.001445;.02291;.007224;.110217;.022704;.231166;.149226;.108772;.129825;.023529;.108978;.02064;.025181;143;333.28112;0;0;0;.006993;.055944;.083916;.335664;.258741;.230769;.020979;.006993;0;0;0;0;.0559441;.1818182;.3356643;.3776224;.048951
6;2015;0;0;4279.583;0;1925.813;855.9167;10.71729;.511072;.4346474;3362469;1494431;15542.67;730.5342;621.2917;.032051;.008782;.051777;.031662;.138331;.13025;.145497;.180878;.084997;.066848;.025314;.052926;.020816;.029871;593;329.93019;0;.003373;.001686;.025295;.033727;.104553;.337268;.322091;.104553;.026981;0;.003373;0;0;.037099;.0455312;.079258;.3338954;.4738617;.0674536
6;2016;0;0;4476.75;0;2014.537;895.35;5.981389;.7873742;.1878111;3517383;1563281;8644.327;1143.375;272.7273;.031645;.010368;.053666;.025279;.12712;.124253;.147447;.178924;.100203;.070903;.021035;.051488;.023287;.034381;715;304.08923;0;.004196;0;.00979;.016783;.088112;.344056;.338462;.160839;.025175;.002797;0;0;0;.00979;.0545455;.0937063;.3482518;.420979;.0825175
6;2017;0;0;4610.333;0;2074.65;922.0667;8.540609;1.175114;.1803852;3622339;1609928;12035.35;1710.118;262.5107;.03118;.009399;.048966;.023932;.120074;.11655;.150387;.183501;.108235;.067891;.02742;.056485;.024058;.031921;585;305.70017;0;.001709;0;.005128;.02735;.082051;.323077;.367521;.153846;.035897;0;0;.003419;0;0;.0324786;.0820513;.3076923;.5059829;.0717949
6;2018;0;0;4775;0;2148.75;955;8.518886;2.001196;.308611;3751718;1667430;12262.52;2941.687;453.6473;.032914;.009756;.05007;.024939;.130785;.108517;.138325;.199878;.11377;.068517;.022792;.050175;.022321;.027243;883;376.75832;0;.001133;.002265;.002265;.023783;.073613;.320498;.354473;.175538;.019253;.003398;.011325;.00906;.001133;.002265;.0430351;.0996602;.2876557;.4835787;.0860702
6;2019;5841;226.75;4706.167;.826949;2117.775;941.2333;11.61477;7.996504;.6520551;3697635;1643393;17103.36;12047.71;982.4003;.043135;.009367;.049014;.02502;.130821;.109413;.136558;.200552;.099904;.068917;.025144;.047473;.022984;.031696;982;357.00835;0;0;.001018;.005092;.025458;.070265;.305499;.362525;.203666;.007128;.004073;.008147;.007128;0;0;.0346232;.107943;.2790224;.4857434;.092668
7;2015;0;0;570;0;256.5;114;15.42355;.0028693;0;447849;199044;22204.04;4.166667;0;.008626;.005848;.025;.021199;.090497;.097661;.160234;.208772;.164912;.097807;.023977;.056433;.012865;.02617;114;305.95263;0;0;0;.04386;.026316;.070175;.298246;.412281;.149123;0;0;0;0;0;0;.0614035;.0877193;.4210526;.3421053;.0877193
7;2016;0;0;598.0833;0;269.1375;119.6167;13.17829;.009122;0;469914.1;208850.7;19385.86;12.925;0;.014351;.005852;.027309;.015466;.093632;.089313;.18615;.187962;.172913;.094329;.027031;.045005;.015884;.024801;135;321.25926;.007407;0;0;.02963;.051852;.074074;.303704;.333333;.177778;.022222;0;0;0;0;0;.0518519;.1259259;.3037037;.4222222;.0962963
7;2017;0;0;614.0833;0;276.3375;122.8167;10.4474;.0036484;0;482485.3;214437.9;15548.07;4.83;0;.009906;.003528;.025377;.014385;.099878;.08685;.184286;.170987;.159587;.097164;.027955;.056724;.029312;.034062;172;213.75814;0;0;0;.005814;.02907;.046512;.366279;.377907;.168605;.005814;0;0;0;0;0;.0348837;.1511628;.377907;.3488372;.0872093
7;2018;0;0;656.5833;0;295.4625;131.3167;13.46188;.0012554;0;515877.5;229278.9;19989.76;1.724259;0;.009519;.003935;.027288;.011677;.09354;.077421;.182637;.185557;.183018;.102678;.021196;.056987;.020561;.023988;160;232.85125;0;0;0;0;.0375;.075;.275;.35;.2625;0;0;0;0;0;0;.0125;.1625;.4;.36875;.05625
7;2019;760;97;652.25;.9357963;293.5125;130.45;17.23858;.01007;0;512472.8;227765.7;24643.21;13.58004;0;.007538;.002683;.019931;.010732;.091095;.088156;.170947;.219752;.175163;.090456;.023636;.055577;.024658;.019675;179;244.31955;0;0;0;0;.027933;.055866;.290503;.407821;.21229;0;0;.005587;0;0;0;.027933;.0949721;.3575419;.4469274;.0726257
8;2015;0;0;254;0;114.3;50.8;6.644031;.1743958;0;199567.8;88696.8;9718.786;265.53;0;.009514;.015092;.04101;.026903;.104331;.117454;.2021;.201115;.094816;.099738;.010827;.055774;.011483;.009843;62;403.12903;0;.016129;.016129;.064516;.129032;.064516;.258065;.322581;.080645;.032258;0;.016129;0;0;0;.0967742;.1129032;.2741936;.483871;.0322581
8;2016;0;0;269.6667;0;121.35;53.93333;5.800481;1.380732;0;211877.1;94167.6;8736.43;2061.68;0;.00309;.016996;.042645;.037701;.089308;.123918;.202719;.18047;.103832;.092707;.023177;.061805;.00618;.015451;93;366.50323;.010753;.010753;.010753;.075269;.086022;.075269;.268817;.215054;.182796;.053763;0;.010753;0;0;0;.1182796;.1182796;.2795699;.4193548;.0645161
8;2017;0;0;296.0833;0;133.2375;59.21667;8.506984;2.020208;0;232632.7;103392.3;12720.22;3008.865;0;.012665;.004503;.045032;.035463;.135097;.123276;.179848;.173375;.125246;.075148;.022798;.046158;.006755;.014636;82;238.55366;.012195;0;.02439;.02439;.060976;.146341;.292683;.207317;.134146;.085366;0;.012195;0;0;0;.0853659;.1585366;.2804878;.3780488;.097561
8;2018;0;0;345.6667;0;155.55;69.13333;10.38293;.25301;.0001679;271590.3;120706.8;14845.51;368.7393;.2447668;.016152;.003616;.030376;.026278;.114995;.108968;.215043;.171408;.126808;.101254;.017117;.036162;.008197;.023626;89;230.28989;0;0;0;.033708;.089888;.078652;.359551;.235955;.146067;.044944;0;.011236;0;0;0;.0449438;.1235955;.3370787;.4494382;.0449438
8;2019;392;61.41667;368.6667;1.065511;165.9;73.73333;12.4604;.2378519;2.43e-20;289661.4;128738.4;16709.92;351.9126;3.60e-17;.018083;.002939;.031872;.023508;.089964;.139241;.199367;.205922;.121609;.068038;.012884;.048825;.011302;.026447;109;379.46606;0;0;.009174;.055046;.06422;.100917;.348624;.247706;.146789;.027523;0;0;0;0;0;.0458716;.0917431;.3027523;.4862385;.0733945
9;2015;0;0;281.5833;0;126.7125;56.31667;1.662979;.0719947;.035127;221240;98328.9;2328.545;109.9734;53.65725;.020716;.015685;.03285;.01095;.119858;.109796;.162178;.120154;.142942;.110388;.028115;.07665;.026635;.023084;93;473.44086;0;.032258;.021505;.053763;.107527;.182796;.236559;.139785;.193548;.010753;.010753;.010753;0;0;0;.0537634;.1505376;.311828;.3763441;.1075269
9;2016;0;0;312.3333;0;140.55;62.46667;2.864023;.3720696;.0112732;245400.3;109066.8;4102.422;507.7781;15.38497;.010672;.006403;.05016;.007471;.084045;.086179;.167823;.166222;.147012;.134472;.032017;.053362;.027215;.026948;107;672.54766;0;.009346;.028037;.065421;.093458;.186916;.233645;.168224;.140187;.046729;.009346;.018692;0;0;0;.0841122;.1214953;.2803738;.4112149;.1028037
9;2017;0;0;334.8333;0;150.675;66.96667;3.832394;.1323677;.0006874;263078.6;116923.8;5593.67;192.5547;1;.029617;.00896;.031857;.017919;.099552;.081882;.161025;.118716;.152563;.119711;.033101;.079642;.025884;.039572;33;183.60606;0;0;0;.060606;.090909;.090909;.30303;.151515;.151515;.060606;0;0;.030303;0;.060606;.0909091;.2424242;.3333333;.3333333;0
9;2018;0;0;315.9167;0;142.1625;63.18333;3.49676;.3712989;0;248215.7;110318.1;5178.721;565.5189;0;.040359;.008969;.031654;.015036;.128198;.073595;.156423;.100765;.132683;.09971;.024796;.092324;.036402;.059087;46;278.32174;0;0;0;.065217;.086957;.086957;.282609;.173913;.195652;.065217;0;.043478;0;0;0;.1304348;.173913;.0869565;.5;.1086956
9;2019;343;45.25;321.4167;1.036828;144.6375;64.28333;3.732961;.356762;0;252537.1;112238.7;5603.669;549.7078;0;.034742;.003111;.030594;.019964;.129116;.068447;.143894;.107078;.140264;.114856;.012186;.116152;.028779;.050817;77;264.50649;.012987;0;.012987;.051948;.051948;.038961;.363636;.207792;.194805;.025974;.012987;.025974;0;0;0;.0909091;.1298701;.4025974;.2857143;.0909091
10;2015;0;0;23.5;0;10.575;4.7;.5489062;.0125105;.0117071;18463.95;8206.199;836.1104;18.16667;17;.042553;0;0;0;.074468;.166667;.269504;.283688;.007092;.102837;0;.039007;0;.014184;0;0;0;0;0;0;0;0;0;0;0;0;0;0;0;0;0;0;0;0;0;0
10;2016;0;0;21.91667;0;9.8625;4.383333;.7165119;0;0;17219.93;7653.3;1076.484;0;0;.011407;.045627;.019011;.117871;.098859;.04943;.18251;.144487;.064639;.045627;.045627;.152091;.022814;0;0;0;0;0;0;0;0;0;0;0;0;0;0;0;0;0;0;0;0;0;0;0
10;2017;0;0;23.16667;0;10.425;4.633333;.8412437;9.85e-18;.0006983;18202.05;8089.8;1205.214;1.54e-14;1.090909;0;0;.032374;0;.154676;.068345;.205036;.071942;.097122;.115108;.017986;.205036;.032374;0;0;0;0;0;0;0;0;0;0;0;0;0;0;0;0;0;0;0;0;0;0;0
10;2018;0;0;22.5;0;10.125;4.5;.7070246;0;0;17678.25;7857;1076.189;0;0;.003704;0;0;0;.151852;.044444;.307407;.133333;.122222;0;.044444;.192593;0;0;0;0;0;0;0;0;0;0;0;0;0;0;0;0;0;0;0;0;0;0;0;0
10;2019;25;8.333333;22.25;1.171053;10.0125;4.45;1.312602;0;0;17481.82;7769.7;1508.18;0;0;0;0;0;0;.183521;.071161;.370787;.131086;.022472;.041199;.044944;.134831;0;0;0;0;0;0;0;0;0;0;0;0;0;0;0;0;0;0;0;0;0;0;0;0
11;2015;0;0;258.8333;0;116.475;51.76667;2.759815;.0470026;.0213099;203365.3;90384.6;4128.349;70.03;31.75;.01159;.003863;.019317;.00322;.098197;.063426;.20895;.146169;.165164;.088216;.045396;.087572;.024791;.034127;13;147.16923;0;0;0;0;0;0;.307692;.153846;.461538;0;0;0;0;0;.076923;0;.0769231;.3846154;.3846154;.1538462
11;2016;0;0;266.1667;0;119.775;53.23333;3.518963;.0611688;.0013382;209127.2;92945.4;5195.896;91.42;2;.004696;0;.01315;.004383;.072323;.067314;.153726;.159048;.180964;.118973;.054477;.114277;.029117;.027552;31;177.94194;0;0;0;0;0;0;.258065;.419355;.290323;0;0;.032258;0;0;0;.0645161;.0322581;.4193548;.4193548;.0645161
11;2017;0;0;272.5833;0;122.6625;54.51667;3.348796;.0893804;.0006731;214168.7;95186.1;5272.005;132.7827;1;.00428;0;.02782;.006114;.068786;.039743;.163864;.17273;.159584;.117701;.054112;.126261;.023846;.035157;18;224.54444;0;0;0;0;0;0;.5;.277778;.222222;0;0;0;0;0;0;0;.1111111;.5555556;.2777778;.0555556
11;2018;0;0;276.5833;0;124.4625;55.31667;5.034518;.0466728;.0197209;217311.5;96582.9;7605.86;71.087;30.03676;.006629;0;.018078;.007231;.05122;.022898;.20699;.163603;.156975;.144923;.057547;.106659;.027117;.03013;34;200.67059;0;0;0;0;0;0;.235294;.382353;.352941;0;0;.029412;0;0;0;0;.1470588;.3529412;.4411765;.0588235
11;2019;317;45.58333;266.5833;.9098407;119.9625;53.31667;5.77732;3.049161;0;209454.5;93090.9;8904.511;4535.813;0;.005627;.00125;.014067;.008128;.059706;.038762;.194436;.150359;.152548;.138168;.042201;.126602;.033761;.034386;42;216.30952;.02381;0;0;0;0;0;.309524;.214286;.404762;.047619;0;0;0;0;0;.0714286;.0238095;.2857143;.5238096;.0952381
12;2015;0;0;842.3333;0;379.05;168.4667;5.86173;.2600068;0;661821.3;294142.8;8548.371;376.6874;0;.013751;.005046;.032351;.011575;.102196;.063316;.16947;.094084;.111793;.137614;.042442;.10833;.044618;.063415;173;253.84624;0;0;.023121;.034682;.057803;.069364;.265896;.190751;.208092;.086705;.011561;.040462;.00578;.00578;0;.1618497;.1445087;.2196532;.4450867;.0289017
12;2016;0;0;860.9167;0;387.4125;172.1833;6.338015;2.297123;.039848;676422.3;300632.1;9379.083;3365.157;58.3751;.007937;.009099;.035815;.007356;.112283;.062143;.172491;.095634;.12477;.135514;.053335;.091666;.0302;.061756;208;293.96731;0;0;.014423;.019231;.024038;.067308;.25;.240385;.206731;.105769;.038462;.028846;0;0;.004808;.1057692;.1105769;.3173077;.4278846;.0384615
12;2017;0;0;824.5;0;371.025;164.9;8.123035;3.459885;.0864537;647809.6;287915.4;12136.27;5084.82;127.0567;.017789;.001819;.035678;.011017;.101779;.049424;.161411;.114312;.115727;.135638;.058217;.103699;.034667;.058824;184;387.66087;0;.005435;.005435;.027174;.032609;.054348;.277174;.255435;.179348;.070652;.048913;.032609;.005435;0;.005435;.1032609;.1304348;.3097826;.3913043;.0652174
12;2018;0;0;801.6667;0;360.75;160.3333;8.115755;.6381116;.0805717;629869.5;279942;12338.31;951.8565;120.187;.018607;.00447;.033368;.006653;.099168;.047089;.185447;.125468;.109044;.129418;.058212;.095738;.032432;.054886;135;332.77481;0;0;.007407;.044444;.066667;.02963;.311111;.148148;.177778;.133333;.037037;.037037;.007407;0;0;.1777778;.1407407;.2740741;.3407407;.0666667
12;2019;815;153.4167;761.9167;1.091571;342.8625;152.3833;7.853938;.010416;.0152274;598637.9;266061.3;11735.58;15.07995;22.04581;.015312;.006234;.033796;.011703;.112873;.045609;.157607;.134092;.095702;.162201;.052062;.097342;.029093;.046374;163;274.60859;0;0;.006135;.030675;.030675;.03681;.306748;.233129;.153374;.147239;.018405;.030675;0;0;.006135;.1104295;.1104295;.3312883;.4171779;.0306748
13;2015;0;0;883.0833;0;397.3875;176.6167;9.94557;.9196019;.0190732;693838.6;308372.7;14338.38;1270.941;26.36025;.041899;.007644;.029159;.018496;.133151;.071058;.195055;.151175;.093611;.098613;.029159;.067472;.029442;.034066;95;341.22947;0;0;0;0;.010526;.073684;.263158;.368421;.147368;.084211;0;.042105;.010526;0;0;0;.0526316;.2947368;.6;.0526316
13;2016;0;0;887.25;0;399.2625;177.45;9.103509;.7283563;0;697112.4;309827.7;12797.93;1014.838;0;.039166;.010425;.027332;.008829;.132807;.075796;.200056;.145299;.108012;.106978;.025547;.063586;.026111;.030055;139;245.0446;0;0;0;.007194;.035971;.064748;.323741;.381295;.107914;.079137;0;0;0;0;0;.0143885;.0791367;.3669065;.4892086;.0503597
13;2017;0;0;916.4167;0;412.3875;183.2833;9.476524;1.094804;0;720028.6;320012.7;13402.49;1560.26;0;.045649;.005365;.034555;.011094;.123124;.070474;.191143;.157497;.109303;.099209;.025189;.072111;.026553;.028735;76;379.42632;0;0;0;.039474;.065789;.118421;.355263;.276316;.078947;.052632;.013158;0;0;0;0;.0131579;.0263158;.3157895;.6052632;.0394737
13;2018;0;0;965.4167;0;434.4375;193.0833;9.732284;3.561049;.0072795;758527.9;337123.5;14199.03;5085.288;10.39528;.040311;.007251;.024601;.009754;.140095;.073112;.188433;.172205;.084678;.10505;.020285;.067415;.026327;.040483;154;350.14026;0;0;.006494;.019481;.032468;.084416;.383117;.318182;.097403;.045455;.006494;0;.006494;0;0;.0064935;.1038961;.3376623;.5064935;.0454545
13;2019;1017;39.75;966.5;.9684369;434.925;193.3;9.457592;.0157189;.0045728;759379;337501.8;13522.78;22.66528;6.593536;.020866;.008191;.043197;.013192;.139334;.07872;.169771;.169684;.098896;.100879;.023021;.073202;.028195;.03285;227;445.22026;0;0;0;.008811;.030837;.079295;.339207;.370044;.0837;.066079;.004405;.008811;.008811;0;0;.030837;.0704846;.3348018;.4757709;.0881057
14;2015;0;0;1078;0;485.1;215.6;13.46773;.0196581;.1099805;846984.6;376437.6;19610;29.20442;163.3893;.0235;.006184;.025356;.016929;.104901;.090909;.187539;.203541;.106756;.083411;.018785;.051716;.019094;.061379;224;303.90089;.004464;0;0;.013393;.0625;.142857;.316964;.321429;.129464;0;0;0;0;0;.008929;.0758929;.1607143;.3080357;.3973214;.0580357
14;2016;0;0;1061.417;0;477.6375;212.2833;13.47863;.0292096;.0025356;833955.1;370646.7;19586.59;43.3702;3.764796;.023239;.002905;.024024;.013033;.116432;.089739;.200283;.203266;.10128;.081416;.025909;.050404;.018686;.049384;207;350.50048;0;.004831;0;.014493;.057971;.140097;.309179;.347826;.120773;0;0;0;0;0;.004831;.0676328;.1062802;.3623188;.3913043;.0724638
14;2017;0;0;1033.667;0;465.15;206.7333;16.97385;.0493132;0;812151.9;360956.4;24521.2;71.89307;0;.025959;.005401;.034989;.011932;.104886;.095534;.197598;.196388;.112625;.07683;.026604;.051193;.016043;.044018;200;428.265;0;0;0;0;.035;.15;.32;.28;.205;.005;0;0;0;0;.005;.08;.14;.33;.375;.075
14;2018;0;0;1021.083;0;459.4875;204.2167;21.33175;.0015811;.0054216;802265.1;356562.3;31361.38;2.303745;7.899277;.018526;.003999;.020566;.017873;.096629;.092875;.211458;.222639;.112544;.079572;.013793;.059659;.015833;.034032;237;352.65485;0;0;0;0;.033755;.135021;.341772;.274262;.21097;0;.004219;0;0;0;0;.0886076;.1308017;.3206751;.3924051;.0675105
14;2019;1256;91.08334;1024.25;.8528309;460.9125;204.85;23.62207;.0168363;0;804753.3;357668.1;35507.87;25.02268;0;.01554;.005695;.016842;.015133;.110487;.099585;.216907;.227484;.115776;.071028;.017492;.043853;.012529;.031649;389;261.69512;0;.002571;0;.005141;.025707;.089974;.321337;.305913;.244216;.002571;0;0;0;0;.002571;.0616967;.1285347;.3650386;.3856041;.059126
15;2015;0;0;1256.083;0;565.2375;251.2167;11.96005;2.492985;.0180952;986904.6;438624.3;17141.02;3536.371;25.66855;.016918;.003251;.03012;.022557;.110993;.097525;.164732;.169641;.126717;.087972;.034366;.063159;.022092;.049957;285;285.83018;0;.003509;0;.017544;.031579;.059649;.4;.294737;.168421;.014035;0;.007018;.003509;0;0;.0807018;.122807;.3192982;.4421053;.0350877
15;2016;0;0;1272.333;0;572.55;254.4667;11.51119;2.097029;.0068587;999672.3;444298.8;16618.71;2960.307;9.682213;.021417;.008908;.033796;.015654;.097393;.099817;.184307;.14311;.12595;.101585;.032617;.064187;.019321;.051939;375;314.7232;.002667;0;0;.018667;.032;.109333;.309333;.312;.202667;.013333;0;0;0;0;0;.0986667;.1066667;.3413333;.4;.0533333
15;2017;0;0;1274.167;0;573.375;254.8333;27.8131;1.773312;.0299199;1001113;444939;39573.21;2427.027;40.94963;.020667;.006213;.020405;.018443;.082472;.076782;.192152;.171027;.142577;.092283;.033682;.066841;.028385;.048071;305;389.76;0;0;0;.006557;.032787;.081967;.272131;.337705;.24918;.013115;.003279;.003279;0;0;0;.0655738;.0983607;.3442623;.4262295;.0655738
15;2018;0;0;1338.667;0;602.4;267.7333;36.20049;2.377712;.1091829;1051791;467462.4;53417.1;3233.694;148.489;.025896;.008591;.024963;.012077;.098792;.064803;.180154;.171377;.140687;.086778;.027639;.076071;.032931;.049241;401;312.37357;0;0;0;.004988;.01995;.074813;.309227;.304239;.27182;.007481;0;.004988;0;0;.002494;.0548628;.1047382;.3715711;.394015;.074813
15;2019;1697;99.66666;1376.25;.8351032;619.3125;275.25;44.15433;2.150826;.3366572;1081320;480586.5;64150.42;2907.839;455.1484;.014351;.002967;.022464;.010354;.118983;.071874;.20442;.16918;.131456;.08132;.024947;.07908;.027006;.041599;351;254.47578;0;.002849;0;.002849;.022792;.054131;.301994;.350427;.25641;.008547;0;0;0;0;0;.048433;.1310541;.3447293;.4216524;.0541311
16;2015;0;0;2422;0;1089.9;484.4;41.41618;.14406;.0068596;1902966;845762.4;61084.63;204.2347;9.724825;.017823;.008602;.030312;.015483;.08901;.101053;.132053;.1795;.118256;.129955;.031379;.088942;.019922;.03771;1050;338.21943;.001905;.001905;.004762;.062857;.06381;.118095;.227619;.267619;.158095;.069524;.002857;.017143;0;0;.00381;.0657143;.1133333;.3095238;.4533333;.0580952
16;2016;0;0;2474.333;0;1113.45;494.8667;43.54514;4.868394;.0301631;1944084;864037.2;64954.59;7003.004;43.38851;.016772;.007443;.029537;.018557;.094032;.092853;.132527;.174963;.123367;.129564;.03314;.090024;.022262;.034959;1047;363.84069;.002865;.000955;.004776;.054441;.065903;.118434;.26361;.262655;.174785;.036294;.002865;.009551;0;0;.002865;.0659026;.1442216;.3094556;.4164279;.0639924
16;2017;0;0;2513.25;0;1130.963;502.65;41.58653;4.165417;.0022646;1974661;877626.9;61113.44;5838.532;3.174224;.01764;.005537;.027289;.018303;.095195;.095262;.135051;.188667;.135018;.123678;.025531;.083458;.019298;.030074;938;403.52324;.001066;.001066;.010661;.0629;.065032;.136461;.246269;.249467;.19936;.02452;.001066;.001066;0;0;.001066;.0586354;.1439232;.336887;.4072495;.0533049
16;2018;0;0;2537.333;0;1141.8;507.4667;47.9878;.7146303;0;1993583;886036.8;70629.45;993.2227;0;.016126;.005485;.028048;.019739;.093438;.095606;.141684;.195908;.125887;.119548;.031069;.081319;.01652;.029624;1050;383.10781;0;0;.005714;.049524;.062857;.139048;.252381;.246667;.211429;.027619;.000952;0;0;0;.00381;.0733333;.1304762;.3295238;.4047619;.0619048
16;2019;3162;207.1667;2512.083;.8241743;1130.438;502.4167;54.82127;2.134734;.1445301;1973744;877219.5;82453.88;3077.486;208.3583;.015624;.007862;.03251;.019008;.098292;.090761;.140919;.207464;.133223;.112855;.025112;.072085;.016487;.027799;979;378.57855;.003064;0;.00715;.048008;.074566;.122574;.261491;.261491;.192033;.027579;.001021;0;0;0;.001021;.0653728;.1358529;.3483146;.392237;.0582227
17;2016;0;0;0;0;0;0;0;0;0;0;0;0;0;0;0;0;0;0;0;0;0;0;0;0;.9;0;0;.1;0;0;0;0;0;0;0;0;0;0;0;0;0;0;0;0;0;0;0;0;0;0
17;2017;0;0;0;0;0;0;0;0;0;0;0;0;0;0;0;0;0;0;0;0;1;0;0;0;0;0;0;0;0;0;0;0;0;0;0;0;0;0;0;0;0;0;0;0;0;0;0;0;0;0
17;2018;0;0;0;0;0;0;0;0;0;0;0;0;0;0;0;0;0;.190476;0;0;0;0;0;0;0;0;.238095;.571429;0;0;0;0;0;0;0;0;0;0;0;0;0;0;0;0;0;0;0;0;0;0
17;2019;0;0;0;0;0;0;0;0;0;0;0;0;0;0;0;0;0;0;0;.307692;0;0;0;0;0;0;0;.692308;0;0;0;0;0;0;0;0;0;0;0;0;0;0;0;0;0;0;0;0;0;0
18;2016;0;0;0;0;0;0;0;0;0;0;0;0;0;0;0;0;0;0;0;0;0;0;0;0;.9;0;0;.1;0;0;0;0;0;0;0;0;0;0;0;0;0;0;0;0;0;0;0;0;0;0
18;2017;0;0;0;0;0;0;0;0;0;0;0;0;0;0;0;0;0;0;0;0;1;0;0;0;0;0;0;0;0;0;0;0;0;0;0;0;0;0;0;0;0;0;0;0;0;0;0;0;0;0
18;2018;0;0;0;0;0;0;0;0;0;0;0;0;0;0;0;0;0;.190476;0;0;0;0;0;0;0;0;.238095;.571429;0;0;0;0;0;0;0;0;0;0;0;0;0;0;0;0;0;0;0;0;0;0
18;2019;0;0;0;0;0;0;0;0;0;0;0;0;0;0;0;0;0;0;0;.307692;0;0;0;0;0;0;0;.692308;0;0;0;0;0;0;0;0;0;0;0;0;0;0;0;0;0;0;0;0;0;0
